date,Open,High,Low,Close,Volume,volumenotional,tradesdone
2025-03-18 00:00:00+00:00,634.3,643.4,625.5,630.8,219.692861,138582.2567188,496.0
2025-03-19 00:00:00+00:00,627.0,627.0,606.8,619.4,19.89944,12325.713135999998,57.0
2025-03-20 00:00:00+00:00,620.6,636.9,619.6,631.5,16.336937,10316.7757155,54.0
2025-03-21 00:00:00+00:00,630.8,638.2,626.3,634.9,27.595381,17520.3073969,79.0
2025-03-22 00:00:00+00:00,632.9,634.9,623.1,625.7,11.110594,6951.898665800001,53.0
2025-03-23 00:00:00+00:00,626.2,626.2,618.8,620.6,13.928118,8643.7900308,59.0
2025-03-24 00:00:00+00:00,623.8,638.1,618.7,636.4,13.345661,8493.178660399999,51.0
2025-03-25 00:00:00+00:00,638.2,644.3,628.7,629.1,18.27003,11493.675873,67.0
2025-03-26 00:00:00+00:00,630.3999863672035,633.2000267139744,615.2000114159113,615.8000653644888,10.9346513,6733.558985277892,3388.0
2025-03-27 00:00:00+00:00,621.999958488572,641.5000084644834,621.0999617466298,637.8999923870009,31.4745611,20077.622286074195,3348.0
2025-03-28 00:00:00+00:00,633.7000642017898,633.7000642017898,615.4000053486666,618.9000105630554,17.933952899999998,11099.323639247337,3318.0
2025-03-29 00:00:00+00:00,619.7999904237918,622.2000214880633,598.6999780491223,602.7999961848413,17.1677866,10348.74169698217,3289.0
2025-03-30 00:00:00+00:00,606.5996486427432,609.8002803741349,594.8998813739514,594.9006363535734,3.4617573000000004,2059.4016206716283,3153.0
2025-03-31 00:00:00+00:00,604.0999780205178,608.0000064337024,587.2000051785038,604.4000039599689,28.7141324,17354.821736267073,3156.0
2025-04-01 00:00:00+00:00,607.99990431737,617.9000121968036,606.7999319854628,612.0999722556521,11.2179991,6866.536937873931,3287.0
2025-04-02 00:00:00+00:00,599.2000093974448,607.2000034208891,587.5999980844297,588.3000010170334,407.9918873,240021.62771353137,3919.0
2025-04-03 00:00:00+00:00,596.7995267781396,603.7003969066916,579.399956730999,589.7001715540911,4.794621299999999,2827.3890031468986,3061.0
2025-04-04 00:00:00+00:00,593.0999850490695,602.3999493210958,585.0000025112058,598.0999862046159,13.973376,8357.47599283191,2940.0
2025-04-05 00:00:00+00:00,597.2000370983699,598.7999773545849,589.8998982669307,590.3004418952291,1.3903278000000001,820.7111147192219,2278.0
2025-04-06 00:00:00+00:00,592.6000113922752,592.7000216584263,551.2998116310712,553.3000497449119,13.148839,7275.253272787838,3519.0
2025-04-07 00:00:00+00:00,552.0002230349378,565.6000295296018,527.7995496089201,555.5999357594296,4.1073932,2282.067398058718,3191.0
2025-04-08 00:00:00+00:00,562.5996667719073,564.2000394393542,549.499927792678,553.4999908721693,7.470117,4134.709691314037,3216.0
2025-04-09 00:00:00+00:00,547.0001033804244,564.9003434388086,545.8998106217449,564.900288902191,10.6614813,6022.673866495307,1801.0
2025-04-10 00:00:00+00:00,582.126608749538,582.15081437434,566.205130482197,577.683406305703,0.000338,0.1952569913313276,3380.0
2025-04-11 00:00:00+00:00,577.626194511359,590.009686734431,575.5734759853,585.739000169671,0.0003724,0.2181292036631855,3724.0
2025-04-12 00:00:00+00:00,585.590037074381,600.205914026156,583.798946922286,597.254332033636,0.0003781,0.22582186294191778,3781.0
2025-04-13 00:00:00+00:00,597.289820063499,598.245508998771,580.732884768834,584.002065772409,0.0003806,0.22227118623297884,3806.0
2025-04-14 00:00:00+00:00,584.080235920829,592.9003782794,583.086326411659,584.464742193015,0.0003775,0.22063544017786318,3775.0
2025-04-15 00:00:00+00:00,584.583630190746,590.627058240612,579.356389303658,579.4744577817,0.0003772,0.21857776547525726,3772.0
2025-04-16 00:00:00+00:00,579.339602498989,585.78911091445,575.989618709456,582.843196685844,0.0003769,0.2196736008308946,3769.0
2025-04-17 00:00:00+00:00,582.683036569963,592.919415057976,581.066595062176,590.467852061343,0.0003755,0.22172067844903431,3755.0
2025-04-18 00:00:00+00:00,590.482261744844,595.847347365902,587.200612888538,591.764295053738,0.0003779,0.2236277271008076,3779.0
2025-04-19 00:00:00+00:00,591.66130297104,594.307800609022,587.940538144746,591.681248394116,0.0003818,0.2259039006368735,3818.0
2025-04-20 00:00:00+00:00,591.691991914819,595.261042759587,587.539765107761,592.769272306919,0.000384,0.2276234005658569,3840.0
2025-04-21 00:00:00+00:00,592.899991997487,608.442626755639,592.64669159018,597.408054798265,0.0003775,0.22552154068634503,3775.0
2025-04-22 00:00:00+00:00,607.9999141475124,659.9896874363502,595.4099996053109,631.4099125241863,46.8955351,29610.305715265906,3911.0
2025-04-23 00:00:00+00:00,604.7600217619174,635.0399817596985,601.5000001897133,606.0099999471155,274.4624209,166326.9716750942,4418.0
2025-04-24 00:00:00+00:00,606.4899985119063,609.2499944700346,593.5300007122615,601.919999595368,136.0524505,81892.69094990882,4142.0
2025-04-25 00:00:00+00:00,601.0900035845535,610.9699962885684,598.8799931303176,599.8000032704923,70.31120159999999,42172.65894963224,4032.0
2025-04-26 00:00:00+00:00,602.459983254181,612.5299799196619,599.859999747379,612.1399634062057,48.123035400000006,29458.033128751544,4049.0
2025-04-27 00:00:00+00:00,611.9499936049738,612.1299941306416,598.6099978632656,605.5599947641243,141.5263692,85702.70739173752,4241.0
2025-04-28 00:00:00+00:00,605.759990422166,608.9799961599873,599.3499969685047,607.8799917026729,72.4155868,44019.986303128186,4013.0
2025-04-29 00:00:00+00:00,607.7399974633375,611.2099992620523,599.4799985195106,602.9799957939632,192.9909353,116369.67335546702,4337.0
2025-04-30 00:00:00+00:00,602.7199878173595,609.5299685015498,592.4300043896338,601.019992783797,57.688771100000004,34672.10479022812,4049.0
2025-05-01 00:00:00+00:00,601.2099892704342,606.3599920605776,599.1099944261276,599.4300033173643,49.0572887,29406.410728181898,3963.0
2025-05-02 00:00:00+00:00,600.9199965536394,604.9799967470954,596.229998195429,601.9099970674071,115.23297529999999,69359.87982489158,4016.0
2025-05-03 00:00:00+00:00,603.4199949107361,603.4799967297911,596.3799982038739,599.6599995542068,179.8353323,107840.05528684864,4219.0
2025-05-04 00:00:00+00:00,599.9199982299372,600.080001785546,586.4299934032609,588.5699898733981,90.4179369,53217.28420560655,4088.0
2025-05-05 00:00:00+00:00,588.5699915834064,599.999999617161,585.469994191364,599.1199926411816,78.2811112,46899.77876608752,4020.0
2025-05-06 00:00:00+00:00,597.6000000356828,649.2799341679969,595.3799970823397,602.9899993866646,257.0620963,155005.87329027173,4279.0
2025-05-07 00:00:00+00:00,602.9999996533003,608.8900001078838,597.0900007304002,603.4099995061173,436.10258419999997,263148.66011673847,4219.0
2025-05-08 00:00:00+00:00,602.9599999251504,628.2000006231038,601.1699997814549,628.1000006702806,471.01103659999995,295842.0324041695,4149.0
2025-05-09 00:00:00+00:00,628.2000004765987,670.0399987070116,623.9999995548669,670.0399976018257,445.8866928,298761.918574398,4172.0
2025-05-10 00:00:00+00:00,671.4099932144317,679.5299981250945,649.9799987094596,663.8700001263007,254.28243890000002,168810.48274465906,4251.0
2025-05-11 00:00:00+00:00,664.3799997358585,675.0099965974429,648.6299998792662,651.4599998537071,709.6215229000001,462290.0372046215,4673.0
2025-05-12 00:00:00+00:00,652.06,692.04,649.37,661.43,371.64777,245818.98451109996,827.0
2025-05-13 00:00:00+00:00,660.1000000068321,671.4099997599848,640.8400001439675,664.4499999065775,417.38200459999996,277329.47291747713,4225.0
2025-05-14 00:00:00+00:00,665.2799993668096,667.1099988602838,648.6199993283666,652.3500001940638,381.784476,249057.10299269055,4048.0
2025-05-15 00:00:00+00:00,652.3300002566413,660.610000007164,642.939999828881,651.9799999369842,227.4327877,148281.62891031415,3967.0
2025-05-16 00:00:00+00:00,652.5499990519145,659.5400003408347,645.0899983036531,646.3000009766424,203.4548786,131492.88823788267,3950.0
2025-05-17 00:00:00+00:00,646.5700012955025,646.5700014802048,635.2700000309139,639.340001962399,69.2588277,44279.939037631455,3839.0
2025-05-18 00:00:00+00:00,639.8999988812033,654.5600020762256,634.7300001917337,651.5900012699899,88.011335,57347.305884423506,3966.0
2025-05-19 00:00:00+00:00,651.5600007967905,652.5600010940014,634.3599994257979,649.5600004220519,183.08233,118922.95835207024,3902.0
2025-05-20 00:00:00+00:00,649.370001357597,653.9399992161187,641.0299991496959,650.2499997476731,110.5119622,71860.40339266486,3828.0
2025-05-21 00:00:00+00:00,650.3199999159908,677.8299997444126,648.540000253097,673.7199998195778,462.08420609999996,311315.3712503217,4160.0
2025-05-22 00:00:00+00:00,674.8499985266959,688.8600003907156,672.8800006269221,686.6899999797373,295.08074630000004,202628.9976707679,4116.0
2025-05-23 00:00:00+00:00,685.0300013589111,690.770000322516,654.3700000514774,657.3699998049699,426.7307552,280519.9964625986,4107.0
2025-05-24 00:00:00+00:00,656.6300022183271,676.7900008874467,655.7399996804976,668.3899996629106,92.76323110000001,62002.016003659504,3888.0
2025-05-25 00:00:00+00:00,668.1499998217639,671.280000504294,657.9599994918443,670.0499993133653,217.1950149,145531.51958461138,3988.0
2025-05-26 00:00:00+00:00,669.769999745479,677.5700004832468,668.9199997469202,674.0000006638704,189.31740299999998,127599.92974768221,4059.0
2025-05-27 00:00:00+00:00,674.1700001411906,696.7900004627361,667.0000000020272,686.6200004932565,488.21453230000003,335217.862408641,4226.0
2025-05-28 00:00:00+00:00,687.0499999076391,689.389999738301,680.7399993626605,687.5999992028886,209.0688213,143755.72135922886,3969.0
2025-05-29 00:00:00+00:00,686.9100003795435,690.9000001491297,673.7899997097527,674.9500001457113,303.2346452,204668.2238219247,4097.0
2025-05-30 00:00:00+00:00,676.0399989179525,678.5099998568522,654.1400000433489,655.2200003046023,371.06966669999997,243132.26712820266,4198.0
2025-05-31 00:00:00+00:00,655.5099995186339,661.2400004419105,646.4899998803712,658.2700000522824,170.6313508,112321.49930003702,4279.0
2025-06-01 00:00:00+00:00,657.9300029324626,661.8200064610019,648.5199968490987,660.6600020054266,50.2005961,33165.52592009961,4030.0
2025-06-02 00:00:00+00:00,661.0100000413389,667.3599996411228,650.2700000490639,666.789999026303,277.9418627,185328.85435910185,4173.0
2025-06-03 00:00:00+00:00,667.0499978783293,673.8899997914284,658.3999991981718,662.1099996809626,176.6437644,116957.60279052804,4205.0
2025-06-04 00:00:00+00:00,662.1099996586406,672.4499993855557,661.6999989058479,663.390000137344,155.4830152,103145.87747488267,4139.0
2025-06-05 00:00:00+00:00,663.769999698339,670.1900005539198,626.6199996342726,633.5600000484552,518.3497144,328405.6450803808,4311.0
2025-06-06 00:00:00+00:00,632.87,651.15,631.29,643.23,122.11731,78549.5173113,339.0
2025-06-07 00:00:00+00:00,643.4499975669911,653.6900019682465,641.2299937776834,651.299998330061,46.2876388,30147.139073142473,4056.0
2025-06-08 00:00:00+00:00,650.5700034312423,656.120001413404,647.2099975272506,652.3599994889344,61.6716233,40232.100144469754,4087.0
2025-06-09 00:00:00+00:00,652.7099986716839,667.7000005631847,648.5499994755414,665.8500000096141,122.36442960000001,81476.35545033643,4139.0
2025-06-10 00:00:00+00:00,665.9700003942286,674.2999990168588,657.5700001173919,673.3500004121831,167.30253629999999,112653.16288656427,4163.0
2025-06-11 00:00:00+00:00,673.9199994000018,674.0000000453797,662.5000000565003,667.450000154623,262.2454232,175035.7077553892,4157.0
2025-06-12 00:00:00+00:00,667.4500005295362,669.2200024945752,653.3599974184708,656.469995934623,93.5411629,61406.966828682904,4021.0
2025-06-13 00:00:00+00:00,652.8000107146767,659.7499995951086,639.6000004089303,654.8100032741498,85.2916174,55849.80426895154,4124.0
2025-06-14 00:00:00+00:00,654.9800044138897,654.9800044138897,639.659998214974,645.9199996034566,45.755124800000004,29554.15019267211,4192.0
2025-06-15 00:00:00+00:00,645.6600010824014,651.4500013649279,643.2299982992141,647.950001264911,77.0005317,49892.494612413815,4244.0
2025-06-16 00:00:00+00:00,648.2599999814878,659.1900000049238,646.9999994820286,650.4499999946163,356.4016428,231821.44855734124,4281.0
2025-06-17 00:00:00+00:00,650.8299993365881,658.9400001733861,640.0800005827513,647.6700008918862,84.57109910000001,54774.1638295248,4210.0
2025-06-18 00:00:00+00:00,648.2199994611038,653.7699995144013,637.6899997748251,644.6400004937647,126.09321150000001,81284.72792362038,4184.0
2025-06-19 00:00:00+00:00,644.0300061686005,646.4499991939952,639.139997595672,644.8599984160089,47.9104226,30895.515041946317,4150.0
2025-06-20 00:00:00+00:00,644.9299991838144,651.9299943623531,638.6599990929442,641.7099998646138,114.4538333,73446.16935144753,4214.0
2025-06-21 00:00:00+00:00,641.4200008458371,644.870000098308,623.4799981840335,625.23001159313,132.90664950000001,83097.22600768908,4169.0
2025-06-22 00:00:00+00:00,629.3999992497794,634.8400013397791,601.7900013548616,616.0000000051502,111.7829434,68858.2931349757,4256.0
2025-06-23 00:00:00+00:00,615.98999996121,642.4800012257681,615.4399998383901,640.6700009007875,141.1999121,90462.54781229811,4207.0
2025-06-24 00:00:00+00:00,641.4199995243284,644.3999999325786,636.8499996899394,643.6800000704079,322.3002311,207458.2127771405,4200.0
2025-06-25 00:00:00+00:00,643.789999972526,652.7499997185913,642.7299996731144,645.8500004506064,416.4450921,268961.06292043783,4231.0
2025-06-26 00:00:00+00:00,647.4699950085753,650.1200003162311,641.7999986745539,642.7699992302289,87.4302014,56197.51048657676,4188.0
2025-06-27 00:00:00+00:00,643.319998122407,647.4900010583252,640.0000001792657,646.3599990273165,149.87061409999998,96870.3699838993,4231.0
2025-06-28 00:00:00+00:00,646.0699992704664,649.090001555903,644.8699974872177,648.8299999058925,49.31109,31994.514520059456,4218.0
2025-06-29 00:00:00+00:00,649.0299984200467,655.5500024188451,646.9300013993943,655.3099976442172,49.3283039,32325.330712502233,4260.0
2025-06-30 00:00:00+00:00,655.5699983706427,659.8600002650483,651.3700005364669,657.0200000659249,110.6301972,72686.25217163729,4264.0
2025-07-01 00:00:00+00:00,658.2399934078097,658.8600018455609,644.649998186689,646.4999996766932,66.09703239999999,42731.73142523037,4220.0
2025-07-02 00:00:00+00:00,646.6799991603308,664.9499997664989,644.340000085175,660.1299994252543,128.2126218,84636.99795514434,4269.0
2025-07-03 00:00:00+00:00,659.9999993843286,664.6899997495465,657.4299985780277,663.2700015188196,106.1436827,70401.9205856421,4237.0
2025-07-04 00:00:00+00:00,663.0700035908097,663.5600031818881,650.5799996800686,653.7199998909837,79.4521101,51939.43340591042,4296.0
2025-07-05 00:00:00+00:00,653.6200002303572,656.7000002487484,652.5299990229742,656.0100007978369,121.58951660000001,79763.93888177461,4319.0
2025-07-06 00:00:00+00:00,656.2000001798596,663.9200035787755,653.7499999470441,662.9600006142742,94.946157,62945.50430304298,4336.0
2025-07-07 00:00:00+00:00,663.0900001712706,663.0900011537142,657.2999976676904,660.6500021097048,73.860351,48795.84104397353,4326.0
2025-07-08 00:00:00+00:00,661.7999965360837,662.4799999875963,657.7999986835182,660.8899988935004,86.9401292,57457.86189078879,4313.0
2025-07-09 00:00:00+00:00,660.7899998112422,671.4399998847533,659.5899995112622,668.660000477351,196.0130194,131066.065645571,4376.0
2025-07-10 00:00:00+00:00,669.5199978430886,687.6100001374493,667.6400001958793,685.5700002827109,117.4755363,80537.70345440261,4438.0
2025-07-11 00:00:00+00:00,685.0600007441197,697.7299996982674,683.4599997819272,690.2399998816726,332.4273611,229454.66168632873,4656.0
2025-07-12 00:00:00+00:00,690.6599992676488,697.0600001607804,680.3199997042838,685.700000369121,272.0027277,186512.2704842919,4573.0
2025-07-13 00:00:00+00:00,685.7300002424978,694.3999997967092,685.729999685584,692.7599995927582,429.41674159999997,297482.7417359395,4664.0
2025-07-14 00:00:00+00:00,692.2200000423757,707.3799999997806,686.3599999868325,689.0600000541247,1378.1649269,949638.3246043067,5130.0
2025-07-15 00:00:00+00:00,688.590000844321,692.8800001346432,675.8599997445497,690.0599998769695,252.95181440000002,174551.92901374324,4513.0
2025-07-16 00:00:00+00:00,690.0099997121895,715.1500007723648,685.8299993709496,708.7600001738468,155.9774939,110550.6086036802,4604.0
2025-07-17 00:00:00+00:00,709.0800000413217,727.4100000541955,707.3600002334163,720.7000000880188,630.926041,454708.39780423336,5214.0
2025-07-18 00:00:00+00:00,720.8500003509446,765.6099990468185,719.8199998671932,730.5699997783506,384.0466393,280572.9531882773,5105.0
2025-07-19 00:00:00+00:00,730.1500006443598,742.5000002486679,720.0499986758966,734.0299983067852,145.8383957,107049.75734873526,4465.0
2025-07-20 00:00:00+00:00,733.0100002146139,760.6600001225363,732.6599997473841,758.5999994105825,839.2956697999999,636689.6946155844,4987.0
2025-07-21 00:00:00+00:00,756.7300005770563,781.4200001504036,746.8600001794192,766.3400000595415,409.5686944,313868.87329088233,4907.0
2025-07-22 00:00:00+00:00,766.7099997995481,788.1799997593779,745.7300002383092,786.5300004559414,283.4272721,222924.0524540392,4758.0
2025-07-23 00:00:00+00:00,786.5300001324256,809.9999999263138,753.2899999361198,776.6700001173976,1283.0006312,996468.1003847253,5740.0
2025-07-24 00:00:00+00:00,773.7100073498275,786.0699997644123,744.7299988584715,771.6999973780851,170.5684019,131627.63529901416,4685.0
2025-07-25 00:00:00+00:00,770.8100000111832,785.8399999312136,753.3699996418267,785.8399999030261,544.2510008,427694.20641589386,4887.0
2025-07-26 00:00:00+00:00,786.0399986713282,797.4600012562461,778.5999995406358,793.6199987200692,118.9675562,94415.03179917377,4566.0
2025-07-27 00:00:00+00:00,793.8099997156845,847.4399997421834,792.8899991126486,844.4099991839314,488.5065604,412499.82426870917,5056.0
2025-07-28 00:00:00+00:00,844.8999996819591,861.1999999113665,820.7300001317549,820.7300015666672,774.7643251,635872.3257531208,5428.0
2025-07-29 00:00:00+00:00,824.1499995256634,834.9599996491594,800.599998919024,804.9600001835499,172.2147341,138625.97239274599,4733.0
2025-07-30 00:00:00+00:00,804.2900001897267,810.5900003917104,766.1000021772227,793.1500003478196,286.38882520000004,227149.29680699168,4798.0
2025-07-31 00:00:00+00:00,793.3900000505553,813.0400014184531,782.7299991346814,784.099998822122,350.3101975,274678.2254471273,4798.0
2025-08-01 00:00:00+00:00,783.5999994877542,795.0200001316495,745.7999997661065,755.880000855266,398.7827024,301431.86943117727,4759.0
2025-08-02 00:00:00+00:00,756.5399999683395,769.4100001210386,732.7799998345597,736.4100000420476,1050.6240262000001,773690.0391781183,4854.0
2025-08-03 00:00:00+00:00,736.1100005206807,754.4400017100509,730.5000001061161,751.4999996446835,193.4061214,145344.7001633796,4590.0
2025-08-04 00:00:00+00:00,751.6600000737795,769.4900001960115,750.4800002041668,768.7399996800547,142.80484760000002,109779.79849833426,4593.0
2025-08-05 00:00:00+00:00,768.4900003265079,769.5100002186559,746.0700004421124,755.0700003467344,120.40801409999999,90916.4792482366,4491.0
2025-08-06 00:00:00+00:00,755.6299982301961,774.8899995559452,747.699995752561,769.7099998433595,109.7860669,84503.43353640205,4505.0
2025-08-07 00:00:00+00:00,769.879999558033,789.2199995353353,765.3799993739415,789.2199995260867,214.7917941,169517.9796378093,4789.0
2025-08-08 00:00:00+00:00,788.9099999053599,798.2999994121749,781.8799989083649,793.9699990271813,261.1021467,207307.27116139393,4721.0
2025-08-09 00:00:00+00:00,793.8699980606972,818.6300004867546,793.3199984762076,799.1199993702166,120.7886464,96524.62303509732,4776.0
2025-08-10 00:00:00+00:00,799.2299989559594,815.7099989622682,794.3199980553832,806.9599996460286,79.8917422,64469.4402574326,4777.0
2025-08-11 00:00:00+00:00,807.3499995672678,826.5500009190708,792.8599996306605,805.030000189738,204.1239169,164325.87686073707,5033.0
2025-08-12 00:00:00+00:00,804.8500003511707,839.1400008805058,798.4699989263194,832.9199986363966,164.053502,136643.4426621361,5018.0
2025-08-13 00:00:00+00:00,832.4899999535506,859.1599995947863,828.2000002523686,848.6099995681682,380.3053697,322730.93961688905,5217.0
2025-08-14 00:00:00+00:00,848.9099997897256,869.1100000554962,821.2300004418455,839.010000586468,1341.0165874000002,1125126.3277809375,6952.0
2025-08-15 00:00:00+00:00,839.0100019769624,853.8200000463078,813.0500001114455,827.3200009221013,451.69573909999997,373696.91928872117,5370.0
2025-08-16 00:00:00+00:00,828.4999987132252,839.8399998051291,826.4099994257456,839.8399990878178,246.3275554,206875.73390244038,4975.0
2025-08-17 00:00:00+00:00,839.349999917798,863.6800002793844,839.3499997120593,856.7199995928282,549.1350116,470454.9469143597,5364.0
2025-08-18 00:00:00+00:00,856.3599997871277,858.8800000122048,788.000015052804,847.1199999467326,701.4892338,594245.5596992895,5490.0
2025-08-19 00:00:00+00:00,847.7499998762595,852.5099998658741,823.8599998148757,824.5499998572925,968.7049716,798745.6841945385,6193.0
2025-08-20 00:00:00+00:00,824.5399999112155,881.0099999439253,819.5299998921985,869.3899999357445,1055.9265401,918011.9746296899,6159.0
2025-08-21 00:00:00+00:00,869.5699998103706,883.8599999433259,833.9999997809961,839.5699997891012,815.0140614,684261.3553577125,5858.0
2025-08-22 00:00:00+00:00,839.5199999568287,899.8399999968252,836.0200003872243,899.8399999914851,3279.0935844,2950659.570958575,6710.0
2025-08-23 00:00:00+00:00,899.3800000261077,899.3800000261077,876.1699997646327,879.3700003349726,879.3851233,773304.8961708909,5439.0
2025-08-24 00:00:00+00:00,879.6700002668307,885.5800002717941,855.7800032891432,876.4899997150028,501.68620919999995,439722.9453587288,5646.0
2025-08-25 00:00:00+00:00,876.8599997295655,880.0000001597425,833.7800002067345,839.4200000265887,775.9118121,651315.8933336125,5636.0
2025-08-26 00:00:00+00:00,838.3300002863775,868.7799997451324,830.650000147731,864.0699999004496,1308.6667296,1130779.6609151938,6199.0
2025-08-27 00:00:00+00:00,863.9699998782055,867.5299999264221,853.9799997896674,855.7799998739084,1299.0463408,1111697.8773660252,5789.0
2025-08-28 00:00:00+00:00,856.1299995078382,880.66999977788,851.7899999305605,873.7899999664724,679.9419722,594126.4958658412,5480.0
2025-08-29 00:00:00+00:00,873.7699999133033,877.6800000588538,850.5900000654301,862.8999998480274,959.8831516,828283.171369764,5517.0
2025-08-30 00:00:00+00:00,862.20000033901,863.5800002203717,851.1900007018453,862.1899997154219,411.7337651,354992.73481439863,4883.0
2025-08-31 00:00:00+00:00,862.1699998784592,867.6399999535327,857.010000139238,857.3400002023972,441.28071320000004,378327.60674420197,5035.0
2025-09-01 00:00:00+00:00,857.3200001307888,868.5399995944131,840.0600000809476,846.2199997028542,651.9802067999999,551718.6904045627,5466.0
2025-09-02 00:00:00+00:00,846.0199998111855,856.1400003688798,841.2199998466182,851.8699999036562,458.2414228,390362.1207964873,5036.0
2025-09-03 00:00:00+00:00,851.849999968179,863.8699999769253,848.7000001550604,854.9899998981883,342.771091,293065.85505919193,4834.0
2025-09-04 00:00:00+00:00,855.0600000021088,856.8500001285121,841.5999999283966,844.1099989659524,198.730571,167750.46208131313,5005.0
2025-09-05 00:00:00+00:00,845.3799981929037,857.7199999151138,843.189999619596,850.0900000327987,386.44572209999995,328513.64391266386,5289.0
2025-09-06 00:00:00+00:00,850.019999859426,864.5300001482411,849.7699997901271,862.0599994184494,478.047771,412105.861190251,5264.0
2025-09-07 00:00:00+00:00,862.4799990030369,884.499999298545,861.0999998038023,880.4999996475839,424.4490305,373727.3712056673,5412.0
2025-09-08 00:00:00+00:00,879.1900007807164,885.9899997977442,870.5000000263914,878.4599995665262,487.2226966,428005.6498440377,5420.0
2025-09-09 00:00:00+00:00,878.4100000609059,884.4500001347008,871.8399998770698,880.0199998850985,487.2749742,428811.72273949534,5253.0
2025-09-10 00:00:00+00:00,880.7899996041681,906.6600000152711,877.4999998694323,893.9699999461627,899.4947236,804121.2980082657,5719.0
2025-09-11 00:00:00+00:00,893.8299999234222,904.1600000231346,889.089999987908,903.1199999497028,843.1747826000001,761488.0096193027,5445.0
2025-09-12 00:00:00+00:00,903.1200000080235,928.9400005962253,902.1299999422143,925.3299999795146,693.1316615000001,641375.520321596,5867.0
2025-09-13 00:00:00+00:00,925.3699999893003,944.2799997813886,924.1099994070546,934.0900000994843,635.5581694,593668.530518074,5755.0
2025-09-14 00:00:00+00:00,934.0799999867293,945.0300000412917,923.8099996516736,927.4999997041748,590.1870981000001,547398.5333131579,5540.0
2025-09-15 00:00:00+00:00,927.1499999377252,935.5599999732085,911.5099997423528,920.3299994671196,401.0379641,369087.2692864477,5543.0
2025-09-16 00:00:00+00:00,920.0499999001935,959.4199999277296,917.5099997872625,956.4700000719114,973.1180704,930758.2408654662,6332.0
2025-09-17 00:00:00+00:00,956.5099998967512,995.0499999095665,947.2299998898505,990.6199999612153,1588.1876197000001,1573290.4197656168,7111.0
2025-09-18 00:00:00+00:00,989.920000121596,1006.2499999739747,957.3300038383755,981.939999927069,2431.8445689,2387925.4558083094,7539.0
2025-09-19 00:00:00+00:00,982.3799999242085,1040.0299898532694,975.0300000226978,983.6900002502481,1531.579233,1506599.1760930447,6744.0
2025-09-20 00:00:00+00:00,984.9299999300549,1048.9899995025926,983.4300000211865,1044.4200000098856,3775.5059191,3943213.8920637453,8891.0
2025-09-21 00:00:00+00:00,1044.419999973047,1176.999993495944,1040.2100000047114,1048.4899999916552,6049.3820292,6342716.563745427,11749.0
2025-09-22 00:00:00+00:00,1048.3199999826743,1050.749999999429,976.8700000416558,993.4200000038858,5472.409043,5436400.591518324,10636.0
2025-09-23 00:00:00+00:00,993.4599999855922,1027.569999997316,964.229999923149,1017.3699998778858,3190.7945798,3246218.6812614845,8888.0
2025-09-24 00:00:00+00:00,1017.2899999081793,1073.9499947365814,993.0099999682453,1019.5199999419234,3080.6095385999997,3140743.0366145605,8536.0
2025-09-25 00:00:00+00:00,1018.7600000161,1020.5899998430799,941.4699998740571,946.0899999884787,1857.8287884,1757673.2383959512,7478.0
2025-09-26 00:00:00+00:00,946.0900000639211,966.5399999962405,932.9799999886575,961.6199998653015,1039.4627891,999568.2071143279,6647.0
2025-09-27 00:00:00+00:00,960.7500000931759,986.1999996850942,957.1899997976892,969.1199999030993,790.9563058,766531.5750002518,5965.0
2025-09-28 00:00:00+00:00,968.9800000306798,993.6599999365511,963.4199998693554,993.4899998733536,757.196881,752267.5292087937,6026.0
2025-09-29 00:00:00+00:00,993.6499999343463,1036.4099999311911,991.4500000545333,1030.579999914993,1127.3644637,1161839.2689041123,6937.0
2025-09-30 00:00:00+00:00,1031.7799996926556,1034.1299999573484,987.3700018773944,1008.6499999885087,1404.68171,1416832.2067753584,6775.0
2025-10-01 00:00:00+00:00,1008.5100000076534,1113.1699845773433,1004.4099998355443,1026.6899998519434,2053.5620879999997,2108371.6598246763,6729.0
2025-10-02 00:00:00+00:00,1026.689999992357,1149.9999955238327,1023.8799999636072,1091.1599999801158,4661.600919,5086552.458683348,9852.0
2025-10-03 00:00:00+00:00,1093.7799998686814,1339.999990999896,1084.9400000029705,1190.55999998422,6718.4004391,7998658.826668879,12476.0
2025-10-04 00:00:00+00:00,1191.3199999123924,1213.9399967039985,1137.230000037886,1150.6200000633387,2886.5237643,3321291.973861695,8699.0
2025-10-05 00:00:00+00:00,1151.2600000049158,1187.6900001600702,1144.8399999527169,1167.819999889399,2350.1572766,2744560.670499082,7954.0
2025-10-06 00:00:00+00:00,1168.4899999476988,1299.9999961216217,1163.7999999448584,1224.9899999621646,6397.3866991,7836734.732288462,13184.0
2025-10-07 00:00:00+00:00,1223.4600000246428,1355.7399995418816,1198.2300003559592,1306.1299999681958,10797.3009564,14102678.697839333,20232.0
2025-10-08 00:00:00+00:00,1306.0899999544326,1334.9399999830885,1266.769999990375,1308.2099999689333,7815.6380758000005,10224495.886899512,23328.0
2025-10-09 00:00:00+00:00,1307.8599999570038,1318.9999999811207,1226.6899999936395,1256.5299999479141,6269.0571082,7877258.327840016,15831.0
2025-10-10 00:00:00+00:00,1256.479999981065,1280.009999928491,858.4500014224279,1176.749997113974,9398.1857764,11059315.08525529,21480.0
2025-10-11 00:00:00+00:00,1147.0899967029482,1183.429999982444,1077.7000000454304,1136.1399999709258,4815.4900204,5471070.831637249,12218.0
2025-10-12 00:00:00+00:00,1137.6799999410975,1321.5399999557237,1105.390000144925,1303.450000019137,9601.6562617,12515278.854496611,19594.0
2025-10-13 00:00:00+00:00,1302.6400000407734,1374.9999999438808,1255.9999998296657,1293.460000096519,5211.462682400001,6740818.52168011,12712.0
2025-10-14 00:00:00+00:00,1294.2200001078897,1319.8099999219228,1143.1000001621874,1209.4299999296686,4033.9524205000002,4878783.075641602,13252.0
2025-10-15 00:00:00+00:00,1209.8799999075577,1223.5299999034548,1146.400000418799,1162.5700000358959,3463.6566037,4026743.25788784,11400.0
2025-10-16 00:00:00+00:00,1164.2199998837532,1303.4699855603378,1123.3500000680458,1146.9599997501057,3184.3232352,3652291.3770492477,9738.0
2025-10-17 00:00:00+00:00,1144.8000000540997,1156.829999940492,1021.7900001838935,1072.6799999019802,3677.7495542,3945048.3914387636,11055.0
2025-10-18 00:00:00+00:00,1071.7799998529583,1131.2599998395217,1071.6599995629394,1093.1099999349944,1507.6810216,1648061.2014231682,7746.0
2025-10-19 00:00:00+00:00,1093.0999999186013,1133.5299999573424,1069.3699998872446,1110.6399999496625,1951.3527838999998,2167250.4558124696,7517.0
2025-10-20 00:00:00+00:00,1110.0499998943963,1143.4599999409202,1088.650000179145,1102.6599995176575,780.8083211000001,860966.1029675091,6647.0
2025-10-21 00:00:00+00:00,1102.5099997123243,1114.939999947558,1052.2500003608732,1057.089999993774,1741.3541974,1840768.1085187243,7776.0
2025-10-22 00:00:00+00:00,1060.239999451904,1083.130000087136,1053.8299987514445,1072.8599998201119,2095.1553352,2247808.3525457783,7811.0
2025-10-23 00:00:00+00:00,1072.689999917493,1160.9199997811556,1072.1099999852333,1127.6899999366926,3613.190502,4074558.796971638,9945.0
2025-10-24 00:00:00+00:00,1127.6899998267256,1143.6499999136447,1098.6799997748512,1109.030000092191,1829.3294569000002,2028781.2477544548,8007.0
2025-10-25 00:00:00+00:00,1108.9339779731818,1122.0276864111975,1102.7275772133273,1117.0697905754944,996.5513111,1113217.3643882114,7038.0
2025-10-26 00:00:00+00:00,1117.2719038488349,1172.3195221657393,1115.5766663827883,1137.8442857020839,2979.9588673999997,3390729.1688983436,15503.0
2025-10-27 00:00:00+00:00,1137.9461503710022,1181.2605534602294,1131.8707104669672,1139.793593503472,7635.0045681,8702329.293090124,25748.0
2025-10-28 00:00:00+00:00,1139.4840855457828,1157.2492306514803,1073.8852885500146,1103.9757660257037,4283.7597264,4729166.925422499,20576.0
2025-10-29 00:00:00+00:00,1103.1493806177325,1120.8292317632033,1082.1734473516601,1107.3697023546129,5244.123684,5807183.683061856,20594.0
2025-10-30 00:00:00+00:00,1107.5246229700983,1129.2905441482515,1044.5015936749646,1078.9767737726033,3507.1339513000003,3784116.075962037,20113.0
2025-10-31 00:00:00+00:00,1079.0299999841736,1104.3838040441794,1071.388126340649,1088.8626227294662,2965.8513919000006,3229404.725210073,20915.0
2025-11-01 00:00:00+00:00,1088.5852276675187,1097.4784010975416,1081.4439731002708,1094.1263988336518,1345.2810476,1471907.5080297505,13669.0
2025-11-02 00:00:00+00:00,1094.38855223406,1094.7728053529024,1071.852187213525,1083.7558824370494,1286.8891078000001,1394673.6406224163,11595.0
2025-11-03 00:00:00+00:00,1083.283626085313,1086.8337089192448,963.9144324507724,993.5467577923492,7477.4871748,7429233.138956413,29831.0
2025-11-04 00:00:00+00:00,993.4447888594071,1079.6136725200606,880.2366217195671,936.6281689105784,13405.044139999989,12555541.947013669,40111.0
2025-11-05 00:00:00+00:00,936.65339849516,967.6098390947739,900.6416534989612,959.9441905594106,4984.1995396,4784553.392627909,26584.0
2025-11-06 00:00:00+00:00,959.473842816404,964.9900000115557,925.5407780847835,949.8974334859666,2879.2695901,2735010.7939501815,18139.0
2025-11-07 00:00:00+00:00,949.7867707384597,998.9880283545905,925.3902364025525,990.5033474557581,9310.1339673,9221718.859872207,30743.0
2025-11-08 00:00:00+00:00,990.4436699724008,1006.469220421742,979.9958719199099,990.6343727275985,2793.1173321,2766958.036239467,17606.0
2025-11-09 00:00:00+00:00,990.7499826021377,1006.9242781979871,975.7010356450237,996.6951777894783,2265.7607499,2258272.813450002,16765.0
2025-11-10 00:00:00+00:00,996.8232616030341,1018.7870608053603,974.3082083485892,992.0697848967062,3202.2985639,3176903.647463304,18246.0
2025-11-11 00:00:00+00:00,992.2205163536808,1007.7357745644988,955.8222691191187,957.7709235367686,4114.7694608,3941006.5466113077,26816.0
2025-11-12 00:00:00+00:00,958.0267333656026,978.0180142946148,938.828423208045,952.7447477052332,3078.2246517000003,2932762.3691639462,20533.0
2025-11-13 00:00:00+00:00,952.6292082966872,970.6062048349215,905.4260069293128,926.6001583336929,8286.3070318,7678093.407667472,27247.0
2025-11-14 00:00:00+00:00,926.1165242870245,932.8387403459521,887.4941593941566,914.7208792108684,4011.5879396,3669483.247142628,31453.0
2025-11-15 00:00:00+00:00,914.959419762659,944.0646420940815,914.9594197496631,931.5468471500319,3933.0389961,3663810.0765350815,18006.0
2025-11-16 00:00:00+00:00,931.4081010818076,948.7044142268007,908.4322820911289,926.3043531414318,4540.8182962,4206179.7545943195,26805.0
2025-11-17 00:00:00+00:00,926.1133212347833,938.5913374280475,890.4944586555789,906.1522020129892,4410.490505299999,3996575.6833349755,30866.0
2025-11-18 00:00:00+00:00,906.1971614729842,938.2191612482584,883.6312906840413,932.0486453472571,5082.2228488,4736878.921576918,40195.0
2025-11-19 00:00:00+00:00,932.2724041918464,940.2572954403049,871.4006424386326,895.9554868101235,3595.8114259999998,3221686.976659234,30139.0
2025-11-20 00:00:00+00:00,895.9667489467065,914.6022746416166,864.9820493819575,865.6312017360449,3417.0107851,2957871.152251139,24909.0
2025-11-21 00:00:00+00:00,865.4956762063522,875.856588920593,789.9343083265505,829.8702354020613,7747.9358927,6429781.383155029,48959.0
2025-11-22 00:00:00+00:00,830.3180286674924,841.7567005380862,813.2609297416888,833.3122369722988,2634.0548298,2194990.1225283258,22720.0
2025-11-23 00:00:00+00:00,833.0688023748344,855.1011217339483,832.8633652272551,843.3957604704248,2589.9442157000003,2184347.9713762794,23915.0
2025-11-24 00:00:00+00:00,843.3853887952928,875.874611146708,829.9823431348551,864.4646412546327,4287.5842216,3706464.955974468,32403.0
2025-11-25 00:00:00+00:00,864.3699653965585,867.0624378988595,837.0981629373183,862.0905661972341,2249.483787,1939258.7515863285,19875.0
2025-11-26 00:00:00+00:00,862.2805246349155,897.2406781434079,851.5691619154313,891.5448176738673,2712.5137868999996,2418327.6095796116,19838.0
2025-11-27 00:00:00+00:00,891.2680669799792,903.9891344786598,883.8412697293103,895.6187302783577,2130.3013920999997,1907937.8279028195,16170.0
2025-11-28 00:00:00+00:00,895.3964092055854,906.1525570231861,876.6307723179025,887.4641040778068,2087.6764317,1852737.8940629933,17321.0
2025-11-29 00:00:00+00:00,887.4814914027052,889.1962983390265,868.8705507719346,873.0514914346602,893.4200443,780001.7021537352,11526.0
2025-11-30 00:00:00+00:00,873.0770594114581,899.7132861097308,869.7160675227826,875.639229388477,1246.1599218,1091186.5136197568,14008.0
2025-12-01 00:00:00+00:00,875.4877005837254,876.8657575047503,802.1344565256345,826.9790553628418,3683.1693021,3045903.870192075,26534.0
2025-12-02 00:00:00+00:00,826.6749374126988,885.0708506964073,820.4857464126421,876.7470850671831,2484.8943213999996,2178623.852987446,20769.0
2025-12-03 00:00:00+00:00,877.2519800297364,922.646458487548,874.0993307843726,920.9536753572312,3803.3260486,3502687.103040065,20077.0
2025-12-04 00:00:00+00:00,921.3387391807742,928.1211813057054,887.5675579492971,900.1320474122916,4032.0410595,3629369.3741381606,19952.0
2025-12-05 00:00:00+00:00,900.1901220959198,907.826373831175,871.0061296083021,883.9767401429889,2780.9388973,2458285.300972092,17352.0
2025-12-06 00:00:00+00:00,883.6874798911902,897.8674799486831,878.2693281810236,890.6078012656154,713.4944025,635443.681025849,10630.0
2025-12-07 00:00:00+00:00,890.5328335419522,905.7252650521436,871.7300542044019,894.684515448428,2699.7773389000004,2415448.980272393,14164.0
2025-12-08 00:00:00+00:00,893.9601161290884,912.7486542226255,889.3927985295679,897.2700089057824,2176.942591,1953305.2980139472,15437.0
2025-12-09 00:00:00+00:00,897.3693682930239,927.6258244212682,882.029753864245,897.2980353691861,1648.3062956,1479022.000728541,16097.0
2025-12-10 00:00:00+00:00,897.3759998686818,914.8918975234407,884.3497435196884,893.5111281141785,1515.5874901,1354194.2880349874,15200.0
2025-12-11 00:00:00+00:00,893.4326453042806,894.7719774356862,860.0303903049071,885.9113096015533,2580.4467203,2286046.933338006,15116.0
2025-12-12 00:00:00+00:00,885.7707489155842,896.124957225646,870.9500855624597,881.7778673151173,2328.2500022,2052999.3215163331,14246.0
2025-12-13 00:00:00+00:00,881.7894325896926,904.2270746037444,880.5119798451536,896.8162293622041,817.143228,732827.3085838199,9548.0
2025-12-14 00:00:00+00:00,896.8791029405727,899.3928742929897,870.1020033042304,877.3077890053484,1000.5854251,877821.3870054575,11015.0
2025-12-15 00:00:00+00:00,877.2385384700004,895.2422263310291,840.9536692436812,858.6708519787273,1579.9294283,1356639.3482646246,14483.0
2025-12-16 00:00:00+00:00,857.9976772931562,877.7550838366166,847.159135652004,874.971264423515,1665.8035926,1457530.2756984557,13194.0
2025-12-17 00:00:00+00:00,875.4658079673234,875.8993846661949,833.3163332127019,842.7943971289244,2489.6891078000003,2098296.030646751,17265.0
2025-12-18 00:00:00+00:00,842.725709735303,852.8246234821042,818.1915592078313,829.3194410526092,1857.7852792,1540697.4493419097,15090.0
2025-12-19 00:00:00+00:00,829.7658296335755,861.7697981099386,821.168652309579,855.7360622592776,2106.6505998000002,1802736.8888289975,14284.0
2025-12-20 00:00:00+00:00,855.9497970187938,860.9985792551151,850.5556901483719,854.0087210980317,972.4724281,830499.9346247786,8323.0
2025-12-21 00:00:00+00:00,853.820126780393,859.3017717185728,845.6663295448185,858.0622757901843,699.9244053,600578.7280928093,9508.0
2025-12-22 00:00:00+00:00,858.1307992826038,869.999334241466,851.0993117655111,858.0921643527823,1555.5836556999998,1334834.1459514261,13046.0
2025-12-23 00:00:00+00:00,858.1248060726432,860.8356717929018,838.2212893808313,843.8247880547688,1351.8070108,1140688.2643792604,11258.0
2025-12-24 00:00:00+00:00,844.0525580463809,849.5530109604961,834.9150856264206,846.170795605407,886.8780725,750450.3242123148,9606.0
2025-12-25 00:00:00+00:00,846.1318039218194,847.448352885214,826.1949412595781,829.4605096419685,911.5380289000001,756084.7980094295,10095.0
2025-12-26 00:00:00+00:00,828.9571837131994,846.1876555728727,820.9252182801822,833.9911722427161,1142.7722649,953061.9808104147,11191.0
2025-12-27 00:00:00+00:00,834.1962030859332,845.8179142962128,833.4744918793161,844.5447058023955,1006.4821121,850019.1392588681,9727.0
2025-12-28 00:00:00+00:00,844.7932014400603,865.9981292880833,838.4143012422722,858.8093730991403,1187.8364745999997,1020125.0980955187,9966.0
2025-12-29 00:00:00+00:00,858.6998382965064,871.0613100326348,845.2412391043428,851.1680072050125,1168.1862156,994322.7331766171,11443.0
2025-12-30 00:00:00+00:00,851.1273147389537,862.8455518772226,847.7635255144074,860.5378747734624,1054.9510725,907825.3539191348,10282.0
2025-12-31 00:00:00+00:00,860.6295148082426,876.4055568093224,856.5833813324886,862.7341547000599,1324.4682714,1142664.0145533285,11611.0
2026-01-01 00:00:00+00:00,862.7733895348248,872.8758866721747,854.917744204388,863.1750785363912,974.6625648,841304.4359177205,10024.0
2026-01-02 00:00:00+00:00,863.1816131757842,890.2822592777081,858.5802757206286,880.995345677859,4905.1060834,4321375.629531552,17318.0
2026-01-03 00:00:00+00:00,881.1829531768644,883.5384745219668,857.1638882948685,878.08809538592,3596.4256938999997,3157978.5877536368,12453.0
2026-01-04 00:00:00+00:00,878.1147341762331,902.525265807,878.0082929567903,895.2381808630867,1719.9299500999998,1539746.9597394632,13511.0
2026-01-05 00:00:00+00:00,895.1505829268474,916.1325600805726,890.9741196641577,910.5717998736066,4283.1290903,3900096.564845474,14525.0
2026-01-06 00:00:00+00:00,910.5400178757134,923.6556481556107,893.2802148064351,917.3369451394019,2555.9787469000003,2344693.7355224825,15820.0
2026-01-07 00:00:00+00:00,917.2050736785762,919.2716367473467,891.7373158980882,899.4459736724037,1855.7357176,1669134.019395389,12965.0
2026-01-08 00:00:00+00:00,899.3737745381173,903.799987745088,874.2021569593917,891.6286519215583,1942.1817079000002,1731704.858001587,13546.0
2026-01-09 00:00:00+00:00,891.7154773826363,900.1428716406567,884.7668623404113,895.5184115923694,1507.2552907,1349774.8637918588,12005.0
2026-01-10 00:00:00+00:00,895.5208372785701,914.7972405386636,895.5208372785701,906.6693720360576,1447.8876994000002,1312755.4311937303,11980.0
2026-01-11 00:00:00+00:00,906.7989701138,915.796098727484,897.7428289835364,902.5900524847291,1273.7435574,1149668.2643257517,10357.0
2026-01-12 00:00:00+00:00,902.9761756227144,909.1938850938856,893.317075563672,904.9327081573188,1501.2256392999998,1358508.183326951,11764.0
2026-01-13 00:00:00+00:00,904.9570046988042,956.1614272326846,901.4182307284497,943.2690115121123,3420.2217309000002,3226189.171258289,17124.0
2026-01-14 00:00:00+00:00,942.8101029076181,953.6906590387437,928.1676382431416,948.3317788076398,3582.8564519,3397736.632242756,18438.0
2026-01-15 00:00:00+00:00,948.4950999054035,958.1002719167506,923.8286698410227,931.0167008039718,3265.1390624,3039898.997541822,16383.0
2026-01-16 00:00:00+00:00,931.0436258682973,939.4240201714787,923.7706127605214,937.7483236144643,1186.1063454,1112269.2370273287,12164.0
2026-01-17 00:00:00+00:00,937.8945516785474,959.0255439736682,935.1336759129691,946.9216337498167,1470.8257592999998,1392756.7309576706,11770.0
2026-01-18 00:00:00+00:00,946.549503501455,953.2107977221185,931.4253650098696,931.7746023725138,1288.4702917,1200563.8937175642,10748.0
2026-01-19 00:00:00+00:00,931.2721394535422,1094.618468149572,902.0514110106596,923.1649580844498,14584.724944300002,13464106.991877941,33487.0
2026-01-20 00:00:00+00:00,923.1936161474651,944.7412528254005,883.3138326049733,883.5605376567371,14634.3715988,12930353.238104211,38243.0
2026-01-21 00:00:00+00:00,882.9924392989013,892.7356823916967,850.1031218482344,882.642740754717,21728.266646100004,19178296.824363012,48278.0
2026-01-22 00:00:00+00:00,882.7460306195675,896.5346364322088,877.785212273652,887.2007011302915,2131.7377029000004,1891279.1846387573,17378.0
2026-01-23 00:00:00+00:00,887.3066680659535,903.827779997141,882.3873413940929,890.5142949090331,2781.5700666000002,2477027.9065983715,19440.0
2026-01-24 00:00:00+00:00,890.3677906560742,893.1129190537367,885.289751553055,886.111345386161,1257.2988659,1114106.7896151436,10719.0
2026-01-25 00:00:00+00:00,885.6720240643793,886.2986456214829,854.882293363001,864.930197368297,2280.4380290999998,1972419.7145956329,17632.0
2026-01-26 00:00:00+00:00,864.8532891752776,880.4711398465039,864.3136658675069,878.3991322906849,1904.0568245,1672521.8624729568,13326.0
2026-01-27 00:00:00+00:00,878.4573587968379,899.9647257247825,800.9171329191971,897.2083835661588,2867.7951873,2573009.884396243,15042.0
2026-01-28 00:00:00+00:00,897.8138770517054,907.9125160806722,893.4693084063157,901.2927564280094,1976.0316892000003,1780983.047948164,13478.0
2026-01-29 00:00:00+00:00,901.5137795057254,904.996142763815,851.604364896925,867.1359994884024,3626.8321273999995,3144956.701769647,23650.0
2026-01-30 00:00:00+00:00,867.2389841684402,868.1760976088642,831.0216807063656,857.3175445178559,19565.5114918,16773856.269385869,52545.0
2026-01-31 00:00:00+00:00,857.2628566821958,859.2059956284702,748.7987532475116,780.4495570233826,13710.5079215,10700359.833900252,42825.0
2026-02-01 00:00:00+00:00,780.400783670101,788.5746932412767,739.4774302719436,757.6434850110595,8470.2229185,6417409.210792887,38083.0
2026-02-02 00:00:00+00:00,757.821780469963,780.5738297771771,728.0606128203389,773.1118955083548,10600.941499700002,8195713.97700625,35810.0
2026-02-03 00:00:00+00:00,772.7552044868087,782.7112141017228,735.3942072675318,753.505733560478,7529.4240183,5673464.168197024,27069.0
2026-02-04 00:00:00+00:00,753.584547122811,764.0775306507618,685.6984016669463,695.9436190549337,9265.2995551,6448126.104004362,32879.0
2026-02-05 00:00:00+00:00,695.9354276286531,700.9327607692554,601.436079925459,607.0815659621571,19008.1123403,11539474.605533926,59576.0
2026-02-06 00:00:00+00:00,607.2910987042618,669.3253080971195,569.9675788050914,656.9094056433677,18791.089149499996,12344043.204589577,60481.0
2026-02-07 00:00:00+00:00,656.667977007825,663.2592099904841,630.5474796896723,646.687435503098,8128.2296623,5256423.995492999,28594.0
2026-02-08 00:00:00+00:00,646.7137605659083,652.4308782386927,632.1318648768525,639.6018163183982,3624.6279574000005,2318318.6250314857,18653.0
2026-02-09 00:00:00+00:00,639.6054680950289,645.4992263422671,615.5441293696468,636.0063134868246,5330.496863399999,3390229.659144115,24838.0
2026-02-10 00:00:00+00:00,636.4354297920232,641.2638195054141,613.3753565100657,619.3442404317024,4641.115614,2874448.224708544,19644.0
2026-02-11 00:00:00+00:00,619.572630650955,623.4801667154094,587.174994861273,607.4701849141264,9814.664895099999,5962116.298696581,29839.0
2026-02-12 00:00:00+00:00,607.7934087584895,620.2240232712429,600.1943839344858,613.614048466305,4634.3797519,2843720.521693629,19693.0
2026-02-13 00:00:00+00:00,613.4535481735217,622.320218012899,592.1235340984963,618.6122397334946,5398.3597740000005,3339491.430681342,21547.0
2026-02-14 00:00:00+00:00,618.7346761823867,636.9284213680576,615.5931290930233,632.3567760743904,2534.5848488,1602761.9036741643,13521.0
2026-02-16 00:00:00+00:00,614.5637069681156,630.6509964649977,604.1993999600837,627.064663270083,2857.6176962,1791911.0784222833,15414.0
2026-02-17 00:00:00+00:00,626.7746880054134,631.101480333988,609.2737662876374,617.439020511565,2662.5766974,1643978.7480795735,15788.0
2026-02-18 00:00:00+00:00,617.5655997788015,625.9276710948442,601.0804651611421,604.3574484113647,2427.0452009,1466802.8447949719,14267.0
2026-02-19 00:00:00+00:00,604.2225097777025,614.2291348232308,596.2195116369785,607.8151504377645,2489.2314123000006,1512992.5653415339,13819.0
2026-02-20 00:00:00+00:00,607.5572292785547,629.4346566942294,601.1671017094454,625.6928084187326,3124.913607,1955235.9708297418,16946.0
2026-02-21 00:00:00+00:00,626.0320350393467,634.3949076954184,623.7709748437528,625.7477124752103,1931.5642553999999,1208671.9143154328,11145.0
2026-02-22 00:00:00+00:00,625.5716355696793,626.6053237880856,609.8896825440896,614.5200356894586,1327.9203079,816033.6350034648,9669.0
2026-02-23 00:00:00+00:00,614.543639014524,615.4374727237363,582.8493501112823,595.9566336649859,4093.022838100001,2439264.1121079833,20872.0
2026-02-24 00:00:00+00:00,596.2771439475903,602.2665047307146,577.1232736808432,583.5869651821721,1788.8649294,1043958.2552693665,14401.0
2026-02-25 00:00:00+00:00,583.8002096494903,640.6922615244919,581.6222066771782,629.2584716006872,3546.8109742,2231860.852681637,19751.0
2026-02-26 00:00:00+00:00,629.3370562207036,633.652994323458,614.4445879001089,625.786186693689,1642.0378253999997,1027564.5891638634,13325.0
2026-02-27 00:00:00+00:00,625.7279672571418,633.486626786102,605.6967142949916,613.9793055666138,2714.9714102,1666936.261067806,16378.0
2026-02-28 00:00:00+00:00,613.8358407631551,621.2582731863944,589.011728546887,616.8928971872012,3261.1731825,2011794.5727816306,23619.0
2026-03-01 00:00:00+00:00,617.2188758974185,631.8196436692084,611.1988629744161,617.5636006902139,3770.0861475,2328267.976162397,21810.0
2026-03-02 00:00:00+00:00,618.0467192455402,652.8936668969412,613.0986407707212,637.585373916256,4271.9051166,2723704.221102178,25412.0
2026-03-03 00:00:00+00:00,637.658434828751,642.076039723634,620.835903605157,633.3993346723446,4884.203698,3093651.372717405,25836.0
2026-03-04 00:00:00+00:00,633.5986989249964,666.3698381347813,626.3489795712862,658.4532791288398,4379.4285588,2883649.095252349,22992.0
2026-03-05 00:00:00+00:00,658.3166226457226,665.337996573844,646.5824870330606,647.6556116032285,3838.3114508,2485903.9501915495,16068.0
2026-03-06 00:00:00+00:00,648.0937935528635,651.7025166425985,625.0809085743488,627.6567096046283,3390.7022526,2128197.0191159174,14939.0
2026-03-07 00:00:00+00:00,627.3565180523398,630.1475213804438,618.0838778800967,620.1740954175494,1276.9643196,791940.1917884165,9655.0
2026-03-08 00:00:00+00:00,620.5851586960591,624.0537808815886,608.0417576410784,611.8310403960079,1773.0782262999999,1084824.2959006373,12882.0
2026-03-09 00:00:00+00:00,612.039513800705,642.8067085089679,611.3578634282404,634.6319469262099,3408.8844021,2163386.944951112,18052.0
2026-03-10 00:00:00+00:00,634.7473319885762,652.5229572075282,634.6495678850988,642.0499794058736,2073.3519504,1331195.577055448,13119.0
2026-03-11 00:00:00+00:00,642.0444252162029,655.8996865789776,635.4938939062243,651.4660757502177,2618.4900855,1705857.460391537,15352.0
2026-03-12 00:00:00+00:00,651.4063724470365,657.5117163110593,641.6011999678249,651.7385463754753,1896.6292431,1236106.3859112118,16751.0
2026-03-13 00:00:00+00:00,651.6013355965954,679.0487850703429,650.7730387535768,655.9568009039816,4521.0713249,2965627.48294013,23895.0
2026-03-14 00:00:00+00:00,655.7721679063171,658.1881462779489,650.4087011658621,657.8119255244258,980.8503481,645215.0561349643,10808.0
2026-03-15 00:00:00+00:00,657.6928658407786,679.1274759927069,654.6732801375331,673.9413660316505,2288.3241186000005,1542196.282412457,15034.0
2026-03-16 00:00:00+00:00,674.3107041191261,686.9447236966521,670.3859705753536,679.5282125044669,3131.5847701,2128000.2011322645,17557.0
2026-03-17 00:00:00+00:00,679.3845578763578,686.3364180584135,663.7305657853688,668.7456840782897,2843.5349232,1901601.7074158909,14130.0
2026-03-18 00:00:00+00:00,668.8608345689497,676.6320608521806,644.4790684348598,652.1697177527947,2220.0969779,1447880.0194608755,14058.0
2026-03-19 00:00:00+00:00,652.0542597619551,656.1493255270939,622.8091283320671,639.0525519617609,3557.9607392,2273723.890165513,15226.0
2026-03-20 00:00:00+00:00,638.9983283102231,647.4420163764728,624.888669553506,642.1136537552595,3339.9229052000005,2144610.0999188535,14914.0
2026-03-21 00:00:00+00:00,642.1981437678274,646.1381851717765,627.8624847063346,630.0015129756971,910.6570537000001,573715.3216329907,9129.0
2026-03-22 00:00:00+00:00,630.1504822504047,637.3083441622563,622.2304057194445,626.209975141915,1563.6168853999998,979152.4909378125,13133.0
2026-03-23 00:00:00+00:00,626.5268993210307,650.2966849390974,620.3952612529663,638.8860050138247,5289.2787889,3379246.1948446822,20324.0
2026-03-24 00:00:00+00:00,639.1863823125867,639.8865543534221,626.6066936496799,638.0644867359218,1714.1172274000003,1093717.3289061827,12978.0
2026-03-25 00:00:00+00:00,638.312193263778,652.6447032956659,637.4539009338298,647.3575177511082,1792.1800268,1160181.2135123624,12852.0
2026-03-26 00:00:00+00:00,647.5589766937563,648.2720055108913,622.6948013641179,628.5349779207802,1838.3146477999999,1155445.0565664198,12995.0
2026-03-27 00:00:00+00:00,628.461017978585,631.4113762887129,605.5826360696095,613.1631037724225,2179.4291027000004,1336345.5130634778,13370.0
2026-03-28 00:00:00+00:00,613.4456965478165,618.4774383967414,609.6770206189582,610.5616324760584,1257.5931917,767838.1521151287,10642.0
2026-03-29 00:00:00+00:00,610.3872454696767,614.5858750036466,596.5823222848996,605.5900570800243,1667.9888173999998,1010117.4431381081,12270.0
2026-03-30 00:00:00+00:00,605.7059854297,620.9090008270095,604.7142550951723,608.6045441568095,3051.3240314,1857049.6712049153,15926.0
2026-03-31 00:00:00+00:00,608.753075651448,619.2929547566724,598.7667023041604,616.7365856783837,3225.405605299999,1989225.640440642,17148.0
2026-04-01 00:00:00+00:00,616.7867488681437,621.3201870576875,609.7675751215985,610.6317688285945,2959.0178210000004,1806870.2860325638,16043.0
2026-04-02 00:00:00+00:00,610.6661683442817,613.5384077679275,570.2946704432508,583.2896597771816,3133.9559162,1828004.0801169833,20430.0
2026-04-03 00:00:00+00:00,583.4356364756312,590.2168375523905,582.0047887470463,588.2818190207132,1433.5665549999997,843341.1406626571,11763.0
2026-04-04 00:00:00+00:00,588.090959060076,596.2612792338731,587.244675526646,593.4310294657064,743.6716472,441317.83118235366,9762.0
2026-04-05 00:00:00+00:00,593.2586849798429,603.6214177918788,587.2242959945474,601.3909095022981,1002.8864250999999,603126.7793183973,10424.0
2026-04-06 00:00:00+00:00,601.5875314668482,610.1687879721768,596.5613329843445,600.1345165038218,2158.1947398,1295207.1566909647,14977.0
2026-04-07 00:00:00+00:00,599.9699999901518,624.7537728203163,592.2486787141556,620.3044014885971,2283.004181999999,1416157.5427114738,13456.0
2026-04-08 00:00:00+00:00,620.0314009606489,621.374234321555,601.2041740307869,605.3832587245889,2013.5845418999997,1218990.3716928805,8798.0
