date,Close,High,Low,Open,Volume,AdjClose,AdjHigh,AdjLow,AdjOpen,AdjVolume,divcash,splitfactor
2024-04-09 00:00:00+00:00,124.86,126.74,124.22,126.18,3126192,117.0880942579,118.8510737326,116.4879310325,118.3259309103,3126192,0.0,1.0
2024-04-10 00:00:00+00:00,124.93,125.26,123.24,123.39,3025305,117.1537371107,117.4631962738,115.5689310936,115.7095943495,3025305,0.0,1.0
2024-04-11 00:00:00+00:00,125.4,125.88,124.13,125.48,2418961,117.5944819794,118.0446043984,116.4035330789,117.6695023825,2418961,0.0,1.0
2024-04-12 00:00:00+00:00,124.51,127.06,124.35,126.74,3343015,116.759879994,119.1511553453,116.6098391877,118.8510737326,3343015,0.0,1.0
2024-04-15 00:00:00+00:00,123.9,126.05,123.52,125.81,2896694,116.1878494198,118.2040227552,115.8315025047,117.9789615456,2896694,0.0,1.0
2024-04-16 00:00:00+00:00,123.45,124.2505,121.79,123.07,3044113,115.7658596519,116.5165325612,114.209186286,115.4095127368,3044113,0.0,1.0
2024-04-17 00:00:00+00:00,124.53,125.21,123.26,124.95,3075118,116.7786350948,117.4163085218,115.5876861944,117.1724922115,3075118,0.0,1.0
2024-04-18 00:00:00+00:00,122.75,124.095,122.51,123.3,2841036,115.1094311241,116.3707116525,114.8843699146,115.625196396,2841036,0.0,1.0
2024-04-19 00:00:00+00:00,122.71,124.54,122.46,123.48,5183469,115.0719209225,116.7880126452,114.8374821626,115.7939923031,5183469,0.0,1.0
2024-04-22 00:00:00+00:00,125.26,126.25,122.57,122.59,3798340,117.4631962738,118.3915737631,114.940635217,114.9593903178,3798340,0.0,1.0
2024-04-23 00:00:00+00:00,128.64,128.76,126.34,126.57,3703606,120.632808308,120.7453389128,118.4759717167,118.6916553758,3703606,0.0,1.0
2024-04-24 00:00:00+00:00,126.16,127.32,125.35,127.16,3143089,118.3071758095,119.3949716556,117.5475942274,119.2449308492,3143089,0.0,1.0
2024-04-25 00:00:00+00:00,125.79,125.85,123.2096,123.69,3434352,117.9602064448,118.0164717472,115.5404233404,115.9909208615,3434352,0.0,1.0
2024-04-26 00:00:00+00:00,126.85,127.9,125.99,126.15,3312457,118.9542267869,119.9388695786,118.1477574528,118.2977982591,3312457,0.0,1.0
2024-04-29 00:00:00+00:00,126.88,127.97,126.52,127.32,2110861,118.9823594381,120.0045124314,118.6447676238,119.3949716556,2110861,0.0,1.0
2024-04-30 00:00:00+00:00,128.31,130.4631,127.49,128.05,7841046,120.3233491449,122.3424295209,119.5543900123,120.0795328346,7841046,0.0,1.0
2024-05-01 00:00:00+00:00,129.21,130.13,127.5,127.8,5217688,121.1673286806,122.0300633172,119.5637675627,119.8450940747,5217688,0.0,1.0
2024-05-02 00:00:00+00:00,124.02,127.94,123.83,127.94,8487072,116.3003800246,119.9763797802,116.122206567,119.9763797802,8487072,0.0,1.0
2024-05-03 00:00:00+00:00,123.05,123.77,121.2902,122.92,5932926,115.390757636,116.0659412646,113.7404963172,115.2688494809,5932926,0.0,1.0
2024-05-06 00:00:00+00:00,124.59,124.64,121.78,122.0,3636591,116.8349003972,116.8817881492,114.1998087356,114.4061148444,3636591,0.0,1.0
2024-05-07 00:00:00+00:00,127.29,127.8,126.38,126.65,4167492,119.3668390044,119.8450940747,118.5134819183,118.766675779,4167492,0.0,1.0
2024-05-08 00:00:00+00:00,126.69,128.43,126.62,127.51,4060256,118.8041859806,120.4358797497,118.7385431278,119.5731451131,4060256,0.0,1.0
2024-05-09 00:00:00+00:00,128.66,128.8,126.94,127.44,2374007,120.6515634088,120.7828491144,119.0386247405,119.5075022604,2374007,0.0,1.0
2024-05-10 00:00:00+00:00,128.42,130.27,128.33,129.09,3081075,120.4265021993,122.1613490227,120.3421042457,121.0547980759,3081075,0.0,1.0
2024-05-13 00:00:00+00:00,132.41,133.5,130.4,131.47,6144954,124.1681448077,125.190297801,122.2832571779,123.2866550704,6144954,0.0,1.0
2024-05-14 00:00:00+00:00,132.92,133.0,131.3,132.18,2920656,124.646399878,124.7214202811,123.1272367136,123.9524611486,2920656,0.0,1.0
2024-05-15 00:00:00+00:00,134.66,134.79,132.9,132.945,3719691,126.2780936471,126.4000018022,124.6276447772,124.669843754,3719691,0.0,1.0
2024-05-16 00:00:00+00:00,133.04,133.67,132.48,133.13,2894421,124.7589304827,125.3497161577,124.2337876605,124.8433284363,2894421,0.0,1.0
2024-05-17 00:00:00+00:00,131.89,132.0863,130.85,131.94,2590304,123.6805121871,123.8645935014,122.7052469458,123.727399939,2590304,0.0,1.0
2024-05-20 00:00:00+00:00,132.91,133.62,131.0,131.45,2411685,124.6370223276,125.3028284058,122.8459102017,123.2678999696,2411685,0.0,1.0
2024-05-21 00:00:00+00:00,135.16,135.48,133.32,133.36,3559763,126.7469711669,127.0470527796,125.0215018938,125.0590120954,3559763,0.0,1.0
2024-05-22 00:00:00+00:00,134.03,134.65,132.77,133.6,2683027,125.687307972,126.2687160967,124.505736622,125.284073305,2683027,0.0,1.0
2024-05-23 00:00:00+00:00,135.57,137.22,135.0,136.46,4370676,127.1314507332,128.6787465487,126.5969303606,127.9660527185,4370676,0.0,1.0
2024-05-24 00:00:00+00:00,136.04,136.695,134.22,134.5,2845222,127.5721956018,128.1864251529,125.8654814296,126.1280528407,2845222,0.0,1.0
2024-05-28 00:00:00+00:00,134.08,134.59,132.7,134.45,3145648,125.734195724,126.2124507943,124.4400937692,126.0811650887,3145648,0.0,1.0
2024-05-29 00:00:00+00:00,132.68,133.14,132.06,132.35,3169150,124.4213386684,124.8527059867,123.8399305438,124.1118795053,3169150,0.0,1.0
2024-05-30 00:00:00+00:00,132.8,134.58,132.78,133.89,2759864,124.5338692732,126.2030732439,124.5151141724,125.5560222665,2759864,0.0,1.0
2024-05-31 00:00:00+00:00,135.28,135.86,133.7601,135.04,3446348,126.8595017717,127.4033996947,125.4342078868,126.6344405621,3446348,0.0,1.0
2024-06-03 00:00:00+00:00,135.62,136.69,133.68,133.85,4496711,127.1783384852,128.1817363777,125.3590937081,125.5185120649,4496711,0.0,1.0
2024-06-04 00:00:00+00:00,139.92,140.0,135.78,136.44,5071172,131.2106851559,131.2857055591,127.3283792915,127.9472976177,5071172,0.0,1.0
2024-06-05 00:00:00+00:00,141.0,142.4095,140.08,141.36,3786730,132.2234605988,133.5452263273,131.3607259623,132.5610524131,3786730,0.0,1.0
2024-06-06 00:00:00+00:00,142.4,142.94,140.8901,141.19,4369174,133.5363176544,134.0427053758,132.1204013199,132.4016340563,4369174,0.0,1.0
2024-06-07 00:00:00+00:00,142.88,143.73,142.27,143.07,3511197,133.9864400735,134.7835318572,133.4144094992,134.164613531,3511197,0.0,1.0
2024-06-10 00:00:00+00:00,143.63,143.94,141.25,142.115,3655019,134.6897563532,134.9804604155,132.4578993587,133.2690574681,3655019,0.0,1.0
2024-06-11 00:00:00+00:00,141.79,142.94,141.02,141.91,4433332,132.9642870802,134.0427053758,132.2422156996,133.0768176849,4433332,0.0,1.0
2024-06-12 00:00:00+00:00,143.26,144.5,142.0,143.52,3242786,134.3427869885,135.5056032378,133.1612156385,134.5866032989,3242786,0.0,1.0
2024-06-13 00:00:00+00:00,142.49,142.91,141.14,142.83,2857184,133.620715608,134.0145727246,132.3547463044,133.9395523215,2857184,0.0,1.0
2024-06-14 00:00:00+00:00,142.5,143.18,141.89,142.21,2831653,133.6300931584,134.2677665854,133.0580625841,133.3581441968,2831653,0.0,1.0
2024-06-17 00:00:00+00:00,140.37,142.13,140.34,142.0,3164448,131.6326749238,133.2831237937,131.6045422726,133.1612156385,3164448,0.0,1.0
2024-06-18 00:00:00+00:00,140.8,141.71,139.78,141.06,2640226,132.0359095909,132.889266677,131.0793994504,132.2797259012,2640226,0.0,1.0
2024-06-20 00:00:00+00:00,140.99,143.59,140.81,141.51,3205591,132.2140830484,134.6522461516,132.0452871413,132.7017156691,3205591,0.0,1.0
2024-06-21 00:00:00+00:00,141.96,142.56,141.21,141.46,3033303,133.1237054369,133.6863584607,132.4203891571,132.6548279171,3033303,0.0,1.0
2024-06-24 00:00:00+00:00,142.28,142.66,141.51,141.87,2992090,133.4237870496,133.7801339647,132.7017156691,133.0393074833,2992090,0.0,1.0
2024-06-25 00:00:00+00:00,146.91,148.15,144.68,145.51,6341691,137.7655928835,138.9284091327,135.6743991449,136.4527358279,6341691,0.0,1.0
2024-06-26 00:00:00+00:00,143.67,145.6193,142.7941,145.56,4384515,134.7272665548,136.5552324537,133.9058869155,136.4996235799,4384515,0.0,1.0
2024-06-27 00:00:00+00:00,144.49,145.36,143.43,143.86,2592441,135.4962256874,136.3120725719,134.5022053453,134.9054400124,2592441,0.0,1.0
2024-06-28 00:00:00+00:00,142.74,145.59,142.67,144.66,2757544,133.8551543679,136.5277562311,133.7895115151,135.6556440441,2757544,0.0,1.0
2024-07-01 00:00:00+00:00,145.42,145.99,143.56,143.59,3435776,136.3683378743,136.9028582469,134.6241135005,134.6522461516,3435776,0.0,1.0
2024-07-02 00:00:00+00:00,142.98,143.37,139.03,141.69,6594458,134.0802155774,134.4459400429,130.3760831706,132.8705115762,6594458,0.0,1.0
2024-07-03 00:00:00+00:00,138.87,141.52,136.01,141.34,7455753,130.2260423642,132.7110932194,127.5440629507,132.5422973123,7455753,0.0,1.0
2024-07-05 00:00:00+00:00,142.37,142.86,140.3509,140.41,3664490,133.5081850032,133.9676849727,131.6147638025,131.6701851254,3664490,0.0,1.0
2024-07-08 00:00:00+00:00,143.07,143.69,142.18,142.28,2909444,134.164613531,134.7460216556,133.3300115457,133.4237870496,2909444,0.0,1.0
2024-07-09 00:00:00+00:00,140.43,141.29,139.07,140.75,4584970,131.6889402262,132.4954095603,130.4135933722,131.9890218389,4584970,0.0,1.0
2024-07-10 00:00:00+00:00,142.74,142.79,139.6821,139.85,3045219,133.8551543679,133.9020421199,130.987593232,131.1450423031,3045219,0.0,1.0
2024-07-11 00:00:00+00:00,139.79,142.53,138.8,142.27,3837819,131.0887770008,133.6582258096,130.1603995114,133.4144094992,3837819,0.0,1.0
2024-07-12 00:00:00+00:00,142.08,143.4899,141.63,141.75,2877642,133.2362360417,134.5583768722,132.8142462738,132.9267768786,2877642,0.0,1.0
2024-07-15 00:00:00+00:00,141.39,143.49,141.07,143.25,2434117,132.5891850643,134.5584706477,132.2891034516,134.3334094381,2434117,0.0,1.0
2024-07-16 00:00:00+00:00,140.87,142.23,140.61,142.0,2221103,132.1015524436,133.3768992976,131.8577361333,133.1612156385,2221103,0.0,1.0
2024-07-17 00:00:00+00:00,135.42,136.62,134.43,136.41,6703784,126.9907874772,128.1160935249,126.0624099879,127.9191649665,6703784,0.0,1.0
2024-07-18 00:00:00+00:00,129.99,134.97,126.83,134.94,9758249,121.8987776116,126.5687977094,118.9354716861,126.5406650582,9758249,0.0,1.0
2024-07-19 00:00:00+00:00,131.54,133.5,131.3,132.61,4319544,123.3522979232,125.190297801,123.1272367136,124.3556958157,4319544,0.0,1.0
2024-07-22 00:00:00+00:00,133.18,133.26,131.85,132.003,3720422,124.8902161883,124.9652365915,123.6430019855,123.7864785065,3720422,0.0,1.0
2024-07-23 00:00:00+00:00,133.28,134.67,133.02,133.56,2383245,124.9839916923,126.2874711975,124.7401753819,125.2465631034,2383245,0.0,1.0
2024-07-24 00:00:00+00:00,131.6,132.9,130.92,132.5,2663352,123.4085632255,124.6276447772,122.7708897985,124.2525427613,2663352,0.0,1.0
2024-07-25 00:00:00+00:00,127.86,129.98,126.35,129.1,5326126,119.901359377,121.8894000612,118.4853492671,121.0641756263,5326126,0.0,1.0
2024-07-26 00:00:00+00:00,126.73,128.26,126.36,126.86,3179137,118.8416961822,120.2764613929,118.4947268175,118.9636043373,3179137,0.0,1.0
2024-07-29 00:00:00+00:00,128.05,129.5295,127.38,128.01,3093983,120.0795328346,121.4669414158,119.451236958,120.042022633,3093983,0.0,1.0
2024-07-30 00:00:00+00:00,129.23,131.67,127.59,131.1,4388093,121.1860837814,123.4742060783,119.6481655163,122.9396857057,4388093,0.0,1.0
2024-07-31 00:00:00+00:00,132.63,132.89,131.64,132.75,3580362,124.3744509164,124.6182672268,123.4460734271,124.4869815212,3580362,0.0,1.0
2024-08-01 00:00:00+00:00,132.46,134.34,131.1,132.05,3669049,124.2150325597,125.9780120343,122.9396857057,123.8305529934,3669049,0.0,1.0
2024-08-02 00:00:00+00:00,127.49,130.13,126.85,129.78,4774033,119.5543900123,122.0300633172,118.9542267869,121.7018490533,4774033,0.0,1.0
2024-08-05 00:00:00+00:00,126.0,127.42,122.73,123.885,5888813,118.1571350032,119.4887471596,115.0906760233,116.1737830942,5888813,0.0,1.0
2024-08-06 00:00:00+00:00,130.12,131.27,128.28,128.75,6994281,122.0206857668,123.0991040624,120.2952164937,120.7359613624,6994281,0.0,1.0
2024-08-07 00:00:00+00:00,119.23,123.62,118.8,122.69,13899863,111.8085333844,115.9252780087,111.4052987173,115.0531658218,13899863,0.0,1.0
2024-08-08 00:00:00+00:00,128.17,128.34,123.21,125.89,10281322,120.1920634393,120.3514817961,115.5407984424,118.0539819488,10281322,0.0,1.0
2024-08-09 00:00:00+00:00,133.47,134.65,130.21,130.44,7503650,125.1621651498,126.2687160967,122.1050837204,122.3207673795,7503650,0.0,1.0
2024-08-12 00:00:00+00:00,129.89,132.03,129.55,131.57,3602690,121.8050021076,123.8117978926,121.4861653941,123.3804305744,3602690,0.0,1.0
2024-08-13 00:00:00+00:00,133.57,134.25,131.56,131.56,3343413,125.2559406538,125.8936140808,123.371053024,123.371053024,3343413,0.0,1.0
2024-08-14 00:00:00+00:00,134.42,134.85,132.24,132.7,1967949,126.0530324375,126.4562671046,124.008726451,124.4400937692,1967949,0.0,1.0
2024-08-15 00:00:00+00:00,137.57,137.69,135.545,136.61,2916109,129.0069608126,129.1194914174,127.1080068572,128.1067159745,2916109,0.0,1.0
2024-08-16 00:00:00+00:00,134.89,135.67,134.66,135.4,2111269,126.9785043866,127.7127562468,126.7619942227,127.4585921414,2111269,0.5169016,1.0
2024-08-19 00:00:00+00:00,135.25,136.13,134.95,135.07,1681766,127.3173898606,128.1457765746,127.0349852989,127.1479471236,1681766,0.0,1.0
2024-08-20 00:00:00+00:00,135.81,136.34,134.535,135.19,2106872,127.8445450422,128.3434597677,126.6443256554,127.2609089482,2106872,0.0,1.0
2024-08-21 00:00:00+00:00,134.96,135.57,133.38,135.35,2410507,127.0443987843,127.6186213929,125.5570680932,127.4115247144,2410507,0.0,1.0
2024-08-22 00:00:00+00:00,136.88,138.49,136.11,137.33,2723769,128.8517879787,130.367359126,128.1269496038,129.2753948211,2723769,0.0,1.0
2024-08-23 00:00:00+00:00,136.97,137.145,135.92,136.57,2112195,128.9365093471,129.1012453414,127.9480933815,128.5599699317,2112195,0.0,1.0
2024-08-26 00:00:00+00:00,135.3,135.7199,134.62,135.24,1781087,127.3644572875,127.7597295389,126.7243402812,127.3079763752,1781087,0.0,1.0
2024-08-27 00:00:00+00:00,135.18,135.5,133.77,133.91,2124429,127.2514954628,127.5527269952,125.9241940233,126.0559828187,2124429,0.0,1.0
2024-08-28 00:00:00+00:00,134.48,135.17,134.1,134.66,2765436,126.5925514857,127.2420819775,126.234839041,126.7619942227,2765436,0.0,1.0
2024-08-29 00:00:00+00:00,137.52,137.88,135.7419,136.47,2754942,129.4542510434,129.7931365174,127.7804392067,128.4658350778,2754942,0.0,1.0
2024-08-30 00:00:00+00:00,139.16,139.735,137.85,138.21,2718338,130.9980626469,131.5393380567,129.7648960612,130.1037815351,2718338,0.0,1.0
2024-09-03 00:00:00+00:00,136.26,138.62,135.83,138.56,2309750,128.2681518847,130.489734436,127.863372013,130.4332535237,2309750,0.0,1.0
2024-09-04 00:00:00+00:00,134.53,134.91,133.63,134.04,1809727,126.6396189127,126.9973313574,125.7924052278,126.1783581287,1809727,0.0,1.0
2024-09-05 00:00:00+00:00,130.89,132.66,130.53,132.01,2883491,123.2131102318,124.8792971453,122.8742247578,124.2674205951,2883491,0.0,1.0
2024-09-06 00:00:00+00:00,131.14,134.16,130.57,133.76,2591817,123.4484473665,126.2913199534,122.9118786994,125.9147805379,2591817,0.0,1.0
2024-09-09 00:00:00+00:00,131.91,132.94,130.91,132.03,1881805,124.1732857413,125.1428747361,123.2319372026,124.2862475659,1881805,0.0,1.0
2024-09-10 00:00:00+00:00,129.78,130.12,128.4,129.23,2246709,122.1682133538,122.488271857,120.8691523704,121.6504716575,2246709,0.0,1.0
2024-09-11 00:00:00+00:00,135.23,135.82,130.98,133.14,3930305,127.2985628898,127.8539585276,123.2978316003,125.3311444439,3930305,0.0,1.0
2024-09-12 00:00:00+00:00,136.66,136.965,134.65,135.24,2170771,128.6446913001,128.9318026044,126.7525807373,127.3079763752,2170771,0.0,1.0
2024-09-13 00:00:00+00:00,137.0,137.89,136.3662,136.86,2375332,128.9647498033,129.8025500027,128.3681230995,128.8329610079,2375332,0.0,1.0
2024-09-16 00:00:00+00:00,136.9,138.2215,136.77,138.06,1776310,128.8706149494,130.1146070433,128.7482396394,129.9625792543,1776310,0.0,1.0
2024-09-17 00:00:00+00:00,132.0,135.16,131.8,133.6,3515829,124.2580071097,127.2326684921,124.069737402,125.7641647717,3515829,0.0,1.0
2024-09-18 00:00:00+00:00,132.06,133.27,131.3,132.83,2854757,124.3144880221,125.4535197539,123.5990631326,125.0393263969,2854757,0.0,1.0
2024-09-19 00:00:00+00:00,134.88,135.2,133.63,134.66,2653850,126.9690909012,127.2703224336,125.7924052278,126.7619942227,2653850,0.0,1.0
2024-09-20 00:00:00+00:00,127.51,129.48,126.13,129.1,9683501,120.0313521709,121.8858087922,118.7322911875,121.5280963475,9683501,0.0,1.0
2024-09-23 00:00:00+00:00,123.7,125.2732,122.9415,124.0,7069896,116.4448142385,117.9257437596,115.7308013718,116.7272188001,7069896,0.0,1.0
2024-09-24 00:00:00+00:00,125.44,126.66,123.77,124.32,4974076,118.0827606958,119.231205913,116.5107086362,117.0284503325,4974076,0.0,1.0
2024-09-25 00:00:00+00:00,126.95,127.61,126.4,127.37,2943638,119.5041969893,120.1254870248,118.986455293,119.8995633755,2943638,0.0,1.0
2024-09-26 00:00:00+00:00,124.3,125.62,123.98,125.6,4369528,117.0096233617,118.2522034328,116.7083918293,118.233376462,4369528,0.0,1.0
2024-09-27 00:00:00+00:00,120.76,121.34,119.15,120.55,9655278,113.6772495346,114.2232316871,112.1616783873,113.4795663415,9655278,0.0,1.0
2024-09-30 00:00:00+00:00,119.07,119.12,117.49,117.59,6852177,112.0863705042,112.1334379312,110.5990398131,110.6931746669,6852177,0.0,1.0
2024-10-01 00:00:00+00:00,118.01,118.92,117.3206,118.79,3978362,111.0885410532,111.9451682234,110.4395753706,111.8227929134,3978362,0.0,1.0
2024-10-02 00:00:00+00:00,116.48,116.79,115.4,116.68,5958588,109.648277789,109.940095836,108.6316213672,109.8365474967,5958588,0.0,1.0
2024-10-03 00:00:00+00:00,115.08,116.33,115.03,116.24,4320872,108.3303898348,109.5070755082,108.2833224078,109.4223541397,4320872,0.0,1.0
2024-10-04 00:00:00+00:00,115.12,115.16,113.79,114.24,6310401,108.3680437763,108.4056977179,107.1160502198,107.5396570623,6310401,0.0,1.0
2024-10-07 00:00:00+00:00,117.77,118.5493,117.02,117.14,4245268,110.8626174039,111.5962103201,110.1566059999,110.2695678245,4245268,0.0,1.0
2024-10-08 00:00:00+00:00,117.2,117.8866,116.59,117.44,3808005,110.3260487368,110.9723786435,109.7518261282,110.5519723861,3808005,0.0,1.0
2024-10-09 00:00:00+00:00,117.0,117.16,115.82,116.54,3971351,110.1377790291,110.2883947953,109.0269877534,109.7047587013,3971351,0.0,1.0
2024-10-10 00:00:00+00:00,117.53,118.44,117.115,117.98,2911320,110.6366937546,111.4933209248,110.246034111,111.060300597,2911320,0.0,1.0
2024-10-11 00:00:00+00:00,120.04,120.56,119.48,119.92,4115753,112.9994785868,113.4889798269,112.4723234051,112.8865167621,4115753,0.0,1.0
2024-10-14 00:00:00+00:00,119.78,120.4729,119.55,119.6,2477313,112.7547279667,113.4069883692,112.5382178028,112.5852852297,2477313,0.0,1.0
2024-10-15 00:00:00+00:00,117.81,119.0872,117.1434,118.99,3613939,110.9002713454,112.1025616991,110.2727684095,112.0110626211,3613939,0.0,1.0
2024-10-16 00:00:00+00:00,118.03,118.06,116.4402,116.95,3018985,111.107368024,111.1356084801,109.6108121171,110.0907116022,3018985,0.0,1.0
2024-10-17 00:00:00+00:00,118.22,119.0681,118.115,118.59,2998334,111.2862242463,112.084581942,111.1873826498,111.6345232056,2998334,0.0,1.0
2024-10-18 00:00:00+00:00,118.09,118.265,117.14,117.76,3193441,111.1638489363,111.3285849306,110.2695678245,110.8532039185,3193441,0.0,1.0
2024-10-21 00:00:00+00:00,117.33,117.96,116.88,117.95,3230592,110.4484240469,111.0414736263,110.0248172044,111.0320601409,3230592,0.0,1.0
2024-10-22 00:00:00+00:00,116.47,116.65,114.76,115.0,4689725,109.6388643036,109.8083070405,108.0291583024,108.2550819517,4689725,0.0,1.0
2024-10-23 00:00:00+00:00,115.74,116.435,114.9501,116.33,3220687,108.9516798703,109.6059171047,108.2081086596,109.5070755082,3220687,0.0,1.0
2024-10-24 00:00:00+00:00,113.92,115.26,113.91,115.21,4499880,107.2384255299,108.4998325717,107.2290120445,108.4527651448,4499880,0.0,1.0
2024-10-25 00:00:00+00:00,113.38,114.19,113.1,113.9,4564363,106.730097319,107.4925896353,106.4665197281,107.2195985591,4564363,0.0,1.0
2024-10-28 00:00:00+00:00,112.36,112.72,111.67,112.41,5356036,105.7699218095,106.1088072834,105.1203913178,105.8169892364,5356036,0.0,1.0
2024-10-29 00:00:00+00:00,111.98,113.27,111.15,111.62,8243374,105.4122093648,106.6265489797,104.6308900776,105.0733238908,8243374,0.0,1.0
2024-10-30 00:00:00+00:00,113.24,113.76,107.24,108.89,11109242,106.5983085235,107.0878097637,100.9502172913,102.5034423802,11109242,0.0,1.0
2024-10-31 00:00:00+00:00,111.95,112.16,109.63,110.21,8455278,105.3839689086,105.5816521017,103.2000402988,103.7460224513,8455278,0.0,1.0
2024-11-01 00:00:00+00:00,111.94,113.02,111.79,112.88,4554729,105.3745554232,106.391211845,105.2333531424,106.2594230496,4554729,0.0,1.0
2024-11-04 00:00:00+00:00,109.72,110.66,109.44,110.19,6215011,103.2847616673,104.1696292937,103.0211840764,103.7271954805,6215011,0.0,1.0
2024-11-05 00:00:00+00:00,110.13,110.3,107.7501,107.975,6604271,103.6707145682,103.8307438197,101.4303991809,101.6421084672,6604271,0.0,1.0
2024-11-06 00:00:00+00:00,105.36,108.75,105.03,108.27,12044632,99.1804820385,102.3716535847,98.8698370207,101.9198062862,12044632,0.0,1.0
2024-11-07 00:00:00+00:00,107.63,107.74,105.59,106.1,8363150,101.3173432214,101.4208915606,99.3969922024,99.8770799572,8363150,0.0,1.0
2024-11-08 00:00:00+00:00,107.2,107.87,106.425,107.15,5222612,100.9125633497,101.5432668707,100.1830182322,100.8654959228,5222612,0.0,1.0
2024-11-11 00:00:00+00:00,109.09,110.61,108.93,109.67,4941863,102.6917120879,104.1225618667,102.5410963217,103.2376942403,4941863,0.0,1.0
2024-11-12 00:00:00+00:00,107.06,107.61,105.7,106.81,5135444,100.7807745543,101.2985162506,99.5005405417,100.5454374196,5135444,0.0,1.0
2024-11-13 00:00:00+00:00,106.91,107.79,106.55,106.88,3157083,100.6395722735,101.4679589876,100.3006867996,100.6113318173,3157083,0.0,1.0
2024-11-14 00:00:00+00:00,105.32,107.0,105.0,106.83,4467141,99.142828097,100.724293642,98.8415965646,100.5642643904,4467141,0.0,1.0
2024-11-15 00:00:00+00:00,101.74,102.34,100.32,101.67,8076248,95.7728003284,96.3376094516,94.4360854034,95.7069059307,8076248,0.0,1.0
2024-11-18 00:00:00+00:00,99.81,101.0,99.42,100.32,8790052,93.9559976487,95.0762024097,93.5888717186,94.4360854034,8790052,0.0,1.0
2024-11-19 00:00:00+00:00,102.63,103.12,101.14,101.18,5778724,96.6106005278,97.0718613118,95.2079912051,95.2456451467,5778724,0.0,1.0
2024-11-20 00:00:00+00:00,105.27,105.74,103.0,103.43,7520708,99.09576067,99.5381944832,96.9588994872,97.3636793588,7520708,0.0,1.0
2024-11-21 00:00:00+00:00,102.63,103.22,101.5113,103.18,6185447,96.6106005278,97.1659961657,95.5575139176,97.1283422241,6185447,0.0,1.0
2024-11-22 00:00:00+00:00,105.06,106.24,103.86,103.91,6143345,98.8980774769,100.0088687526,97.7684592304,97.8155266574,6143345,0.0,1.0
2024-11-25 00:00:00+00:00,104.56,105.92,104.0001,105.31,4294622,98.4274032075,99.7076372202,97.9003421607,99.1334146116,4294622,0.0,1.0
2024-11-26 00:00:00+00:00,106.13,107.7,105.63,106.67,6761371,99.9053204133,101.3832376191,99.434646144,100.4136486242,6761371,0.0,1.0
2024-11-27 00:00:00+00:00,106.13,106.13,104.961,105.79,3990584,99.9053204133,99.9053204133,98.8048839716,99.5852619102,3990584,0.0,1.0
2024-11-29 00:00:00+00:00,106.8,107.4,105.35,105.43,2775149,100.5360239342,101.1008330575,99.1710685531,99.2463764362,2775149,0.0,1.0
2024-12-02 00:00:00+00:00,108.67,109.14,108.15,108.93,4948303,102.2963457016,102.7387795148,101.8068444615,102.5410963217,4948303,0.0,1.0
2024-12-03 00:00:00+00:00,109.2,110.88,109.05,110.78,4828723,102.7952604272,104.3767259722,102.6540581463,104.2825911183,4828723,0.0,1.0
2024-12-04 00:00:00+00:00,108.97,110.52,108.96,110.22,4485590,102.5787502633,104.0378404983,102.5693367779,103.7554359366,4485590,0.0,1.0
2024-12-05 00:00:00+00:00,108.82,109.3243,108.23,108.62,3914363,102.4375479824,102.9122700505,101.8821523446,102.2492782747,3914363,0.0,1.0
2024-12-06 00:00:00+00:00,110.77,111.3061,109.75,109.93,6045653,104.2731776329,104.7778345845,103.3130021234,103.4824448604,6045653,0.0,1.0
2024-12-09 00:00:00+00:00,111.08,111.99,110.3,111.72,4908910,104.5649956799,105.4216228502,103.8307438197,105.1674587447,4908910,0.0,1.0
2024-12-10 00:00:00+00:00,109.19,111.55,108.7,111.55,4621729,102.7858469418,105.0074294931,102.3245861578,105.0074294931,4621729,0.0,1.0
2024-12-11 00:00:00+00:00,111.69,112.52,110.02,110.45,6545662,105.1392182885,105.9205375757,103.5671662289,103.9719461005,6545662,0.0,1.0
2024-12-12 00:00:00+00:00,108.61,111.1691,108.41,110.88,3650826,102.2398647893,104.6488698347,102.0515950816,104.3767259722,3650826,0.0,1.0
2024-12-13 00:00:00+00:00,106.95,107.61,104.14,107.04,6250388,100.6772262151,101.2985162506,98.0320368213,100.7619475835,6250388,0.0,1.0
2024-12-16 00:00:00+00:00,108.05,109.88,107.87,109.29,5346878,101.7127096076,103.4353774335,101.5432668707,102.8799817956,5346878,0.0,1.0
2024-12-17 00:00:00+00:00,108.01,108.99,107.726,107.75,5415450,101.6750556661,102.597577234,101.4077126811,101.430305046,5415450,0.0,1.0
2024-12-18 00:00:00+00:00,105.96,109.04,105.4759,108.39,3760940,99.7452911617,102.644644661,99.2895843341,102.0327681108,3760940,0.0,1.0
2024-12-19 00:00:00+00:00,103.44,104.75,102.74,104.27,5344382,97.3730928442,98.6062594299,96.7141488671,98.1544121313,5344382,0.0,1.0
2024-12-20 00:00:00+00:00,85.0,86.53,81.5,82.72,53762446,80.0146257904,81.4548890546,76.7199059049,77.8683511221,53762446,0.0,1.0
2024-12-23 00:00:00+00:00,88.71,89.1,85.99,88.87,18997927,83.507028869,83.8741547991,80.9465608437,83.6576446352,18997927,0.0,1.0
2024-12-24 00:00:00+00:00,87.37,88.98,87.07,88.9,4774877,82.2456218271,83.7611929744,81.9632172655,83.6858850913,4774877,0.0,1.0
2024-12-26 00:00:00+00:00,87.65,88.06,86.87,87.17,6292075,82.5091994179,82.8951523188,81.7749475578,82.0573521194,6292075,0.0,1.0
2024-12-27 00:00:00+00:00,87.37,88.77,87.02,87.73,6066026,82.2456218271,83.5635097813,81.9161498386,82.584507301,6066026,0.0,1.0
2024-12-30 00:00:00+00:00,85.73,87.005,85.66,86.97,6109989,80.7018102236,81.9020296105,80.6359158259,81.8690824116,6109989,0.0,1.0
2024-12-31 00:00:00+00:00,86.02,86.05,85.0,85.415,4202390,80.9748012999,81.003041756,80.0146257904,80.4052854339,4202390,0.0,1.0
2025-01-02 00:00:00+00:00,87.52,88.51,87.185,87.91,4571212,82.3868241079,83.3187591612,82.0714723474,82.753950038,4571212,0.0,1.0
2025-01-03 00:00:00+00:00,87.65,88.1935,87.34,87.49,3768991,82.5091994179,83.0208223487,82.2173813709,82.3585836518,3768991,0.0,1.0
2025-01-06 00:00:00+00:00,85.03,86.34,84.795,86.11,10695664,80.0428662465,81.2760328322,79.8216493399,81.0595226683,10695664,0.0,1.0
2025-01-07 00:00:00+00:00,83.34,84.81,82.64,84.1,9567948,78.4519872161,79.835769568,77.793043239,79.1674121055,9567948,0.0,1.0
2025-01-08 00:00:00+00:00,85.64,85.7999,84.68,85.505,9196402,80.6170888551,80.7676104865,79.713394258,80.4900068024,9196402,0.0,1.0
2025-01-10 00:00:00+00:00,86.26,87.28,85.84,87.22,6774724,81.2007249491,82.1609004586,80.8053585629,82.1044195463,6774724,0.0,1.0
2025-01-13 00:00:00+00:00,84.62,84.72,83.69,84.42,7412352,79.6569133457,79.7510481995,78.7814592047,79.4686436379,7412352,0.0,1.0
2025-01-14 00:00:00+00:00,81.18,83.68,80.05,82.92,13694896,76.4186743725,78.7720457193,75.3549505238,78.0566208298,13694896,0.0,1.0
2025-01-15 00:00:00+00:00,82.92,83.815,82.71,83.36,9021498,78.0566208298,78.899127772,77.8589376367,78.4708141869,9021498,0.0,1.0
2025-01-16 00:00:00+00:00,83.07,83.99,82.19,82.74,6322359,78.1978231107,79.0638637663,77.3694363966,77.8871780929,6322359,0.0,1.0
2025-01-17 00:00:00+00:00,78.69,80.88,78.17,79.94,21265290,74.0747165111,76.1362698109,73.585215271,75.2514021845,21265290,0.0,1.0
2025-01-21 00:00:00+00:00,81.03,81.105,79.3199,79.68,8094304,76.2774720917,76.3480732321,74.6676719556,75.0066515644,8094304,0.0,1.0
2025-01-22 00:00:00+00:00,80.57,81.8,80.43,81.73,5910356,75.8444517639,77.0023104665,75.7126629685,76.9364160688,5910356,0.0,1.0
2025-01-23 00:00:00+00:00,81.1,81.72,80.3251,81.33,6765777,76.3433664894,76.9270025834,75.6139155068,76.5598766533,6765777,0.0,1.0
2025-01-24 00:00:00+00:00,87.97,89.97,86.57,89.97,27095411,82.8104309503,84.6931280278,81.4925429961,84.6931280278,27095411,0.0,1.0
2025-01-27 00:00:00+00:00,87.51,88.46,85.34,85.74,10864940,82.3774106225,83.2716917343,80.3346842935,80.711223709,10864940,0.0,1.0
2025-01-28 00:00:00+00:00,85.19,86.86,84.6,86.07,9534269,80.1934820127,81.7655340724,79.6380863749,81.0218687268,9534269,0.0,1.0
2025-01-29 00:00:00+00:00,84.03,85.67,83.9,85.62,6843913,79.1015177078,80.6453293113,78.9791423978,80.5982618844,6843913,0.0,1.0
2025-01-30 00:00:00+00:00,85.34,86.47,83.94,84.6,5798825,80.3346842935,81.3984081423,79.0167963393,79.6380863749,5798825,0.0,1.0
2025-01-31 00:00:00+00:00,84.45,85.44,84.29,84.87,6546154,79.4968840941,80.4288191474,79.3462683279,79.8922504803,6546154,0.0,1.0
2025-02-03 00:00:00+00:00,82.65,83.38,82.07,82.13,5460116,77.8024567244,78.4896411577,77.2564745719,77.3129554843,5460116,0.0,1.0
2025-02-04 00:00:00+00:00,82.62,83.44,81.27,81.62,9880721,77.7742162682,78.54612207,76.503395741,76.8328677295,9880721,0.0,1.0
2025-02-05 00:00:00+00:00,85.73,87.42,85.09,86.43,14099043,80.7018102236,82.292689254,80.0993471589,81.3607542007,14099043,0.0,1.0
2025-02-06 00:00:00+00:00,87.17,88.95,86.67,86.72,10575995,82.0573521194,83.7329525183,81.58667785,81.6337452769,10575995,0.0,1.0
2025-02-07 00:00:00+00:00,86.42,88.77,86.14,88.69,8700839,81.3513407153,83.5635097813,81.0877631245,83.4882018982,8700839,0.0,1.0
2025-02-10 00:00:00+00:00,83.91,85.92,83.65,85.7,9555036,78.9885558832,80.880666446,78.7438052631,80.6735697675,9555036,0.0,1.0
2025-02-11 00:00:00+00:00,83.74,84.245,82.87,83.51,5046817,78.8285266316,79.3039076436,78.0095534029,78.6120164677,5046817,0.0,1.0
2025-02-12 00:00:00+00:00,81.79,82.36,80.53,81.02,6427373,76.9928969811,77.5294656482,75.8067978223,76.2680586063,6427373,0.0,1.0
2025-02-13 00:00:00+00:00,78.83,80.14,78.7,79.54,10809249,74.2065053065,75.4396718922,74.0841299965,74.874862769,10809249,0.0,1.0
2025-02-14 00:00:00+00:00,77.87,79.0663,77.82,78.58,9875485,73.3028107094,74.4289459662,73.2557432824,73.9711681718,9875485,0.0,1.0
2025-02-18 00:00:00+00:00,82.33,82.68,81.06,82.1,8712148,77.501225192,77.8306971806,76.3057125478,77.2847150281,8712148,0.0,1.0
2025-02-19 00:00:00+00:00,83.4,83.63,82.56,82.94,5948149,78.5084681284,78.7249782923,77.7177353559,78.0754478006,5948149,0.0,1.0
2025-02-20 00:00:00+00:00,83.74,84.0,82.71,82.93,5015229,78.8285266316,79.0732772517,77.8589376367,78.0660343152,5015229,0.0,1.0
2025-02-21 00:00:00+00:00,88.08,89.23,85.7401,88.39,15128831,82.9139792896,83.9965301091,80.7113178439,83.2057973366,15128831,0.0,1.0
2025-02-24 00:00:00+00:00,90.59,91.1234,88.12,88.86,10476274,85.2767641218,85.7788794323,82.9516332311,83.6482311498,10476274,0.0,1.0
2025-02-25 00:00:00+00:00,90.95,93.8,89.0,92.28,11465917,85.6156495957,88.298492931,83.7800199452,86.8676431522,11465917,0.0,1.0
2025-02-26 00:00:00+00:00,89.55,91.12,89.28,91.03,7387830,84.2977616415,85.7756788473,84.043597536,85.6909574788,7387830,0.0,1.0
2025-02-27 00:00:00+00:00,89.22,90.19,88.91,88.95,6953839,83.9871166237,84.9002247063,83.6952985767,83.7329525183,6953839,0.0,1.0
2025-02-28 00:00:00+00:00,90.65,90.715,89.38,89.86,5962470,85.3332450341,85.3944326891,84.1377323899,84.5895796885,5962470,0.0,1.0
2025-03-03 00:00:00+00:00,89.37,90.74,89.0,90.66,4810878,84.1283189045,85.4179664026,83.7800199452,85.3426585195,4810878,0.0,1.0
2025-03-04 00:00:00+00:00,87.5,88.65,86.33,88.3,5203611,82.3679971371,83.4505479567,81.2666193469,83.1210759681,5203611,0.0,1.0
2025-03-05 00:00:00+00:00,90.86,91.9,90.29,91.5,8011740,85.5309282272,86.5099307075,84.9943595601,86.133391292,8011740,0.0,1.0
2025-03-06 00:00:00+00:00,88.04,89.0305,87.46,87.95,5450864,82.876325348,83.8087310756,82.3303431956,82.7916039796,5450864,0.0,1.0
2025-03-07 00:00:00+00:00,87.17,88.55,86.35,88.37,5278177,82.0573521194,83.3564131028,81.2854463176,83.1869703658,5278177,0.0,1.0
2025-03-10 00:00:00+00:00,78.95,80.7,78.3,79.81,12559620,74.3194671312,75.9668270739,73.707590581,75.1290268745,12559620,0.0,1.0
2025-03-11 00:00:00+00:00,78.11,79.27,77.0001,78.88,7433455,73.5287343587,74.6206986636,72.4839316155,74.2535727335,7433455,0.0,1.0
2025-03-12 00:00:00+00:00,74.79,75.34,73.8,74.32,10858198,70.4034572101,70.9211989064,69.4715221568,69.9610233969,10858198,0.0,1.0
2025-03-13 00:00:00+00:00,75.89,77.34,75.4,76.02,8228170,71.4389406027,72.8038959838,70.9776798187,71.5613159127,8228170,0.0,1.0
2025-03-14 00:00:00+00:00,77.15,77.55,75.24,75.75,6505934,72.6250397615,73.001579177,70.8270640526,71.3071518073,6505934,0.0,1.0
2025-03-17 00:00:00+00:00,80.15,80.56,79.35,79.64,5995754,75.4490853776,75.8350382785,74.6960065467,74.9689976229,5995754,0.0,1.0
2025-03-18 00:00:00+00:00,80.98,82.57,80.21,82.21,5696385,76.2304046648,77.7271488413,75.5055662899,77.3882633674,5696385,0.0,1.0
2025-03-19 00:00:00+00:00,79.0,80.23,78.48,80.15,6920565,74.3665345581,75.5243932607,73.877033318,75.4490853776,6920565,0.0,1.0
2025-03-20 00:00:00+00:00,78.79,79.56,78.49,79.22,4572466,74.168851365,74.8936897398,73.8864468034,74.5736312366,4572466,0.0,1.0
2025-03-21 00:00:00+00:00,76.86,77.29,75.52,75.96,5880455,72.3520486853,72.7568285569,71.0906416434,71.5048350004,5880455,0.0,1.0
2025-03-24 00:00:00+00:00,75.33,76.0,74.895,74.97,8083188,70.911785421,71.542488942,70.5022988067,70.5728999471,8083188,0.0,1.0
2025-03-25 00:00:00+00:00,73.6,76.05,73.2,75.88,8895588,69.2832524491,71.5895563689,68.9067130336,71.4295271173,8895588,0.0,1.0
2025-03-26 00:00:00+00:00,71.73,72.86,71.6,72.555,7613813,67.5229306817,68.5866545304,67.4005553717,68.2995432261,7613813,0.0,1.0
2025-03-27 00:00:00+00:00,70.16,70.64,69.77,70.155,7970846,66.0450134759,66.4968607745,65.6778875458,66.0403067332,7970846,0.0,1.0
2025-03-28 00:00:00+00:00,69.3,70.35,69.18,70.17,5867021,65.2354537326,66.2238696983,65.122491908,66.0544269613,5867021,0.0,1.0
2025-03-31 00:00:00+00:00,69.44,69.63,66.88,67.72,6826134,66.4019784899,66.583665931,63.9539792829,64.7572290227,6826134,1.099206,1.0
2025-04-01 00:00:00+00:00,68.03,70.0,67.64,69.98,6213757,65.0536664266,66.9374783164,64.6807290475,66.9183533226,6213757,0.0,1.0
2025-04-02 00:00:00+00:00,68.24,68.72,67.32,67.51,7337234,65.2544788616,65.7134787129,64.3747291466,64.5564165877,7337234,0.0,1.0
2025-04-03 00:00:00+00:00,67.1,68.54,67.0,68.43,8822513,64.1643542147,65.5413537687,64.0687292457,65.4361663027,8822513,0.0,1.0
2025-04-04 00:00:00+00:00,62.55,65.47,62.365,65.23,10869538,59.8134181242,62.6056672196,59.6365119315,62.376167294,10869538,0.0,1.0
2025-04-07 00:00:00+00:00,63.64,65.28,60.6076,61.44,14551902,60.8557302865,62.4239797785,57.9559987259,58.751980968,14551902,0.0,1.0
2025-04-08 00:00:00+00:00,61.6,65.05,60.83,64.92,8100539,58.9049809184,62.2040423497,58.168668657,62.07972989,8100539,0.0,1.0
2025-04-09 00:00:00+00:00,65.09,65.3,59.515,60.49,13243325,62.2422923374,62.4431047723,56.9112003143,57.8435437623,13243325,0.0,1.0
2025-04-10 00:00:00+00:00,61.21,63.24,59.32,63.12,9983981,58.5320435392,60.4732304104,56.7247316247,60.3584804476,9983981,0.0,1.0
2025-04-11 00:00:00+00:00,64.73,65.0,63.23,63.73,11392138,61.8980424489,62.1562298652,60.4636679135,60.9417927586,11392138,0.0,1.0
2025-04-14 00:00:00+00:00,66.06,66.75,65.33,66.48,8067341,63.1698545369,63.8296668231,62.471792263,63.5714794068,8067341,0.0,1.0
2025-04-15 00:00:00+00:00,64.49,65.9455,63.86,65.64,5945621,61.6685425232,63.0603639474,61.0661052184,62.768229667,5945621,0.0,1.0
2025-04-16 00:00:00+00:00,62.88,64.41,62.4,64.33,6302636,60.1289805219,61.592042548,59.6699806706,61.5155425728,6302636,0.0,1.0
2025-04-17 00:00:00+00:00,58.08,59.06,57.28,57.91,32220629,55.5389820088,56.4761067052,54.7739822566,55.3764195615,32220629,0.0,1.0
2025-04-21 00:00:00+00:00,58.33,59.3,57.0,58.25,13419321,55.7780444314,56.7056066309,54.5062323434,55.7015444562,13419321,0.0,1.0
2025-04-22 00:00:00+00:00,59.91,60.18,58.92,59.01,11697878,57.2889189419,57.5471063583,56.3422317486,56.4282942207,11697878,0.0,1.0
2025-04-23 00:00:00+00:00,61.3,62.43,60.89,61.77,9128730,58.6181060114,59.6986681613,58.2260436384,59.0675433658,9128730,0.0,1.0
2025-04-24 00:00:00+00:00,62.63,62.74,61.8419,62.475,7891068,59.8899180994,59.9951055653,59.1362977185,59.7416993974,7891068,0.0,1.0
2025-04-25 00:00:00+00:00,62.08,62.27,60.5701,60.67,7835183,59.3639807698,59.5456682109,57.9201393625,58.0156687065,7835183,0.0,1.0
2025-04-28 00:00:00+00:00,62.62,63.2461,61.97,62.19,6280331,59.8803556025,60.4790635335,59.2587933038,59.4691682357,6280331,0.0,1.0
2025-04-29 00:00:00+00:00,65.16,65.41,64.155,65.26,10923695,62.3092298157,62.5482922382,61.348198877,62.4048547847,10923695,0.0,1.0
2025-04-30 00:00:00+00:00,66.45,66.64,65.4008,66.475,9242889,63.5427919161,63.7244793572,62.5394947411,63.5666981583,9242889,0.0,1.0
2025-05-01 00:00:00+00:00,65.6,68.83,64.18,68.81,16439484,62.7299796794,65.8186661788,61.3721051192,65.799541185,16439484,0.0,1.0
2025-05-02 00:00:00+00:00,69.23,69.86,68.53,69.75,13466293,66.2011660549,66.8036033598,65.5317912718,66.6984158939,13466293,0.0,1.0
2025-05-05 00:00:00+00:00,69.12,69.79,68.89,69.17,8811354,66.095978589,66.7366658815,65.8760411602,66.1437910735,8811354,0.0,1.0
2025-05-06 00:00:00+00:00,66.29,68.1163,65.99,67.96,10554677,63.3897919656,65.1361907749,63.1029170586,64.9867289483,10554677,0.0,1.0
2025-05-07 00:00:00+00:00,67.55,69.67,66.82,69.35,14195448,64.5946665753,66.6219159186,63.8966043015,66.3159160178,14195448,0.0,1.0
2025-05-08 00:00:00+00:00,64.85,65.96,64.4,65.91,12047123,62.0127924117,63.0742295679,61.5824800511,63.0264170834,12047123,0.0,1.0
2025-05-09 00:00:00+00:00,65.77,67.44,65.59,67.0,13071343,62.8925421267,64.4894791094,62.7204171825,64.0687292457,13071343,0.0,1.0
2025-05-12 00:00:00+00:00,67.74,67.75,64.04,64.09,18259670,64.7763540165,64.7859165134,61.2382301626,61.2860426471,18259670,0.0,1.0
2025-05-13 00:00:00+00:00,65.4,66.63,64.95,66.61,10357009,62.5387297413,63.7149168603,62.1084173807,63.6957918665,10357009,0.0,1.0
2025-05-14 00:00:00+00:00,64.41,66.83,64.09,66.5,10176137,61.592042548,63.9061667984,61.2860426471,63.5906044006,10176137,0.0,1.0
2025-05-15 00:00:00+00:00,66.15,66.3,64.78,65.2,9074669,63.255917009,63.3993544625,61.9458549334,62.3474798033,9074669,0.0,1.0
2025-05-16 00:00:00+00:00,64.37,64.7,63.13,64.4,19012644,61.5537925604,61.8693549582,60.3680429445,61.5824800511,19012644,0.0,1.0
2025-05-19 00:00:00+00:00,67.02,67.03,64.87,65.37,11194289,64.0878542395,64.0974167364,62.0319174055,62.5100422506,11194289,0.0,1.0
2025-05-20 00:00:00+00:00,68.2,70.0,67.6524,69.445,12559077,65.216228874,66.9374783164,64.6925865436,66.4067597383,12559077,0.0,1.0
2025-05-21 00:00:00+00:00,68.2,69.75,68.125,68.32,8983441,65.216228874,66.6984158939,65.1445101472,65.3309788368,8983441,0.0,1.0
2025-05-22 00:00:00+00:00,68.17,68.515,66.36,66.41,7192332,65.1875413833,65.5174475264,63.456729444,63.5045419285,7192332,0.0,1.0
2025-05-23 00:00:00+00:00,67.35,67.89,66.6,67.26,6508380,64.4034166373,64.91979147,63.6862293696,64.3173541652,6508380,0.0,1.0
2025-05-27 00:00:00+00:00,70.44,71.3,69.87,70.81,9250596,67.3582281801,68.1806029137,66.8131658567,67.7120405655,9250596,0.0,1.0
2025-05-28 00:00:00+00:00,68.6,69.88,68.3621,69.38,7864681,65.5987287501,66.8227283536,65.3712369488,66.3446035085,7864681,0.0,1.0
2025-05-29 00:00:00+00:00,69.46,69.5,68.3,69.26,8997906,66.4211034837,66.4593534713,65.311853843,66.2298535456,8997906,0.0,1.0
2025-05-30 00:00:00+00:00,71.5,71.565,69.07,69.79,11194157,68.3718528518,68.4340090816,66.0481661045,66.7366658815,11194157,0.0,1.0
2025-06-02 00:00:00+00:00,72.83,72.85,71.26,71.77,16807899,69.6436649398,69.6627899336,68.1423529261,68.6300402681,16807899,0.0,1.0
2025-06-03 00:00:00+00:00,70.91,71.96,70.58,71.6,8822721,67.8076655345,68.8117277093,67.4921031367,68.4674778208,8822721,0.0,1.0
2025-06-04 00:00:00+00:00,72.04,73.14,72.02,72.18,6917020,68.8882276845,69.9401023437,68.8691026907,69.0221026411,6917020,0.0,1.0
2025-06-05 00:00:00+00:00,72.65,73.65,72.32,73.14,5095041,69.4715399955,70.4277896858,69.1559775978,69.9401023437,5095041,0.0,1.0
2025-06-06 00:00:00+00:00,74.63,75.16,73.97,74.15,9549878,71.3649143822,71.871726718,70.7337895866,70.9059145309,9549878,0.0,1.0
2025-06-09 00:00:00+00:00,75.46,76.85,74.158,75.01,10885820,72.1586016251,73.4877886945,70.9135645284,71.7282892645,10885820,0.0,1.0
2025-06-10 00:00:00+00:00,79.33,80.44,77.44,77.99,13076761,75.8592879263,76.9207250825,74.0519760118,74.5779133414,13076761,0.0,1.0
2025-06-11 00:00:00+00:00,78.73,79.83,78.34,79.08,9211564,75.2855381122,76.3374127714,74.912600733,75.6202255037,9211564,0.0,1.0
2025-06-12 00:00:00+00:00,81.05,81.16,79.92,80.64,10562504,77.5040373935,77.6092248594,76.4234752435,77.1119750205,10562504,0.0,1.0
2025-06-13 00:00:00+00:00,79.83,81.44,79.43,81.41,7491760,76.3374127714,77.8769747727,75.9549128953,77.848287282,7491760,0.0,1.0
2025-06-16 00:00:00+00:00,77.02,78.38,76.62,77.84,8181930,73.6503511419,74.9508507206,73.2678512658,74.4344758878,8181930,0.0,1.0
2025-06-17 00:00:00+00:00,74.34,75.78,74.14,75.51,8080039,71.087601972,72.464601526,70.896352034,72.2064141096,8080039,0.0,1.0
2025-06-18 00:00:00+00:00,74.01,74.8185,73.7,74.56,5462321,70.7720395742,71.5451674488,70.4756021703,71.2979769039,5462321,0.0,1.0
2025-06-20 00:00:00+00:00,73.77,74.38,72.74,73.84,8212986,70.5425396486,71.1258519596,69.5576024677,70.6094771269,8212986,0.0,1.0
2025-06-23 00:00:00+00:00,69.72,70.0545,68.5417,68.87,15397879,66.6697284031,66.9895939245,65.5429793931,65.8569161664,15397879,0.0,1.0
2025-06-24 00:00:00+00:00,70.73,71.04,69.86,70.245,7386337,67.6355405903,67.9319779943,66.8036033598,67.1717594905,7386337,0.0,1.0
2025-06-25 00:00:00+00:00,67.35,68.875,66.87,68.86,13688119,64.4034166373,65.8616974149,63.944416786,65.8473536695,13688119,0.0,1.0
2025-06-26 00:00:00+00:00,67.7,68.38,67.19,67.62,8142033,64.7381040289,65.3883538182,64.2504166869,64.6616040537,8142033,0.0,1.0
2025-06-27 00:00:00+00:00,68.51,68.94,67.975,68.76,5629359,65.512666278,65.9238536448,65.0010726937,65.7517287005,5629359,0.0,1.0
2025-06-30 00:00:00+00:00,69.02,69.5491,68.54,69.43,7637403,66.00035362,66.5063053311,65.5413537687,66.392415993,7637403,0.0,1.0
2025-07-01 00:00:00+00:00,69.82,70.4199,68.12,68.41,6851729,66.7653533722,67.3390075613,65.1397288988,65.4170413089,6851729,0.0,1.0
2025-07-02 00:00:00+00:00,69.82,70.33,68.9037,69.56,7908322,66.7653533722,67.2530407142,65.889141781,66.5167284527,7908322,0.0,1.0
2025-07-03 00:00:00+00:00,69.17,69.4,68.5801,69.28,4047911,66.1437910735,66.3637285023,65.5796993812,66.2489785394,4047911,0.0,1.0
2025-07-07 00:00:00+00:00,69.32,69.5433,68.71,69.36,7313482,66.287228527,66.5007590829,65.703916216,66.3254785147,7313482,0.0,1.0
2025-07-08 00:00:00+00:00,69.64,70.61,68.65,69.45,9867136,66.5932284279,67.5207906275,65.6465412346,66.4115409868,9867136,0.0,1.0
2025-07-09 00:00:00+00:00,69.69,69.87,68.86,68.99,5380018,66.6410409124,66.8131658567,65.8473536695,65.9716661293,5380018,0.0,1.0
2025-07-10 00:00:00+00:00,71.01,71.75,69.52,69.58,6378334,67.9032905035,68.6109152743,66.4784784651,66.5358534465,6378334,0.0,1.0
2025-07-11 00:00:00+00:00,68.93,69.89,68.53,69.74,6522364,65.9142911479,66.8322908505,65.5317912718,66.6888533969,6522364,0.0,1.0
2025-07-14 00:00:00+00:00,68.94,69.55,68.48,68.6,6015857,65.9238536448,66.5071659558,65.4839787873,65.5987287501,6015857,0.0,1.0
2025-07-15 00:00:00+00:00,67.22,69.49,66.71,69.49,7250836,64.2791041776,66.4497909744,63.7914168355,66.4497909744,7250836,0.0,1.0
2025-07-16 00:00:00+00:00,67.04,68.04,66.99,67.34,5611120,64.1069792333,65.0632289235,64.0591667488,64.3938541404,5611120,0.0,1.0
2025-07-17 00:00:00+00:00,65.29,66.410929,64.87,66.18,9041843,62.4335422754,63.5054302844,62.0319174055,63.2846044997,9041843,0.0,1.0
2025-07-18 00:00:00+00:00,64.31,65.79,64.16,65.67,8051179,61.496417579,62.9116671205,61.3529801254,62.7969171577,8051179,0.0,1.0
2025-07-21 00:00:00+00:00,64.92,65.3315,64.12,64.75,8280730,62.07972989,62.4732266375,61.3147301378,61.9171674427,8280730,0.0,1.0
2025-07-22 00:00:00+00:00,66.78,66.97,65.45,65.52,8970258,63.8583543139,64.040041755,62.5865422258,62.6534797042,8970258,0.0,1.0
2025-07-23 00:00:00+00:00,70.03,70.3799,68.88,68.965,11980355,66.9661658071,67.3007575737,65.8664786633,65.947759887,11980355,0.0,1.0
2025-07-24 00:00:00+00:00,70.73,71.38,70.225,70.65,10161045,67.6355405903,68.2571028889,67.1526344967,67.5590406151,10161045,0.0,1.0
2025-07-25 00:00:00+00:00,71.7,71.795,70.575,71.02,7350188,68.5631027898,68.6539465104,67.4873218883,67.9128530004,7350188,0.0,1.0
2025-07-28 00:00:00+00:00,69.0,71.28,68.465,71.0,7156222,65.9812286262,68.1614779199,65.4696350419,67.8937280066,7156222,0.0,1.0
2025-07-29 00:00:00+00:00,53.94,55.37,53.51,53.95,110735641,51.5801082912,52.9475453483,51.1689209244,51.5896707881,110735641,0.0,1.0
2025-07-30 00:00:00+00:00,50.03,51.37,49.6,51.26,65866208,47.8411720024,49.1225465873,47.4299846356,49.0173591214,65866208,0.0,1.0
2025-07-31 00:00:00+00:00,47.07,49.3,46.9,48.96,50372520,45.0106729193,47.1431097286,44.848110472,46.8179848339,50372520,0.0,1.0
2025-08-01 00:00:00+00:00,48.19,49.03,47.55,48.27,34787444,46.0816725724,46.8849223122,45.4696727706,46.1581725476,34787444,0.0,1.0
2025-08-04 00:00:00+00:00,48.81,49.21,48.36,49.08,20691934,46.6745473803,47.0570472564,46.2442350197,46.9327347967,20691934,0.0,1.0
2025-08-05 00:00:00+00:00,47.22,48.2,47.12,47.88,21508375,45.1541103729,46.0912350693,45.0584854038,45.7852351684,21508375,0.0,1.0
2025-08-06 00:00:00+00:00,45.38,46.49,45.05,45.97,37438114,43.3946109428,44.456048099,43.0790485451,43.9587982601,37438114,0.0,1.0
2025-08-07 00:00:00+00:00,48.76,49.1,47.92,48.47,40780514,46.6267348958,46.9518597905,45.823485156,46.3494224857,40780514,0.0,1.0
2025-08-08 00:00:00+00:00,51.08,51.3,50.11,50.7,23367541,48.8452341772,49.055609109,47.9176719776,48.4818592949,23367541,0.0,1.0
2025-08-11 00:00:00+00:00,49.87,50.695,49.79,50.4,16177631,47.688172052,48.4770780464,47.6116720768,48.1949843878,16177631,0.0,1.0
2025-08-12 00:00:00+00:00,49.78,50.305,49.38,49.415,11131935,47.6021095799,48.1041406672,47.2196097038,47.2530784429,11131935,0.0,1.0
2025-08-13 00:00:00+00:00,50.9,51.235,50.24,50.28,19443196,48.6731092329,48.9934528792,48.0419844374,48.080234425,19443196,0.0,1.0
2025-08-14 00:00:00+00:00,50.95,50.95,49.865,50.475,12620563,48.7209217174,48.7209217174,47.6833908035,48.2667031146,12620563,0.0,1.0
2025-08-15 00:00:00+00:00,52.41,52.75,51.37,51.435,17622514,50.1170462652,50.4421711599,49.1225465873,49.1847028172,17622514,0.0,1.0
2025-08-18 00:00:00+00:00,53.75,54.99,53.745,54.6,32445098,51.9576509689,53.1563018936,51.9528176991,52.7793068447,32445098,0.584816,1.0
2025-08-19 00:00:00+00:00,54.78,55.48,54.02,54.565,25993715,52.9533045596,53.6299623397,52.2186475413,52.7454739557,25993715,0.0,1.0
2025-08-20 00:00:00+00:00,54.3,54.63,53.83,54.33,14100671,52.4893106533,52.8083064639,52.0349832867,52.5183102724,14100671,0.0,1.0
2025-08-21 00:00:00+00:00,55.45,55.85,54.565,54.8,12883179,53.6009627205,53.9876243091,52.7454739557,52.972637639,12883179,0.0,1.0
2025-08-22 00:00:00+00:00,56.98,57.51,56.64,56.71,17913419,55.0799432969,55.5922699018,54.7512809466,54.8189467246,17913419,0.0,1.0
2025-08-25 00:00:00+00:00,56.34,58.34,56.2513,57.43,16184964,54.4612847552,56.3945926982,54.3755425479,55.5149375841,16184964,0.0,1.0
2025-08-26 00:00:00+00:00,55.34,55.3658,54.6,55.02,12869453,53.4946307837,53.5195704561,52.7793068447,53.1853015128,12869453,0.0,1.0
2025-08-27 00:00:00+00:00,56.44,56.63,55.32,55.68,11697659,54.5579501523,54.7416144069,53.4752977042,53.823293134,11697659,0.0,1.0
2025-08-28 00:00:00+00:00,56.11,56.76,55.71,56.72,9542455,54.2389543417,54.8672794232,53.8522927531,54.8286132643,9542455,0.0,1.0
2025-08-29 00:00:00+00:00,56.46,56.525,55.7101,56.05,9116508,54.5772832318,54.6401157399,53.8523894185,54.1809551034,9116508,0.0,1.0
2025-09-02 00:00:00+00:00,56.38,57.18,55.7728,56.72,11642656,54.499950914,55.2732740912,53.9129986225,54.8286132643,11642656,0.0,1.0
2025-09-03 00:00:00+00:00,56.74,57.35,56.465,56.68,9021473,54.8479463438,55.4376052664,54.5821165016,54.7899471055,9021473,0.0,1.0
2025-09-04 00:00:00+00:00,56.14,56.5,55.46,55.965,8778079,54.2679539609,54.6159493906,53.6106292602,54.0987895159,8778079,0.0,1.0
2025-09-05 00:00:00+00:00,55.23,56.08,54.73,55.82,15505078,53.3882988468,54.2099547226,52.904971861,53.95862469,15505078,0.0,1.0
2025-09-08 00:00:00+00:00,54.28,54.895,54.085,54.35,12988140,52.4699775738,53.0644697663,52.2814800494,52.5376433519,12988140,0.0,1.0
2025-09-09 00:00:00+00:00,54.3,54.3,52.72,53.06,20606380,52.4893106533,52.4893106533,50.9619973783,51.2906597286,20606380,0.0,1.0
2025-09-10 00:00:00+00:00,54.37,55.235,53.865,54.205,16488284,52.5569764313,53.3931321166,52.0688161757,52.397478526,16488284,0.0,1.0
2025-09-11 00:00:00+00:00,54.3,54.62,53.55,53.62,11793077,52.4893106533,52.7986399242,51.7643201746,51.8319859526,11793077,0.0,1.0
2025-09-12 00:00:00+00:00,54.87,55.2,54.33,55.055,10317968,53.040303417,53.3592992276,52.5183102724,53.2191344018,10317968,0.0,1.0
2025-09-15 00:00:00+00:00,55.62,56.98,55.545,56.5,13764301,53.7652938957,55.0799432969,53.6927948478,54.6159493906,13764301,0.0,1.0
2025-09-16 00:00:00+00:00,57.2,57.73,56.6291,57.14,17115594,55.2926071707,55.8049337756,54.7407444183,55.2346079324,17115594,0.0,1.0
2025-09-17 00:00:00+00:00,58.2,59.15,57.67,57.78,16809045,56.2592611422,57.1775824151,55.7469345373,55.8532664742,16809045,0.0,1.0
2025-09-18 00:00:00+00:00,61.85,62.25,60.84,61.84,24602049,59.7875481382,60.1742097268,58.811227627,59.7778815985,24602049,0.0,1.0
2025-09-19 00:00:00+00:00,61.4,62.3202,60.7201,62.3,12902886,59.352553851,60.2420688356,58.6953258158,60.2225424254,12902886,0.0,1.0
2025-09-22 00:00:00+00:00,60.71,61.12,59.62,60.0,10742748,58.6855626107,59.081890739,57.6319097817,57.9992382909,10742748,0.0,1.0
2025-09-23 00:00:00+00:00,59.54,60.33,59.08,60.3,11510852,57.554577464,58.3182341015,57.1099166371,58.2892344824,11510852,0.0,1.0
2025-09-24 00:00:00+00:00,58.74,59.25,58.14,58.85,11232120,56.7812542868,57.2742478123,56.2012619039,56.8875862237,11232120,0.0,1.0
2025-09-25 00:00:00+00:00,56.04,57.35,55.87,57.14,18287352,54.1712885637,55.4376052664,54.0069573886,55.2346079324,18287352,0.0,1.0
2025-09-26 00:00:00+00:00,55.61,56.02,54.56,55.6,17739801,53.755627356,54.1519554843,52.7406406859,53.7459608162,17739801,0.0,1.0
2025-09-29 00:00:00+00:00,55.5,55.64,54.01,54.14,19329138,53.6492954191,53.7846269751,52.2089810015,52.3346460178,19329138,0.0,1.0
2025-09-30 00:00:00+00:00,55.49,55.57,53.7697,54.01,19003492,53.6396288794,53.7169611971,51.9766940522,52.2089810015,19003492,0.0,1.0
2025-10-01 00:00:00+00:00,59.17,59.22,56.0,56.01,24835126,57.1969154946,57.2452481931,54.1326224049,54.1422889446,24835126,0.0,1.0
2025-10-02 00:00:00+00:00,58.74,59.12,58.0,58.88,11966669,56.7812542868,57.148582796,56.0659303479,56.9165858428,11966669,0.0,1.0
2025-10-03 00:00:00+00:00,59.63,60.095,58.4475,59.0,15362866,57.6415763215,58.0910704182,56.4985080001,57.0325843194,15362866,0.0,1.0
2025-10-06 00:00:00+00:00,59.65,60.9,59.65,60.135,13782363,57.6609094009,58.8692268653,57.6609094009,58.1297365771,13782363,0.0,1.0
2025-10-07 00:00:00+00:00,59.02,59.59,58.53,59.46,9675071,57.0519173988,57.6029101626,56.5782569528,57.4772451463,9675071,0.0,1.0
2025-10-08 00:00:00+00:00,59.61,60.13,59.47,59.81,9888693,57.622243242,58.1249033072,57.486911686,57.8155740363,9888693,0.0,1.0
2025-10-09 00:00:00+00:00,58.68,59.4,58.445,58.92,8839762,56.7232550485,57.419245908,56.4960913652,56.9552520017,8839762,0.0,1.0
2025-10-10 00:00:00+00:00,56.93,58.8,56.79,58.595,15047646,55.0316105984,56.8392535251,54.8962790424,56.6410894609,15047646,0.0,1.0
2025-10-13 00:00:00+00:00,57.5,58.125,57.25,57.3,8835455,55.5826033621,56.1867620943,55.3409398692,55.3892725678,8835455,0.0,1.0
2025-10-14 00:00:00+00:00,56.66,56.8664,55.8,56.28,7632741,54.7706140261,54.9701314058,53.9392916106,54.4032855169,7632741,0.0,1.0
2025-10-15 00:00:00+00:00,56.72,56.94,56.1,56.405,8475239,54.8286132643,55.0412771381,54.229287802,54.5241172633,8475239,0.0,1.0
2025-10-16 00:00:00+00:00,56.09,57.55,55.97,57.08,8353746,54.2196212623,55.6309360607,54.1036227857,55.1766086941,8353746,0.0,1.0
2025-10-17 00:00:00+00:00,54.37,54.44,53.54,53.88,14761514,52.5569764313,52.6246422093,51.7546536349,52.0833159852,14761514,0.0,1.0
2025-10-20 00:00:00+00:00,55.74,56.23,55.19,55.41,7901607,53.8812923723,54.3549528183,53.3496326879,53.5622965617,7901607,0.0,1.0
2025-10-21 00:00:00+00:00,54.78,55.365,54.5307,55.3,10182127,52.9533045596,53.5187971329,52.7123177245,53.4559646248,10182127,0.0,1.0
2025-10-22 00:00:00+00:00,53.38,53.77,52.93,53.5,12420857,51.5999889995,51.9769840484,51.1649947123,51.7159874761,12420857,0.0,1.0
2025-10-23 00:00:00+00:00,53.23,53.46,52.38,52.57,9326542,51.4549909038,51.6773213172,50.633335028,50.8169992826,9326542,0.0,1.0
2025-10-24 00:00:00+00:00,52.96,53.545,52.93,53.41,8497647,51.1939943314,51.7594869048,51.1649947123,51.6289886186,8497647,0.0,1.0
2025-10-27 00:00:00+00:00,52.89,53.225,52.6444,52.78,10309970,51.1263285534,51.4501576339,50.888918338,51.0199966166,10309970,0.0,1.0
2025-10-28 00:00:00+00:00,52.05,52.88,51.5,52.81,12172170,50.3143392174,51.1166620137,49.782679533,51.0489962357,12172170,0.0,1.0
2025-10-29 00:00:00+00:00,51.37,52.805,51.19,52.67,9478161,49.6570145167,51.0441629659,49.4830168019,50.9136646797,9478161,0.0,1.0
2025-10-30 00:00:00+00:00,50.04,50.54,49.435,49.95,21057534,48.3713647346,48.8546917204,47.7865390819,48.2843658772,21057534,0.0,1.0
2025-10-31 00:00:00+00:00,49.46,49.47,48.49,48.78,20020869,47.8107054311,47.8203719709,46.8730510788,47.1533807305,20020869,0.0,1.0
2025-11-03 00:00:00+00:00,49.11,49.51,48.565,49.41,11146996,47.4723765411,47.8590381297,46.9455501266,47.7623727326,11146996,0.0,1.0
2025-11-04 00:00:00+00:00,48.25,49.9,47.76,47.96,28629444,46.6410541256,48.2360331786,46.1673936796,46.3607244739,28629444,0.0,1.0
2025-11-05 00:00:00+00:00,48.46,49.0,46.16,46.98,37803936,46.8440514596,47.3660446042,44.6207473251,45.4134035818,37803936,0.0,1.0
2025-11-06 00:00:00+00:00,46.51,49.56,46.285,47.75,43747213,44.9590762152,47.9073708283,44.7415790716,46.1577271399,43747213,0.0,1.0
2025-11-07 00:00:00+00:00,45.68,46.27,45.15,46.04,19979581,44.1567534188,44.727079262,43.6444268139,44.5047488486,19979581,0.0,1.0
2025-11-10 00:00:00+00:00,45.94,46.37,45.57,46.22,14406537,44.4080834514,44.8237446592,44.0504214819,44.6787465634,14406537,0.0,1.0
2025-11-11 00:00:00+00:00,49.15,49.425,47.05,47.07,27711097,47.5110427,47.7768725421,45.4810693598,45.5004024392,27711097,0.0,1.0
2025-11-12 00:00:00+00:00,50.26,50.43,49.32,49.48,24672288,48.5840286084,48.7483597835,47.6753738751,47.8300385106,24672288,0.0,1.0
2025-11-13 00:00:00+00:00,49.16,50.09,48.91,49.2,18878330,47.5207092397,48.4196974332,47.2790457468,47.5593753985,18878330,0.0,1.0
2025-11-14 00:00:00+00:00,48.26,48.907336,48.03,48.5,12507560,46.6507206653,47.2764705806,46.4283902519,46.8827176185,12507560,0.0,1.0
2025-11-17 00:00:00+00:00,48.46,49.19,47.72,47.91,13520490,46.8440514596,47.5497088588,46.1287275207,46.3123917753,13520490,0.0,1.0
2025-11-18 00:00:00+00:00,47.55,48.02,47.2,47.6,17104700,45.9643963455,46.4187237122,45.6260674555,46.0127290441,17104700,0.0,1.0
2025-11-19 00:00:00+00:00,49.0,49.385,47.76,48.035,16585034,47.3660446042,47.7382063833,46.1673936796,46.4332235217,16585034,0.0,1.0
2025-11-20 00:00:00+00:00,47.6,49.53,47.4812,49.5,15252292,46.0127290441,47.8783712091,45.8978905523,47.84937159,15252292,0.0,1.0
2025-11-21 00:00:00+00:00,47.63,48.15,46.69,47.02,18985250,46.0417286633,46.5443887285,45.13307393,45.4520697406,18985250,0.0,1.0
2025-11-24 00:00:00+00:00,44.97,45.22,43.08,43.425,73618723,43.470429099,43.7120925919,41.6434530929,41.976948713,73618723,0.0,1.0
2025-11-25 00:00:00+00:00,47.06,47.21,45.94,45.975,30458571,45.4907358995,45.6357339952,44.4080834514,44.4419163404,30458571,0.0,1.0
2025-11-26 00:00:00+00:00,48.71,49.03,48.18,48.53,17834795,47.0857149525,47.3950442234,46.5733883476,46.9117172376,17834795,0.0,1.0
2025-11-28 00:00:00+00:00,49.35,49.705,48.35,49.13,15484203,47.7043734943,48.0475356542,46.7377195228,47.4917096205,15484203,0.0,1.0
2025-12-01 00:00:00+00:00,48.43,49.4853,48.37,48.925,11626707,46.8150518405,47.8351617766,46.7570526022,47.2935455564,11626707,0.0,1.0
2025-12-02 00:00:00+00:00,47.43,47.9799,47.371,47.86,11905167,45.848397869,46.3799608879,45.7913652846,46.2640590767,11905167,0.0,1.0
2025-12-03 00:00:00+00:00,47.57,48.11,47.3,47.63,11472469,45.983729425,46.5057225696,45.7227328527,46.0417286633,11472469,0.0,1.0
2025-12-04 00:00:00+00:00,47.99,48.24,47.37,47.98,18457125,46.389724093,46.6313875859,45.7903986307,46.3800575533,18457125,0.0,1.0
2025-12-05 00:00:00+00:00,47.86,49.1199,47.83,48.94,15325308,46.2640590767,47.4819464154,46.2350594576,47.308045366,15325308,0.0,1.0
2025-12-08 00:00:00+00:00,46.77,47.17,46.35,47.16,14802866,45.2104062478,45.5970678364,44.8044115797,45.5874012967,14802866,0.0,1.0
2025-12-09 00:00:00+00:00,46.36,46.79,46.08,46.215,10210994,44.8140781194,45.2297393272,44.5434150074,44.6739132936,10210994,0.0,1.0
2025-12-10 00:00:00+00:00,49.05,49.5,47.04,47.4,16964840,47.4143773028,47.84937159,45.4714028201,45.8193982498,16964840,0.0,1.0
2025-12-11 00:00:00+00:00,50.29,50.54,49.585,49.96,15601182,48.6130282275,48.8546917204,47.9315371776,48.2940324169,15601182,0.0,1.0
2025-12-12 00:00:00+00:00,50.18,50.75,49.915,50.53,12392841,48.5066962906,49.0576890544,48.2505329882,48.8450251807,12392841,0.0,1.0
2025-12-15 00:00:00+00:00,50.37,50.66,49.55,49.96,11354710,48.6903605452,48.970690197,47.8977042886,48.2940324169,11354710,0.0,1.0
2025-12-16 00:00:00+00:00,48.96,49.97,48.41,49.81,14148517,47.3273784454,48.3036989566,46.7957187611,48.1490343212,14148517,0.0,1.0
2025-12-17 00:00:00+00:00,47.77,48.75,47.73,48.1,10340893,46.1770602193,47.1243811114,46.1383940604,46.4960560299,10340893,0.0,1.0
2025-12-18 00:00:00+00:00,47.61,48.31,47.515,48.0,8303277,46.0223955838,46.6990533639,45.9305634565,46.3993906327,8303277,0.0,1.0
2025-12-19 00:00:00+00:00,48.09,48.8,47.98,48.105,10927109,46.4863894902,47.1727138099,46.3800575533,46.5008892997,10927109,0.0,1.0
2025-12-22 00:00:00+00:00,48.1,48.215,47.59,47.75,16059128,46.4960560299,46.6072212366,46.0030625044,46.1577271399,16059128,0.0,1.0
2025-12-23 00:00:00+00:00,51.61,53.2,51.04,52.67,67564823,49.8890114699,51.4259912846,49.3380187061,50.9136646797,67564823,0.0,1.0
2025-12-24 00:00:00+00:00,52.56,53.63,52.0,52.85,19300102,50.8073327428,51.8416524924,50.2660065188,51.0876623946,19300102,0.0,1.0
2025-12-26 00:00:00+00:00,52.4,53.025,51.7,53.02,13255553,50.6526681074,51.2568268396,49.9760103273,51.2519935697,13255553,0.0,1.0
2025-12-29 00:00:00+00:00,51.47,51.99,51.345,51.56,16895918,49.7536799139,50.2563399791,49.6328481674,49.8406787713,16895918,0.0,1.0
2025-12-30 00:00:00+00:00,51.22,51.67,51.065,51.52,11902520,49.512016421,49.9470107082,49.3621850554,49.8020126125,11902520,0.0,1.0
2025-12-31 00:00:00+00:00,50.88,51.255,50.5501,51.05,10803856,49.1833540707,49.54584931,48.8644549255,49.3476852459,10803856,0.0,1.0
2026-01-02 00:00:00+00:00,52.39,52.41,51.41,51.61,12134109,50.6430015677,50.6623346471,49.6956806756,49.8890114699,12134109,0.0,1.0
2026-01-05 00:00:00+00:00,55.11,55.415,53.36,53.92,30028729,53.2723003702,53.5671298315,51.5806559201,52.1219821441,30028729,0.0,1.0
2026-01-06 00:00:00+00:00,56.26,58.15,56.02,57.18,32942190,54.3839524374,56.2109284436,54.1519554843,55.2732740912,32942190,0.0,1.0
2026-01-07 00:00:00+00:00,56.57,57.765,56.23,56.85,17538435,54.6836151686,55.8387666646,54.3549528183,54.9542782806,17538435,0.0,1.0
2026-01-08 00:00:00+00:00,57.34,57.9098,57.01,57.04,17505646,55.4279387267,55.9787381597,55.1089429161,55.1379425352,17505646,0.0,1.0
2026-01-09 00:00:00+00:00,58.81,60.64,58.78,59.47,29064402,56.8489200648,58.6178968327,56.8199204457,57.486911686,29064402,0.0,1.0
2026-01-12 00:00:00+00:00,59.86,60.3,59.1,60.14,19311543,57.8639067349,58.2892344824,57.1292497166,58.1345698469,19311543,0.0,1.0
2026-01-13 00:00:00+00:00,59.64,60.63,59.14,60.58,16912890,57.6512428612,58.608230293,57.1679158754,58.5598975944,16912890,0.0,1.0
2026-01-14 00:00:00+00:00,58.91,59.75,58.34,58.84,16344057,56.945585462,57.757574798,56.3945926982,56.877919684,16344057,0.0,1.0
2026-01-15 00:00:00+00:00,57.12,57.84,56.29,57.79,25752330,55.215274853,55.9112657124,54.4129520566,55.8629330139,25752330,0.0,1.0
2026-01-16 00:00:00+00:00,62.33,62.4,59.24,59.91,43376971,60.2515420445,60.3192078226,57.2645812726,57.9122394335,43376971,0.0,1.0
2026-01-20 00:00:00+00:00,60.68,62.175,59.955,60.215,30256928,58.6565629915,60.101710679,57.9557388622,58.2070688948,30256928,0.0,1.0
2026-01-21 00:00:00+00:00,59.32,60.17,57.56,60.01,30601938,57.3419135903,58.1635694661,55.6406026004,58.0089048306,30601938,0.0,1.0
2026-01-22 00:00:00+00:00,62.23,62.44,61.04,61.44,20301975,60.1548766474,60.3578739814,59.0045584213,59.3912200099,20301975,0.0,1.0
2026-01-23 00:00:00+00:00,62.26,64.16,62.025,63.4,28013371,60.1838762665,62.0205188124,59.9567125832,61.2858617941,28013371,0.0,1.0
2026-01-26 00:00:00+00:00,63.98,63.995,62.675,62.875,20107952,61.8465210975,61.8610209071,60.5850376647,60.778368459,20107952,0.0,1.0
2026-01-27 00:00:00+00:00,62.89,63.4852,62.49,62.89,13341667,60.7928682686,61.3682207124,60.40620668,60.7928682686,13341667,0.0,1.0
2026-01-28 00:00:00+00:00,60.33,61.56,59.99,61.48,16235907,58.3182341015,59.5072184865,57.9895717512,59.4298861688,16235907,0.0,1.0
2026-01-29 00:00:00+00:00,59.33,59.93,58.8,59.93,15841871,57.35158013,57.9315725129,56.8392535251,57.9315725129,15841871,0.0,1.0
2026-01-30 00:00:00+00:00,59.43,59.91,58.59,59.27,12085775,57.4482455272,57.9122394335,56.6362561911,57.2935808917,12085775,0.0,1.0
2026-02-02 00:00:00+00:00,58.93,59.3,57.79,57.905,16647875,56.9649185414,57.3225805109,55.8629330139,55.9740982206,16647875,0.0,1.0
2026-02-03 00:00:00+00:00,50.3,58.635,49.96,58.35,69111681,48.6226947672,56.6797556198,48.2940324169,56.4042592379,69111681,0.0,1.0
2026-02-04 00:00:00+00:00,47.19,49.1,46.47,47.95,46859689,45.6164009158,47.4627100014,44.9204100563,46.3510579342,46859689,0.0,1.0
2026-02-05 00:00:00+00:00,43.34,45.67,43.24,45.045,54446133,41.8947831255,44.1470868791,41.7981177283,43.5429281469,54446133,0.0,1.0
2026-02-06 00:00:00+00:00,47.64,47.74,45.84,46.37,36856625,46.051395203,46.1480606001,44.3114180543,44.8237446592,36856625,0.0,1.0
2026-02-09 00:00:00+00:00,49.37,51.09,49.005,50.13,30096850,47.7237065737,49.3863514047,47.3708778741,48.4583635921,30096850,0.0,1.0
2026-02-10 00:00:00+00:00,49.12,50.46,48.98,50.02,15847932,47.4820430808,48.7773594027,47.3467115248,48.3520316552,15847932,0.0,1.0
2026-02-11 00:00:00+00:00,48.74,48.96,48.08,48.73,12245039,47.1147145717,47.3273784454,46.4767229505,47.1050480319,12245039,0.0,1.0
2026-02-12 00:00:00+00:00,48.93,50.07,48.12,48.85,11708506,47.2983788262,48.4003643538,46.5153891093,47.2210465085,11708506,0.0,1.0
2026-02-13 00:00:00+00:00,49.57,49.84,49.195,49.3,10156106,47.917037368,48.1780339403,47.5545421287,47.6560407957,10156106,0.0,1.0
2026-02-17 00:00:00+00:00,49.37,49.85,48.675,49.11,9892746,47.7237065737,48.18770048,47.0518820635,47.4723765411,9892746,0.0,1.0
2026-02-18 00:00:00+00:00,49.23,49.355,48.63,48.835,11296409,47.5883750177,47.7092067641,47.0083826348,47.2065466989,11296409,0.0,1.0
2026-02-19 00:00:00+00:00,48.45,48.77,48.18,48.72,8289430,46.8343849199,47.1437141908,46.5733883476,47.0953814922,8289430,0.0,1.0
2026-02-20 00:00:00+00:00,47.42,47.75,47.03,47.685,12285848,45.8387313293,46.1577271399,45.4617362804,46.0948946317,12285848,0.0,1.0
2026-02-23 00:00:00+00:00,39.63,41.09,39.34,40.19,98664012,38.3084968911,39.7198116896,38.0281672394,38.8498231152,98664012,0.0,1.0
2026-02-24 00:00:00+00:00,38.59,39.07,38.36,38.5,43931660,37.3031767608,37.7671706671,37.0808463473,37.2161779033,43931660,0.0,1.0
2026-02-25 00:00:00+00:00,38.16,38.24,37.65,37.705,55460046,36.887515553,36.9648478707,36.3945220275,36.447687996,55460046,0.0,1.0
2026-02-26 00:00:00+00:00,37.62,38.07,37.31,37.825,35499018,36.3655224084,36.8005166956,36.0658596772,36.5636864726,35499018,0.0,1.0
2026-02-27 00:00:00+00:00,37.45,37.86,37.33,37.54,24222691,36.2011912332,36.5975193616,36.0851927567,36.2881900907,24222691,0.0,1.0
2026-03-02 00:00:00+00:00,37.76,37.835,36.72,36.83,22094234,36.5008539644,36.5733530123,35.495533834,35.6018657709,22094234,0.0,1.0
2026-03-03 00:00:00+00:00,36.66,36.9489,35.85,36.37,34247828,35.4375345957,35.7168009281,34.6545448788,35.157204944,34247828,0.0,1.0
2026-03-04 00:00:00+00:00,38.5,38.6,37.29,37.63,26808135,37.2161779033,37.3128433005,36.0465265978,36.3751889481,26808135,0.0,1.0
2026-03-05 00:00:00+00:00,39.07,39.115,38.08,38.28,21578977,37.7671706671,37.8106700958,36.8101832353,37.0035140296,21578977,0.0,1.0
2026-03-06 00:00:00+00:00,38.58,38.85,38.165,38.58,15632401,37.2935102211,37.5545067934,36.8923488229,37.2935102211,15632401,0.0,1.0
2026-03-09 00:00:00+00:00,39.78,39.88,38.495,39.19,23795968,38.4534949869,38.550160384,37.2113446335,37.8831691437,23795968,0.0,1.0
2026-03-10 00:00:00+00:00,38.72,39.22,38.18,39.185,20832631,37.4288417771,37.9121687628,36.9068486325,37.8783358738,20832631,0.0,1.0
2026-03-11 00:00:00+00:00,38.83,38.99,38.515,38.73,13208243,37.5351737139,37.6898383494,37.2306777129,37.4385083168,13208243,0.0,1.0
2026-03-12 00:00:00+00:00,38.02,39.02,37.85,38.68,17123044,36.752183997,37.7188379685,36.5878528219,37.3901756182,17123044,0.0,1.0
2026-03-13 00:00:00+00:00,37.96,38.8,37.7,38.39,11608569,36.6941847587,37.5061740948,36.4428547261,37.1098459665,11608569,0.0,1.0
2026-03-16 00:00:00+00:00,38.58,38.59,37.79,37.97,11442723,37.2935102211,37.3031767608,36.5298535836,36.7038512984,11442723,0.0,1.0
2026-03-17 00:00:00+00:00,38.43,39.27,38.38,38.67,12174878,37.1485121253,37.9605014614,37.1001794268,37.3805090785,12174878,0.0,1.0
2026-03-18 00:00:00+00:00,37.45,37.69,37.0,37.44,26115941,36.2011912332,36.4331881864,35.7661969461,36.1915246935,26115941,0.0,1.0
2026-03-19 00:00:00+00:00,37.08,37.2453,36.36,36.36,21364548,35.8435292638,36.0033171653,35.1475384043,35.1475384043,21364548,0.0,1.0
2026-03-20 00:00:00+00:00,36.53,37.0,36.175,36.49,26367715,35.3118695795,35.7661969461,34.9687074196,35.2732034206,26367715,0.0,1.0
2026-03-23 00:00:00+00:00,36.82,37.21,36.48,36.83,15011789,35.5921992312,35.9691942801,35.2635368809,35.6018657709,15011789,0.0,1.0
2026-03-24 00:00:00+00:00,36.89,37.2,36.545,36.85,16143252,35.6598650092,35.9595277404,35.326369389,35.6211988503,16143252,0.0,1.0
2026-03-25 00:00:00+00:00,36.33,37.39,36.23,37.15,16442749,35.1185387851,36.143191995,35.021873388,35.9111950418,16442749,0.0,1.0
2026-03-26 00:00:00+00:00,36.4,37.44,36.1301,36.29,20602819,35.1862045632,36.1915246935,34.9253046562,35.0798726263,20602819,0.0,1.0
2026-03-27 00:00:00+00:00,36.04,36.49,35.89,36.31,14694581,34.8382091334,35.2732034206,34.6932110377,35.0992057057,14694581,0.0,1.0
2026-03-30 00:00:00+00:00,35.29,35.6278,35.12,35.13,17393764,35.29,35.6278,35.12,35.13,17393764,1.217376,1.0
2026-03-31 00:00:00+00:00,36.75,36.75,35.32,35.41,18979196,36.75,36.75,35.32,35.41,18979196,0.0,1.0
2026-04-01 00:00:00+00:00,36.48,37.09,35.78,36.77,24090602,36.48,37.09,35.78,36.77,24090602,0.0,1.0
2026-04-02 00:00:00+00:00,36.98,36.98,35.625,36.09,14695847,36.98,36.98,35.625,36.09,14695847,0.0,1.0
2026-04-06 00:00:00+00:00,36.67,37.42,36.515,37.0,11535481,36.67,37.42,36.515,37.0,11535481,0.0,1.0
2026-04-07 00:00:00+00:00,36.91,37.035,35.97,36.4,13916313,36.91,37.035,35.97,36.4,13916313,0.0,1.0
2026-04-08 00:00:00+00:00,37.61,38.19,37.325,38.03,13882468,37.61,38.19,37.325,38.03,13882468,0.0,1.0
