date,Close,High,Low,Open,Volume,Adjclose,Adjhigh,Adjlow,Adjopen,Adjvolume,Divcash,Splitfactor
2024-04-01 00:00:00+00:00,6.36,6.52,6.23,6.27,21594858,159.0,163.0,155.75,156.75,863794,0.0,1.0
2024-04-02 00:00:00+00:00,6.61,6.9799,6.61,6.7099,41253890,165.25,174.4975,165.25,167.7475,1650155,0.0,1.0
2024-04-03 00:00:00+00:00,6.59,6.8275,6.44,6.79,19392612,164.75,170.6875,161.0,169.75,775704,0.0,1.0
2024-04-04 00:00:00+00:00,7.01,7.32,6.31,6.4,48478446,175.25,183.0,157.75,160.0,1939137,0.0,1.0
2024-04-05 00:00:00+00:00,7.22,7.34,6.8501,7.15,39293666,180.5,183.5,171.2525,178.75,1571746,0.0,1.0
2024-04-08 00:00:00+00:00,6.8,7.09,6.7,7.0,32497928,170.0,177.25,167.5,175.0,1299917,0.0,1.0
2024-04-09 00:00:00+00:00,6.72,7.16,6.66,6.73,41948724,168.0,179.0,166.5,168.25,1677948,0.0,1.0
2024-04-10 00:00:00+00:00,6.89,7.29,6.86,6.99,53546567,172.25,182.25,171.5,174.75,2141862,0.0,1.0
2024-04-11 00:00:00+00:00,33.58,36.68,33.29,34.69,4572933,167.9,183.4,166.45,173.45,914586,0.0,0.2
2024-04-12 00:00:00+00:00,37.85,40.54,35.825,35.88,13502567,189.25,202.7,179.125,179.4,2700513,0.0,1.0
2024-04-15 00:00:00+00:00,41.1,41.38,35.6,36.07,10485041,205.5,206.9,178.0,180.35,2097008,0.0,1.0
2024-04-16 00:00:00+00:00,39.19,41.27,37.93,40.73,7852973,195.95,206.35,189.65,203.65,1570594,0.0,1.0
2024-04-17 00:00:00+00:00,38.49,41.07,37.52,38.68,7230960,192.45,205.35,187.6,193.4,1446192,0.0,1.0
2024-04-18 00:00:00+00:00,38.98,39.76,36.98,37.72,5566666,194.9,198.8,184.9,188.6,1113333,0.0,1.0
2024-04-19 00:00:00+00:00,40.52,41.418,38.01,39.16,7507261,202.6,207.09,190.05,195.8,1501452,0.0,1.0
2024-04-22 00:00:00+00:00,35.77,38.24,35.08,38.12,6534997,178.85,191.2,175.4,190.6,1306999,0.0,1.0
2024-04-23 00:00:00+00:00,33.71,34.915,33.41,34.66,6477133,168.55,174.575,167.05,173.3,1295426,0.0,1.0
2024-04-24 00:00:00+00:00,33.29,34.61,33.14,33.49,6559437,166.45,173.05,165.7,167.45,1311887,0.0,1.0
2024-04-25 00:00:00+00:00,34.33,36.755,34.03,36.01,8233489,171.65,183.775,170.15,180.05,1646697,0.0,1.0
2024-04-26 00:00:00+00:00,32.69,33.33,32.3799,32.78,6029526,163.45,166.65,161.8995,163.9,1205905,0.0,1.0
2024-04-29 00:00:00+00:00,31.94,32.82,31.46,32.19,5270418,159.7,164.1,157.3,160.95,1054083,0.0,1.0
2024-04-30 00:00:00+00:00,33.27,33.32,31.4,32.01,6744101,166.35,166.6,157.0,160.05,1348820,0.0,1.0
2024-05-01 00:00:00+00:00,33.5,34.15,31.3,33.77,9272078,167.5,170.75,156.5,168.85,1854415,0.0,1.0
2024-05-02 00:00:00+00:00,31.88,33.81,31.64,32.43,5786556,159.4,169.05,158.2,162.15,1157311,0.0,1.0
2024-05-03 00:00:00+00:00,30.25,31.095,29.99,30.19,8554757,151.25,155.475,149.95,150.95,1710951,0.0,1.0
2024-05-06 00:00:00+00:00,29.09,29.5993,29.01,29.5,5042149,145.45,147.9965,145.05,147.5,1008429,0.0,1.0
2024-05-07 00:00:00+00:00,28.85,29.209,28.77,28.87,5705630,144.25,146.045,143.85,144.35,1141126,0.0,1.0
2024-05-08 00:00:00+00:00,28.46,28.95,28.35,28.94,5555943,142.3,144.75,141.75,144.7,1111188,0.0,1.0
2024-05-09 00:00:00+00:00,28.24,28.86,28.2,28.4,5229650,141.2,144.3,141.0,142.0,1045930,0.0,1.0
2024-05-10 00:00:00+00:00,27.68,28.36,27.62,28.2,5397877,138.4,141.8,138.1,141.0,1079575,0.0,1.0
2024-05-13 00:00:00+00:00,28.13,28.33,27.525,27.56,4524641,140.65,141.65,137.625,137.8,904928,0.0,1.0
2024-05-14 00:00:00+00:00,27.41,28.35,27.22,28.13,5978486,137.05,141.75,136.1,140.65,1195697,0.0,1.0
2024-05-15 00:00:00+00:00,25.77,26.925,25.7577,26.56,8016248,128.85,134.625,128.7885,132.8,1603249,0.0,1.0
2024-05-16 00:00:00+00:00,25.76,26.175,25.64,25.885,6764598,128.8,130.875,128.2,129.425,1352919,0.0,1.0
2024-05-17 00:00:00+00:00,25.35,25.91,25.17,25.76,6553847,126.75,129.55,125.85,128.8,1310769,0.0,1.0
2024-05-20 00:00:00+00:00,25.32,25.58,24.91,25.2,4766186,126.6,127.9,124.55,126.0,953237,0.0,1.0
2024-05-21 00:00:00+00:00,24.69,25.42,24.55,25.37,5111999,123.45,127.1,122.75,126.85,1022399,0.0,1.0
2024-05-22 00:00:00+00:00,25.44,25.855,24.425,24.76,9469814,127.2,129.275,122.125,123.8,1893962,0.0,1.0
2024-05-23 00:00:00+00:00,26.0,26.44,24.49,24.64,12860077,130.0,132.2,122.45,123.2,2572015,0.0,1.0
2024-05-24 00:00:00+00:00,24.98,25.8113,24.64,25.72,8357580,124.9,129.0565,123.2,128.6,1671516,0.0,1.0
2024-05-28 00:00:00+00:00,25.61,26.27,24.6434,24.69,6611945,128.05,131.35,123.217,123.45,1322389,0.0,1.0
2024-05-29 00:00:00+00:00,27.05,27.44,26.42,27.32,7939269,135.25,137.2,132.1,136.6,1587853,0.0,1.0
2024-05-30 00:00:00+00:00,27.04,27.72,26.2,27.17,6880226,135.2,138.6,131.0,135.85,1376045,0.0,1.0
2024-05-31 00:00:00+00:00,25.8,28.03,25.625,26.25,8683382,129.0,140.15,128.125,131.25,1736676,0.0,1.0
2024-06-03 00:00:00+00:00,25.56,26.96,25.15,25.24,5598991,127.8,134.8,125.75,126.2,1119798,0.0,1.0
2024-06-04 00:00:00+00:00,25.66,26.77,25.48,26.13,6086448,128.3,133.85,127.4,130.65,1217289,0.0,1.0
2024-06-05 00:00:00+00:00,24.96,26.0,24.82,25.25,4373677,124.8,130.0,124.1,126.25,874735,0.0,1.0
2024-06-06 00:00:00+00:00,24.72,25.1594,24.573,24.74,4752395,123.6,125.797,122.865,123.7,950479,0.0,1.0
2024-06-07 00:00:00+00:00,24.35,24.86,24.03,24.68,5681553,121.75,124.3,120.15,123.4,1136310,0.0,1.0
2024-06-10 00:00:00+00:00,24.29,25.035,24.14,24.87,3701529,121.45,125.175,120.7,124.35,740305,0.0,1.0
2024-06-11 00:00:00+00:00,24.3,25.21,24.15,24.75,6327829,121.5,126.05,120.75,123.75,1265565,0.0,1.0
2024-06-12 00:00:00+00:00,23.59,23.875,23.275,23.49,10067582,117.95,119.375,116.375,117.45,2013516,0.0,1.0
2024-06-13 00:00:00+00:00,23.59,24.48,23.33,23.54,7132960,117.95,122.4,116.65,117.7,1426592,0.0,1.0
2024-06-14 00:00:00+00:00,24.63,25.33,24.13,24.4,9590261,123.15,126.65,120.65,122.0,1918052,0.0,1.0
2024-06-17 00:00:00+00:00,24.41,25.08,23.98,24.61,6374115,122.05,125.4,119.9,123.05,1274823,0.0,1.0
2024-06-18 00:00:00+00:00,24.27,24.64,23.92,24.06,5441334,121.35,123.2,119.6,120.3,1088266,0.0,1.0
2024-06-20 00:00:00+00:00,25.45,25.735,24.16,24.24,12381538,127.25,128.675,120.8,121.2,2476307,0.0,1.0
2024-06-21 00:00:00+00:00,24.69,26.19,24.43,25.68,7992805,123.45,130.95,122.15,128.4,1598561,0.0,1.0
2024-06-24 00:00:00+00:00,24.58,25.05,24.1,24.98,4958733,122.9,125.25,120.5,124.9,991746,0.0,1.0
2024-06-25 00:00:00+00:00,23.76,24.7,23.67,24.46,3835949,118.8,123.5,118.35,122.3,767189,0.0,1.0
2024-06-26 00:00:00+00:00,23.39,24.02,23.36,23.87,4172663,116.95,120.1,116.8,119.35,834532,0.0,1.0
2024-06-27 00:00:00+00:00,23.08,23.47,23.08,23.41,4162889,115.4,117.35,115.4,117.05,832577,0.0,1.0
2024-06-28 00:00:00+00:00,23.54,23.64,22.9333,23.12,6904973,117.7,118.2,114.6665,115.6,1380994,0.0,1.0
2024-07-01 00:00:00+00:00,22.34,23.34,22.17,23.11,5497863,111.7,116.7,110.85,115.55,1099572,0.0,1.0
2024-07-02 00:00:00+00:00,21.79,22.39,21.7,22.36,4425864,108.95,111.95,108.5,111.8,885172,0.0,1.0
2024-07-03 00:00:00+00:00,22.05,22.05,21.61,21.8,2542270,110.25,110.25,108.05,109.0,508454,0.0,1.0
2024-07-05 00:00:00+00:00,22.04,22.3,21.77,21.82,5775849,110.2,111.5,108.85,109.1,1155169,0.0,1.0
2024-07-08 00:00:00+00:00,21.57,21.7,21.28,21.68,5293905,107.85,108.5,106.4,108.4,1058781,0.0,1.0
2024-07-09 00:00:00+00:00,21.57,21.73,21.3099,21.43,4680656,107.85,108.65,106.5495,107.15,936131,0.0,1.0
2024-07-10 00:00:00+00:00,21.49,21.61,21.04,21.54,4855015,107.45,108.05,105.2,107.7,971003,0.0,1.0
2024-07-11 00:00:00+00:00,21.59,22.055,21.0433,21.09,13322567,107.95,110.275,105.2165,105.45,2664513,0.0,1.0
2024-07-12 00:00:00+00:00,20.98,21.11,20.55,21.08,8343424,104.9,105.55,102.75,105.4,1668684,0.0,1.0
2024-07-15 00:00:00+00:00,21.56,21.67,20.66,20.84,8263928,107.8,108.35,103.3,104.2,1652785,0.0,1.0
2024-07-16 00:00:00+00:00,21.79,21.8,21.3,21.39,6235451,108.95,109.0,106.5,106.95,1247090,0.0,1.0
2024-07-17 00:00:00+00:00,22.88,23.375,22.21,22.69,13576216,114.4,116.875,111.05,113.45,2715243,0.0,1.0
2024-07-18 00:00:00+00:00,23.9,24.45,21.975,22.17,12355048,119.5,122.25,109.875,110.85,2471009,0.0,1.0
2024-07-19 00:00:00+00:00,25.41,25.895,24.01,24.42,10829400,127.05,129.475,120.05,122.1,2165880,0.0,1.0
2024-07-22 00:00:00+00:00,23.48,24.87,23.2,24.77,8301195,117.4,124.35,116.0,123.85,1660239,0.0,1.0
2024-07-23 00:00:00+00:00,23.14,23.62,22.65,23.41,6332835,115.7,118.1,113.25,117.05,1266567,0.0,1.0
2024-07-24 00:00:00+00:00,27.83,28.215,24.2138,24.3,13723011,139.15,141.075,121.069,121.5,2744602,0.0,1.0
2024-07-25 00:00:00+00:00,28.12,29.41,25.63,27.25,16415366,140.6,147.05,128.15,136.25,3283073,0.0,1.0
2024-07-26 00:00:00+00:00,25.85,27.22,25.73,26.95,8974470,129.25,136.1,128.65,134.75,1794894,0.0,1.0
2024-07-29 00:00:00+00:00,25.29,26.17,24.8703,25.51,6032435,126.45,130.85,124.3515,127.55,1206487,0.0,1.0
2024-07-30 00:00:00+00:00,26.37,27.71,24.84,24.95,9573498,131.85,138.55,124.2,124.75,1914699,0.0,1.0
2024-07-31 00:00:00+00:00,25.22,25.54,23.955,25.23,8763883,126.1,127.7,119.775,126.15,1752776,0.0,1.0
2024-08-01 00:00:00+00:00,28.79,30.13,24.94,25.23,17854878,143.95,150.65,124.7,126.15,3570975,0.0,1.0
2024-08-02 00:00:00+00:00,39.02,40.66,31.61,32.11,39307051,195.1,203.3,158.05,160.55,7861410,0.0,1.0
2024-08-05 00:00:00+00:00,61.77,65.87,48.36,64.99,30285608,308.85,329.35,241.8,324.95,6057121,0.0,1.0
2024-08-06 00:00:00+00:00,44.24,54.7264,34.95,51.38,14847266,221.2,273.632,174.75,256.9,2969453,0.0,1.0
2024-08-07 00:00:00+00:00,42.55,45.7272,34.74,36.02,15557175,212.75,228.636,173.7,180.1,3111435,0.0,1.0
2024-08-08 00:00:00+00:00,37.75,41.23,36.97,39.55,12358446,188.75,206.15,184.85,197.75,2471689,0.0,1.0
2024-08-09 00:00:00+00:00,30.24,38.4999,29.8,37.21,11027480,151.2,192.4995,149.0,186.05,2205496,0.0,1.0
2024-08-12 00:00:00+00:00,30.0,31.16,27.08,29.98,11629429,150.0,155.8,135.4,149.9,2325885,0.0,1.0
2024-08-13 00:00:00+00:00,26.65,28.96,26.435,28.86,6835389,133.25,144.8,132.175,144.3,1367077,0.0,1.0
2024-08-14 00:00:00+00:00,23.86,26.0459,23.78,25.68,8571204,119.3,130.2295,118.9,128.4,1714240,0.0,1.0
2024-08-15 00:00:00+00:00,22.42,23.42,21.96,22.88,9699759,112.1,117.1,109.8,114.4,1939951,0.0,1.0
2024-08-16 00:00:00+00:00,22.44,23.2765,22.2123,23.02,9690723,112.2,116.3825,111.0615,115.1,1938144,0.0,1.0
2024-08-19 00:00:00+00:00,21.7,22.56,21.48,22.4,7925855,108.5,112.8,107.4,112.0,1585171,0.0,1.0
2024-08-20 00:00:00+00:00,23.11,23.255,21.87,22.07,10963894,115.55,116.275,109.35,110.35,2192778,0.0,1.0
2024-08-21 00:00:00+00:00,23.5,24.41,22.92,22.97,14437527,117.5,122.05,114.6,114.85,2887505,0.0,1.0
2024-08-22 00:00:00+00:00,25.1,25.3,23.11,23.26,16086310,125.5,126.5,115.55,116.3,3217262,0.0,1.0
2024-08-23 00:00:00+00:00,22.87,24.5199,22.68,24.12,13956087,114.35,122.5995,113.4,120.6,2791217,0.0,1.0
2024-08-26 00:00:00+00:00,22.82,23.63,22.56,22.63,10000588,114.1,118.15,112.8,113.15,2000117,0.0,1.0
2024-08-27 00:00:00+00:00,22.11,23.55,22.09,23.3,6629586,110.55,117.75,110.45,116.5,1325917,0.0,1.0
2024-08-28 00:00:00+00:00,23.96,24.48,22.03,22.2,14205673,119.8,122.4,110.15,111.0,2841134,0.0,1.0
2024-08-29 00:00:00+00:00,22.77,23.23,22.18,22.87,13183763,113.85,116.15,110.9,114.35,2636752,0.0,1.0
2024-08-30 00:00:00+00:00,21.83,22.8,21.6042,22.1689,12133191,109.15,114.0,108.021,110.8445,2426638,0.0,1.0
2024-09-03 00:00:00+00:00,28.3,29.4999,22.43,22.5,24016424,141.5,147.4995,112.15,112.5,4803284,0.0,1.0
2024-09-04 00:00:00+00:00,29.29,30.36,26.46,29.43,20016245,146.45,151.8,132.3,147.15,4003249,0.0,1.0
2024-09-05 00:00:00+00:00,27.24,29.18,26.57,28.7,17802871,136.2,145.9,132.85,143.5,3560574,0.0,1.0
2024-09-06 00:00:00+00:00,30.36,32.1799,26.001,26.51,28429643,151.8,160.8995,130.005,132.55,5685928,0.0,1.0
2024-09-09 00:00:00+00:00,27.31,29.81,26.9,29.33,14436056,136.55,149.05,134.5,146.65,2887211,0.0,1.0
2024-09-10 00:00:00+00:00,26.67,29.2,26.47,26.93,11697468,133.35,146.0,132.35,134.65,2339493,0.0,1.0
2024-09-11 00:00:00+00:00,24.91,29.77,24.83,26.02,23091445,124.55,148.85,124.15,130.1,4618289,0.0,1.0
2024-09-12 00:00:00+00:00,24.59,26.16,24.55,25.31,13856290,122.95,130.8,122.75,126.55,2771258,0.0,1.0
2024-09-13 00:00:00+00:00,24.45,24.9,23.66,24.82,13274179,122.25,124.5,118.3,124.1,2654835,0.0,1.0
2024-09-16 00:00:00+00:00,24.83,25.67,24.5796,24.66,8750196,124.15,128.35,122.898,123.3,1750039,0.0,1.0
2024-09-17 00:00:00+00:00,25.58,26.17,24.38,24.73,16682314,127.9,130.85,121.9,123.65,3336462,0.0,1.0
2024-09-18 00:00:00+00:00,25.27,26.07,23.5,25.42,20069647,126.35,130.35,117.5,127.1,4013929,0.0,1.0
2024-09-19 00:00:00+00:00,23.66,24.3801,23.35,23.85,11332161,118.3,121.9005,116.75,119.25,2266432,0.0,1.0
2024-09-20 00:00:00+00:00,23.52,24.01,23.045,23.89,11202135,117.6,120.05,115.225,119.45,2240427,0.0,1.0
2024-09-23 00:00:00+00:00,23.62,23.93,22.81,23.17,7060806,118.1,119.65,114.05,115.85,1412161,0.0,1.0
2024-09-24 00:00:00+00:00,23.64,24.7901,23.18,23.39,9364008,118.2,123.9505,115.9,116.95,1872801,0.0,1.0
2024-09-25 00:00:00+00:00,24.09,24.225,23.37,23.84,7851229,120.45,121.125,116.85,119.2,1570245,0.0,1.0
2024-09-26 00:00:00+00:00,24.11,24.49,23.76,23.87,7912440,120.55,122.45,118.8,119.35,1582488,0.0,1.0
2024-09-27 00:00:00+00:00,25.8,25.84,24.0412,24.12,9755621,129.0,129.2,120.206,120.6,1951124,0.0,1.0
2024-09-30 00:00:00+00:00,24.93,26.92,24.9,26.0,13974141,124.65,134.6,124.5,130.0,2794828,0.0,1.0
2024-10-01 00:00:00+00:00,27.8,28.34,24.93,24.98,32467104,139.0,141.7,124.65,124.9,6493420,0.0,1.0
2024-10-02 00:00:00+00:00,27.26,29.12,27.01,27.91,13793086,136.3,145.6,135.05,139.55,2758617,0.0,1.0
2024-10-03 00:00:00+00:00,29.08,29.3399,27.48,28.22,14656611,145.4,146.6995,137.4,141.1,2931322,0.0,1.0
2024-10-04 00:00:00+00:00,27.46,28.825,27.21,28.06,14120974,137.3,144.125,136.05,140.3,2824194,0.0,1.0
2024-10-07 00:00:00+00:00,31.04,31.42,28.06,28.17,15012825,155.2,157.1,140.3,140.85,3002565,0.0,1.0
2024-10-08 00:00:00+00:00,29.25,29.99,28.646,29.5,10680632,146.25,149.95,143.23,147.5,2136126,0.0,1.0
2024-10-09 00:00:00+00:00,28.12,29.14,27.89,28.92,7621760,140.6,145.7,139.45,144.6,1524352,0.0,1.0
2024-10-10 00:00:00+00:00,28.62,29.27,28.255,28.34,8702029,143.1,146.35,141.275,141.7,1740405,0.0,1.0
2024-10-11 00:00:00+00:00,28.19,28.8,27.81,28.8,7335714,140.95,144.0,139.05,144.0,1467142,0.0,1.0
2024-10-14 00:00:00+00:00,26.69,27.73,26.2,27.61,5809697,133.45,138.65,131.0,138.05,1161939,0.0,1.0
2024-10-15 00:00:00+00:00,28.0,28.13,25.68,25.98,11768802,140.0,140.65,128.4,129.9,2353760,0.0,1.0
2024-10-16 00:00:00+00:00,27.52,28.54,27.27,27.85,7221845,137.6,142.7,136.35,139.25,1444369,0.0,1.0
2024-10-17 00:00:00+00:00,26.92,27.69,26.79,27.17,6007194,134.6,138.45,133.95,135.85,1201438,0.0,1.0
2024-10-18 00:00:00+00:00,25.97,26.815,25.86,26.6,5701260,129.85,134.075,129.3,133.0,1140252,0.0,1.0
2024-10-21 00:00:00+00:00,26.02,27.04,25.83,26.23,7228794,130.1,135.2,129.15,131.15,1445758,0.0,1.0
2024-10-22 00:00:00+00:00,25.87,26.95,25.62,26.57,6094939,129.35,134.75,128.1,132.85,1218987,0.0,1.0
2024-10-23 00:00:00+00:00,27.82,28.8457,26.2347,26.37,13284486,139.1,144.2285,131.1735,131.85,2656897,0.0,1.0
2024-10-24 00:00:00+00:00,27.11,28.99,26.8485,26.9405,10309723,135.55,144.95,134.2425,134.7025,2061944,0.0,1.0
2024-10-25 00:00:00+00:00,29.06,29.08,26.255,26.67,13085239,145.3,145.4,131.275,133.35,2617047,0.0,1.0
2024-10-28 00:00:00+00:00,26.98,27.5,26.42,27.2,9668591,134.9,137.5,132.1,136.0,1933718,0.0,1.0
2024-10-29 00:00:00+00:00,26.82,27.3599,26.2,27.08,6525748,134.1,136.7995,131.0,135.4,1305149,0.0,1.0
2024-10-30 00:00:00+00:00,27.73,27.86,26.51,27.18,7865762,138.65,139.3,132.55,135.9,1573152,0.0,1.0
2024-10-31 00:00:00+00:00,30.94,31.02,28.75,28.82,15536498,154.7,155.1,143.75,144.1,3107299,0.0,1.0
2024-11-01 00:00:00+00:00,30.13,30.25,28.59,29.72,11683399,150.65,151.25,142.95,148.6,2336679,0.0,1.0
2024-11-04 00:00:00+00:00,28.19,30.0,27.97,29.68,10938670,140.95,150.0,139.85,148.4,2187734,0.0,1.0
2024-11-05 00:00:00+00:00,25.99,27.63,25.86,27.58,13025593,129.95,138.15,129.3,137.9,2605118,0.0,1.0
2024-11-06 00:00:00+00:00,22.11,23.65,21.812,21.99,14423367,110.55,118.25,109.06,109.95,2884673,0.0,1.0
2024-11-07 00:00:00+00:00,21.13,21.61,20.96,21.59,9093104,105.65,108.05,104.8,107.95,1818620,0.0,1.0
2024-11-08 00:00:00+00:00,20.94,21.49,20.759,21.1,8236667,104.7,107.45,103.795,105.5,1647333,0.0,1.0
2024-11-11 00:00:00+00:00,20.85,20.88,20.31,20.58,7955031,104.25,104.4,101.55,102.9,1591006,0.0,1.0
2024-11-12 00:00:00+00:00,20.73,21.55,20.61,20.95,11423977,103.65,107.75,103.05,104.75,2284795,0.0,1.0
2024-11-13 00:00:00+00:00,20.02,20.8961,19.91,20.52,9831556,100.1,104.4805,99.55,102.6,1966311,0.0,1.0
2024-11-14 00:00:00+00:00,19.99,20.21,19.5,19.85,10244868,99.95,101.05,97.5,99.25,2048973,0.0,1.0
2024-11-15 00:00:00+00:00,22.1,23.49,20.28,20.44,26156990,110.5,117.45,101.4,102.2,5231398,0.0,1.0
2024-11-18 00:00:00+00:00,20.88,22.12,20.36,21.84,10619179,104.4,110.6,101.8,109.2,2123835,0.0,1.0
2024-11-19 00:00:00+00:00,21.97,22.8,21.13,22.72,14277563,109.85,114.0,105.65,113.6,2855512,0.0,1.0
2024-11-20 00:00:00+00:00,23.07,24.3699,21.8405,21.96,15153152,115.35,121.8495,109.2025,109.8,3030630,0.0,1.0
2024-11-21 00:00:00+00:00,22.77,23.99,21.92,22.1,11890321,113.85,119.95,109.6,110.5,2378064,0.0,1.0
2024-11-22 00:00:00+00:00,21.48,22.77,21.44,22.61,11206346,107.4,113.85,107.2,113.05,2241269,0.0,1.0
2024-11-25 00:00:00+00:00,20.31,21.8,20.25,20.48,11700964,101.55,109.0,101.25,102.4,2340192,0.0,1.0
2024-11-26 00:00:00+00:00,19.98,20.29,19.71,20.29,8888695,99.9,101.45,98.55,101.45,1777739,0.0,1.0
2024-11-27 00:00:00+00:00,19.85,20.8,19.7201,20.04,8971118,99.25,104.0,98.6005,100.2,1794223,0.0,1.0
2024-11-29 00:00:00+00:00,19.3,19.58,19.15,19.55,6645205,96.5,97.9,95.75,97.75,1329041,0.0,1.0
2024-12-02 00:00:00+00:00,19.07,19.33,18.95,19.26,6719903,95.35,96.65,94.75,96.3,1343980,0.0,1.0
2024-12-03 00:00:00+00:00,18.83,19.67,18.66,19.3,8668910,94.15,98.35,93.3,96.5,1733782,0.0,1.0
2024-12-04 00:00:00+00:00,19.05,19.05,18.34,18.56,8199490,95.25,95.25,91.7,92.8,1639898,0.0,1.0
2024-12-05 00:00:00+00:00,19.16,19.29,18.91,19.21,7709491,95.8,96.45,94.55,96.05,1541898,0.0,1.0
2024-12-06 00:00:00+00:00,18.65,18.94,18.47,18.61,7359433,93.25,94.7,92.35,93.05,1471886,0.0,1.0
2024-12-09 00:00:00+00:00,19.26,19.52,18.53,18.64,12903272,96.3,97.6,92.65,93.2,2580654,0.0,1.0
2024-12-10 00:00:00+00:00,19.25,19.39,18.8,19.09,8686616,96.25,96.95,94.0,95.45,1737323,0.0,1.0
2024-12-11 00:00:00+00:00,18.87,19.0,18.3639,18.52,6751678,94.35,95.0,91.8195,92.6,1350335,0.0,1.0
2024-12-12 00:00:00+00:00,19.08,19.395,18.685,19.01,10484314,95.4,96.975,93.425,95.05,2096862,0.0,1.0
2024-12-13 00:00:00+00:00,19.08,19.46,18.6,18.75,8451353,95.4,97.3,93.0,93.75,1690270,0.0,1.0
2024-12-16 00:00:00+00:00,19.68,19.77,18.95,18.96,7825091,98.4,98.85,94.75,94.8,1565018,0.0,1.0
2024-12-17 00:00:00+00:00,20.31,20.45,19.61,20.0,13847497,101.55,102.25,98.05,100.0,2769499,0.0,1.0
2024-12-18 00:00:00+00:00,25.24,25.52,19.7,20.03,33625023,126.2,127.6,98.5,100.15,6725004,0.0,1.0
2024-12-19 00:00:00+00:00,28.77,29.16,23.3,23.6,36399783,143.85,145.8,116.5,118.0,7279956,0.0,1.0
2024-12-20 00:00:00+00:00,22.42,28.57,22.1511,28.37,24567963,112.1,142.85,110.7555,141.85,4913592,0.0,1.0
2024-12-23 00:00:00+00:00,20.21,22.98,20.19,21.84,12964074,101.05,114.9,100.95,109.2,2592814,0.0,1.0
2024-12-24 00:00:00+00:00,18.58,19.7,18.48,19.7,9091806,92.9,98.5,92.4,98.5,1818361,0.0,1.0
2024-12-26 00:00:00+00:00,18.59,19.59,18.46,18.86,9906261,92.95,97.95,92.3,94.3,1981252,0.0,1.0
2024-12-27 00:00:00+00:00,19.92,21.45,18.98,19.15,24998932,99.6,107.25,94.9,95.75,4999786,0.0,1.0
2024-12-30 00:00:00+00:00,20.53,22.56,19.6601,21.7,23671921,102.65,112.8,98.3005,108.5,4734384,0.0,1.0
2024-12-31 00:00:00+00:00,20.72,21.08,19.7788,20.01,13101009,103.6,105.4,98.894,100.05,2620201,0.0,1.0
2025-01-02 00:00:00+00:00,21.4,22.92,20.11,20.26,15683263,107.0,114.6,100.55,101.3,3136652,0.0,1.0
2025-01-03 00:00:00+00:00,19.59,21.07,19.59,20.8501,14794291,97.95,105.35,97.95,104.2505,2958858,0.0,1.0
2025-01-06 00:00:00+00:00,19.51,20.08,19.04,19.49,11575176,97.55,100.4,95.2,97.45,2315035,0.0,1.0
2025-01-07 00:00:00+00:00,21.24,21.76,19.12,19.2,20574361,106.2,108.8,95.6,96.0,4114872,0.0,1.0
2025-01-08 00:00:00+00:00,21.03,22.6,20.775,21.56,20305403,105.15,113.0,103.875,107.8,4061080,0.0,1.0
2025-01-10 00:00:00+00:00,23.1,23.8599,21.89,22.26,21368595,115.5,119.2995,109.45,111.3,4273719,0.0,1.0
2025-01-13 00:00:00+00:00,22.46,24.59,22.21,24.31,14241022,112.3,122.95,111.05,121.55,2848204,0.0,1.0
2025-01-14 00:00:00+00:00,21.8,22.8886,21.0399,21.81,13278965,109.0,114.443,105.1995,109.05,2655793,0.0,1.0
2025-01-15 00:00:00+00:00,19.15,20.16,19.15,20.09,18655922,95.75,100.8,95.75,100.45,3731184,0.0,1.0
2025-01-16 00:00:00+00:00,19.07,19.33,18.8,19.04,11579787,95.35,96.65,94.0,95.2,2315957,0.0,1.0
2025-01-17 00:00:00+00:00,19.31,19.31,18.5977,18.6,9497356,96.55,96.55,92.9885,93.0,1899471,0.0,1.0
2025-01-21 00:00:00+00:00,18.15,18.93,18.01,18.69,13584732,90.75,94.65,90.05,93.45,2716946,0.0,1.0
2025-01-22 00:00:00+00:00,18.52,18.5889,18.02,18.04,8163058,92.6,92.9445,90.1,90.2,1632611,0.0,1.0
2025-01-23 00:00:00+00:00,18.03,18.47,17.84,18.47,11378334,90.15,92.35,89.2,92.35,2275666,0.0,1.0
2025-01-24 00:00:00+00:00,17.82,18.105,17.66,17.8,11783504,89.1,90.525,88.3,89.0,2356700,0.0,1.0
2025-01-27 00:00:00+00:00,19.71,21.15,19.27,21.11,36920749,98.55,105.75,96.35,105.55,7384149,0.0,1.0
2025-01-28 00:00:00+00:00,18.61,20.1099,18.4401,19.29,17528432,93.05,100.5495,92.2005,96.45,3505686,0.0,1.0
2025-01-29 00:00:00+00:00,18.52,19.62,18.42,18.57,17454919,92.6,98.1,92.1,92.85,3490983,0.0,1.0
2025-01-30 00:00:00+00:00,18.4,18.78,18.09,18.15,14565421,92.0,93.9,90.45,90.75,2913084,0.0,1.0
2025-01-31 00:00:00+00:00,19.37,19.75,17.9399,18.12,28070748,96.85,98.75,89.6995,90.6,5614149,0.0,1.0
2025-02-03 00:00:00+00:00,19.94,22.0,18.88,21.4,43887201,99.7,110.0,94.4,107.0,8777440,0.0,1.0
2025-02-04 00:00:00+00:00,19.1,19.96,18.875,19.57,15216322,95.5,99.8,94.375,97.85,3043264,0.0,1.0
2025-02-05 00:00:00+00:00,18.46,19.49,18.4,19.14,17216803,92.3,97.45,92.0,95.7,3443360,0.0,1.0
2025-02-06 00:00:00+00:00,18.27,18.8,18.17,18.25,13181257,91.35,94.0,90.85,91.25,2636251,0.0,1.0
2025-02-07 00:00:00+00:00,19.19,19.265,18.03,18.07,28205910,95.95,96.325,90.15,90.35,5641182,0.0,1.0
2025-02-10 00:00:00+00:00,18.49,18.94,18.46,18.65,14127982,92.45,94.7,92.3,93.25,2825596,0.0,1.0
2025-02-11 00:00:00+00:00,18.57,18.76,18.28,18.74,11128349,92.85,93.8,91.4,93.7,2225669,0.0,1.0
2025-02-12 00:00:00+00:00,18.45,19.34,18.33,19.18,22913992,92.25,96.7,91.65,95.9,4582798,0.0,1.0
2025-02-13 00:00:00+00:00,17.99,18.735,17.96,18.36,21264160,89.95,93.675,89.8,91.8,4252832,0.0,1.0
2025-02-14 00:00:00+00:00,17.87,18.2,17.79,17.96,14279927,89.35,91.0,88.95,89.8,2855985,0.0,1.0
2025-02-18 00:00:00+00:00,17.74,17.995,17.535,17.695,16065089,88.7,89.975,87.675,88.475,3213017,0.0,1.0
2025-02-19 00:00:00+00:00,17.46,18.0099,17.44,17.98,12899519,87.3,90.0495,87.2,89.9,2579903,0.0,1.0
2025-02-20 00:00:00+00:00,17.55,18.05,17.265,17.42,19911666,87.75,90.25,86.325,87.1,3982333,0.0,1.0
2025-02-21 00:00:00+00:00,19.4,19.6099,17.58,17.6,41965355,97.0,98.0495,87.9,88.0,8393071,0.0,1.0
2025-02-24 00:00:00+00:00,19.57,20.25,18.515,18.88,28584211,97.85,101.25,92.575,94.4,5716842,0.0,1.0
2025-02-25 00:00:00+00:00,19.74,21.1,19.15,19.85,33735478,98.7,105.5,95.75,99.25,6747095,0.0,1.0
2025-02-26 00:00:00+00:00,19.19,20.09,18.51,19.55,25303507,95.95,100.45,92.55,97.75,5060701,0.0,1.0
2025-02-27 00:00:00+00:00,20.82,20.9399,18.62,18.85,29603681,104.1,104.6995,93.1,94.25,5920736,0.0,1.0
2025-02-28 00:00:00+00:00,20.11,21.865,20.0,21.09,26944993,100.55,109.325,100.0,105.45,5388998,0.0,1.0
2025-03-03 00:00:00+00:00,22.78,23.57,19.62,19.69,29263543,113.9,117.85,98.1,98.45,5852708,0.0,1.0
2025-03-04 00:00:00+00:00,23.57,26.18,21.9288,24.16,36608941,117.85,130.9,109.644,120.8,7321788,0.0,1.0
2025-03-05 00:00:00+00:00,22.0,24.3,21.89,23.29,28938670,110.0,121.5,109.45,116.45,5787734,0.0,1.0
2025-03-06 00:00:00+00:00,25.5,25.7097,23.18,24.04,25040722,127.5,128.5485,115.9,120.2,5008144,0.0,1.0
2025-03-07 00:00:00+00:00,23.86,26.71,23.66,25.5,21039161,119.3,133.55,118.3,127.5,4207832,0.0,1.0
2025-03-10 00:00:00+00:00,27.75,28.41,25.37,25.9,25119760,138.75,142.05,126.85,129.5,5023952,0.0,1.0
2025-03-11 00:00:00+00:00,27.61,30.19,27.04,28.01,21999466,138.05,150.95,135.2,140.05,4399893,0.0,1.0
2025-03-12 00:00:00+00:00,25.63,28.09,25.29,26.1087,21885505,128.15,140.45,126.45,130.5435,4377101,0.0,1.0
2025-03-13 00:00:00+00:00,27.13,28.1308,25.08,25.78,22920027,135.65,140.654,125.4,128.9,4584005,0.0,1.0
2025-03-14 00:00:00+00:00,23.79,26.1399,23.64,25.94,16090623,118.95,130.6995,118.2,129.7,3218124,0.0,1.0
2025-03-17 00:00:00+00:00,22.38,23.38,22.18,23.32,12705002,111.9,116.9,110.9,116.6,2541000,0.0,1.0
2025-03-18 00:00:00+00:00,23.25,23.798,22.18,22.185,13747668,116.25,118.99,110.9,110.925,2749533,0.0,1.0
2025-03-19 00:00:00+00:00,22.12,23.23,21.3,22.95,17323470,110.6,116.15,106.5,114.75,3464694,0.0,1.0
2025-03-20 00:00:00+00:00,21.6,22.88,21.25,22.74,16414930,108.0,114.4,106.25,113.7,3282986,0.0,1.0
2025-03-21 00:00:00+00:00,21.56,22.65,21.4001,22.33,20250660,107.8,113.25,107.0005,111.65,4050132,0.0,1.0
2025-03-24 00:00:00+00:00,19.39,20.44,19.38,20.32,17923268,96.95,102.2,96.9,101.6,3584653,0.0,1.0
2025-03-25 00:00:00+00:00,19.67,19.8,19.185,19.234,9129420,98.35,99.0,95.925,96.17,1825884,0.0,1.0
2025-03-26 00:00:00+00:00,20.57,21.19,19.3,19.3,23471789,102.85,105.95,96.5,96.5,4694357,0.0,1.0
2025-03-27 00:00:00+00:00,20.82,21.51,20.32,20.9171,23270932,104.1,107.55,101.6,104.5855,4654186,0.0,1.0
2025-03-28 00:00:00+00:00,23.37,23.6468,20.88,21.24,34681876,116.85,118.234,104.4,106.2,6936375,0.0,1.0
2025-03-31 00:00:00+00:00,23.43,26.11,23.08,25.49,29757803,117.15,130.55,115.4,127.45,5951560,0.0,1.0
2025-04-01 00:00:00+00:00,23.5,25.21,22.98,23.925,20583001,117.5,126.05,114.9,119.625,4116600,0.0,1.0
2025-04-02 00:00:00+00:00,22.55,24.99,21.95,24.9737,24632411,112.75,124.95,109.75,124.8685,4926482,0.0,1.0
2025-04-03 00:00:00+00:00,30.88,30.99,26.52,27.59,41650589,154.4,154.95,132.6,137.95,8330117,0.0,1.0
2025-04-04 00:00:00+00:00,39.79,41.295,34.09,36.49,41981055,198.95,206.475,170.45,182.45,8396211,0.0,1.0
2025-04-07 00:00:00+00:00,39.75,48.14,35.65,45.7,27370591,198.75,240.7,178.25,228.5,5474118,0.0,1.0
2025-04-08 00:00:00+00:00,47.69,53.21,34.02,34.47,33082989,238.45,266.05,170.1,172.35,6616597,0.0,1.0
2025-04-09 00:00:00+00:00,32.61,51.85,29.755,50.3,28564469,163.05,259.25,148.775,251.5,5712893,0.0,1.0
2025-04-10 00:00:00+00:00,41.8,47.48,34.75,36.485,30164948,209.0,237.4,173.75,182.425,6032989,0.0,1.0
2025-04-11 00:00:00+00:00,40.46,46.95,39.93,43.68,19161075,202.3,234.75,199.65,218.4,3832215,0.0,1.0
2025-04-14 00:00:00+00:00,33.33,39.09,33.03,34.93,17978872,166.65,195.45,165.15,174.65,3595774,0.0,1.0
2025-04-15 00:00:00+00:00,33.01,34.01,31.32,33.37,13711353,165.05,170.05,156.6,166.85,2742270,0.0,1.0
2025-04-16 00:00:00+00:00,36.97,38.27,33.29,35.0,18599162,184.85,191.35,166.45,175.0,3719832,0.0,1.0
2025-04-17 00:00:00+00:00,35.46,36.64,35.0901,35.65,8411683,177.3,183.2,175.4505,178.25,1682336,0.0,1.0
2025-04-21 00:00:00+00:00,38.75,40.0245,35.93,36.32,13009135,193.75,200.1225,179.65,181.6,2601827,0.0,1.0
2025-04-22 00:00:00+00:00,35.22,36.8685,34.69,36.73,10543195,176.1,184.3425,173.45,183.65,2108639,0.0,1.0
2025-04-23 00:00:00+00:00,32.94,34.81,31.43,32.345,11238534,164.7,174.05,157.15,161.725,2247706,0.0,1.0
2025-04-24 00:00:00+00:00,31.22,32.8,31.0659,32.68,8264851,156.1,164.0,155.3295,163.4,1652970,0.0,1.0
2025-04-25 00:00:00+00:00,29.49,32.1899,29.4,31.24,10708656,147.45,160.9495,147.0,156.2,2141731,0.0,1.0
2025-04-28 00:00:00+00:00,29.68,31.31,28.8,28.955,11989023,148.4,156.55,144.0,144.775,2397804,0.0,1.0
2025-04-29 00:00:00+00:00,29.15,30.38,29.03,30.09,9583489,145.75,151.9,145.15,150.45,1916697,0.0,1.0
2025-04-30 00:00:00+00:00,30.26,32.9,29.87,30.75,16574887,151.3,164.5,149.35,153.75,3314977,0.0,1.0
2025-05-01 00:00:00+00:00,29.54,30.2499,28.86,29.01,10392576,147.7,151.2495,144.3,145.05,2078515,0.0,1.0
2025-05-02 00:00:00+00:00,27.71,28.9699,27.605,28.65,11094280,138.55,144.8495,138.025,143.25,2218856,0.0,1.0
2025-05-05 00:00:00+00:00,28.48,28.83,27.7151,28.48,8602350,142.4,144.15,138.5755,142.4,1720470,0.0,1.0
2025-05-06 00:00:00+00:00,30.14,30.295,28.87,29.63,11898726,150.7,151.475,144.35,148.15,2379745,0.0,1.0
2025-05-07 00:00:00+00:00,28.95,30.46,28.68,29.58,12187463,144.75,152.3,143.4,147.9,2437492,0.0,1.0
2025-05-08 00:00:00+00:00,27.34,28.56,26.9,28.18,13907077,136.7,142.8,134.5,140.9,2781415,0.0,1.0
2025-05-09 00:00:00+00:00,26.99,27.41,26.51,27.09,10024425,134.95,137.05,132.55,135.45,2004885,0.0,1.0
2025-05-12 00:00:00+00:00,21.71,23.95,21.67,23.81,14814085,108.55,119.75,108.35,119.05,2962817,0.0,1.0
2025-05-13 00:00:00+00:00,21.5,21.5399,20.54,21.21,12976402,107.5,107.6995,102.7,106.05,2595280,0.0,1.0
2025-05-14 00:00:00+00:00,22.14,22.32,21.45,21.45,13076694,110.7,111.6,107.25,107.25,2615338,0.0,1.0
2025-05-15 00:00:00+00:00,21.63,22.8,21.58,22.49,10427450,108.15,114.0,107.9,112.45,2085490,0.0,1.0
2025-05-16 00:00:00+00:00,21.51,21.7699,21.105,21.3,10655271,107.55,108.8495,105.525,106.5,2131054,0.0,1.0
2025-05-19 00:00:00+00:00,21.83,23.0,21.63,22.9,13309194,109.15,115.0,108.15,114.5,2661838,0.0,1.0
2025-05-20 00:00:00+00:00,21.54,22.435,21.5,21.84,16695932,107.7,112.175,107.5,109.2,3339186,0.0,1.0
2025-05-21 00:00:00+00:00,23.79,24.27,21.68,22.32,28509827,118.95,121.35,108.4,111.6,5701965,0.0,1.0
2025-05-22 00:00:00+00:00,23.47,24.3,22.905,23.98,18731403,117.35,121.5,114.525,119.9,3746280,0.0,1.0
2025-05-23 00:00:00+00:00,25.85,26.2,24.6501,25.965,24207513,129.25,131.0,123.2505,129.825,4841502,0.0,1.0
2025-05-27 00:00:00+00:00,21.95,23.845,21.8925,23.41,14473860,109.75,119.225,109.4625,117.05,2894772,0.0,1.0
2025-05-28 00:00:00+00:00,22.36,22.54,21.8598,21.87,8760561,111.8,112.7,109.299,109.35,1752112,0.0,1.0
2025-05-29 00:00:00+00:00,22.33,22.84,21.46,21.46,16727773,111.65,114.2,107.3,107.3,3345554,0.0,1.0
2025-05-30 00:00:00+00:00,22.59,23.89,22.17,22.765,23100279,112.95,119.45,110.85,113.825,4620055,0.0,1.0
2025-06-02 00:00:00+00:00,22.13,23.14,22.12,22.88,12809271,110.65,115.7,110.6,114.4,2561854,0.0,1.0
2025-06-03 00:00:00+00:00,21.47,22.17,21.34,21.99,11431524,107.35,110.85,106.7,109.95,2286304,0.0,1.0
2025-06-04 00:00:00+00:00,21.34,21.6599,21.235,21.37,12625571,106.7,108.2995,106.175,106.85,2525114,0.0,1.0
2025-06-05 00:00:00+00:00,21.99,22.3007,20.47,21.01,24371157,109.95,111.5035,102.35,105.05,4874231,0.0,1.0
2025-06-06 00:00:00+00:00,20.65,21.2001,20.515,21.1,14357829,103.25,106.0005,102.575,105.5,2871565,0.0,1.0
2025-06-09 00:00:00+00:00,20.31,20.575,20.02,20.45,9031675,101.55,102.875,100.1,102.25,1806335,0.0,1.0
2025-06-10 00:00:00+00:00,20.19,20.445,19.97,20.22,11098323,100.95,102.225,99.85,101.1,2219664,0.0,1.0
2025-06-11 00:00:00+00:00,20.4,20.87,19.3,19.63,24624507,102.0,104.35,96.5,98.15,4924901,0.0,1.0
2025-06-12 00:00:00+00:00,20.75,21.0,20.27,20.8,14703455,103.75,105.0,101.35,104.0,2940691,0.0,1.0
2025-06-13 00:00:00+00:00,23.22,23.74,21.44,22.32,47349907,116.1,118.7,107.2,111.6,9469981,0.0,1.0
2025-06-16 00:00:00+00:00,20.79,21.8687,20.51,21.84,22701752,103.95,109.3435,102.55,109.2,4540350,0.0,1.0
2025-06-17 00:00:00+00:00,22.53,23.17,21.15,21.34,31734585,112.65,115.85,105.75,106.7,6346917,0.0,1.0
2025-06-18 00:00:00+00:00,21.68,22.93,21.09,22.575,29429470,108.4,114.65,105.45,112.875,5885894,0.0,1.0
2025-06-20 00:00:00+00:00,22.1,22.5399,21.24,21.4,23653636,110.5,112.6995,106.2,107.0,4730727,0.0,1.0
2025-06-23 00:00:00+00:00,21.6,23.355,21.56,21.97,40564660,108.0,116.775,107.8,109.85,8112932,0.0,1.0
2025-06-24 00:00:00+00:00,19.46,20.0,19.44,19.955,18429820,97.3,100.0,97.2,99.775,3685964,0.0,1.0
2025-06-25 00:00:00+00:00,19.08,19.54,19.0431,19.11,8820829,95.4,97.7,95.2155,95.55,1764165,0.0,1.0
2025-06-26 00:00:00+00:00,18.87,19.0399,18.725,19.02,9193127,94.35,95.1995,93.625,95.1,1838625,0.0,1.0
2025-06-27 00:00:00+00:00,18.91,19.47,18.64,18.69,14764632,94.55,97.35,93.2,93.45,2952926,0.0,1.0
2025-06-30 00:00:00+00:00,18.75,18.9767,18.5,18.55,11122140,93.75,94.8835,92.5,92.75,2224428,0.0,1.0
2025-07-01 00:00:00+00:00,18.72,18.96,18.45,18.94,15649082,93.6,94.8,92.25,94.7,3129816,0.0,1.0
2025-07-02 00:00:00+00:00,18.65,18.87,18.39,18.73,13982784,93.25,94.35,91.95,93.65,2796556,0.0,1.0
2025-07-03 00:00:00+00:00,18.45,18.54,18.02,18.15,15586318,92.25,92.7,90.1,90.75,3117263,0.0,1.0
2025-07-07 00:00:00+00:00,18.67,19.26,18.59,18.74,24617730,93.35,96.3,92.95,93.7,4923546,0.0,1.0
2025-07-08 00:00:00+00:00,18.04,18.29,17.84,18.19,14486917,90.2,91.45,89.2,90.95,2897383,0.0,1.0
2025-07-09 00:00:00+00:00,17.14,17.65,17.07,17.38,20102312,85.7,88.25,85.35,86.9,4020462,0.0,1.0
2025-07-10 00:00:00+00:00,16.9,17.1849,16.83,17.0,11746272,84.5,85.9245,84.15,85.0,2349254,0.0,1.0
2025-07-11 00:00:00+00:00,17.03,17.5199,16.79,17.43,17698599,85.15,87.5995,83.95,87.15,3539719,0.0,1.0
2025-07-14 00:00:00+00:00,17.42,17.4699,17.14,17.29,12994827,87.1,87.3495,85.7,86.45,2598965,0.0,1.0
2025-07-15 00:00:00+00:00,17.26,17.315,16.85,16.89,15158545,86.3,86.575,84.25,84.45,3031709,0.0,1.0
2025-07-16 00:00:00+00:00,17.44,18.68,17.07,17.16,28408277,87.2,93.4,85.35,85.8,5681655,0.0,1.0
2025-07-17 00:00:00+00:00,17.37,17.48,17.175,17.36,10411512,86.85,87.4,85.875,86.8,2082302,0.0,1.0
2025-07-18 00:00:00+00:00,16.98,17.3,16.96,17.05,13503728,84.9,86.5,84.8,85.25,2700745,0.0,1.0
2025-07-21 00:00:00+00:00,16.79,16.84,16.31,16.74,13444803,83.95,84.2,81.55,83.7,2688960,0.0,1.0
2025-07-22 00:00:00+00:00,16.72,17.35,16.63,16.71,15338082,83.6,86.75,83.15,83.55,3067616,0.0,1.0
2025-07-23 00:00:00+00:00,15.71,16.565,15.6547,16.34,22062208,78.55,82.825,78.2735,81.7,4412441,0.0,1.0
2025-07-24 00:00:00+00:00,15.62,15.7,15.35,15.55,14276416,78.1,78.5,76.75,77.75,2855283,0.0,1.0
2025-07-25 00:00:00+00:00,15.43,15.73,15.36,15.66,16113617,77.15,78.65,76.8,78.3,3222723,0.0,1.0
2025-07-28 00:00:00+00:00,14.79,15.119,14.76,14.93,20124722,73.95,75.595,73.8,74.65,4024944,0.0,1.0
2025-07-29 00:00:00+00:00,15.3,15.42,14.4001,14.52,23927025,76.5,77.1,72.0005,72.6,4785405,0.0,1.0
2025-07-30 00:00:00+00:00,15.42,15.77,14.98,15.2,29372911,77.1,78.85,74.9,76.0,5874582,0.0,1.0
2025-07-31 00:00:00+00:00,15.44,15.63,14.7401,14.94,29991079,77.2,78.15,73.7005,74.7,5998215,0.0,1.0
2025-08-01 00:00:00+00:00,17.39,17.93,16.56,16.59,65733839,86.95,89.65,82.8,82.95,13146767,0.0,1.0
2025-08-04 00:00:00+00:00,15.6,16.695,15.6,16.67,20924454,78.0,83.475,78.0,83.35,4184890,0.0,1.0
2025-08-05 00:00:00+00:00,15.86,16.54,15.5,15.54,19819755,79.3,82.7,77.5,77.7,3963951,0.0,1.0
2025-08-06 00:00:00+00:00,15.08,15.965,15.0521,15.8,17878225,75.4,79.825,75.2605,79.0,3575645,0.0,1.0
2025-08-07 00:00:00+00:00,15.24,15.62,14.71,14.78,18290445,76.2,78.1,73.55,73.9,3658089,0.0,1.0
2025-08-08 00:00:00+00:00,14.49,14.965,14.47,14.9,19884056,72.45,74.825,72.35,74.5,3976811,0.0,1.0
2025-08-11 00:00:00+00:00,14.56,14.7,14.26,14.42,12800544,72.8,73.5,71.3,72.1,2560108,0.0,1.0
2025-08-12 00:00:00+00:00,13.66,14.22,13.61,14.19,26572016,68.3,71.1,68.05,70.95,5314403,0.0,1.0
2025-08-13 00:00:00+00:00,13.5,13.67,13.34,13.36,16106097,67.5,68.35,66.7,66.8,3221219,0.0,1.0
2025-08-14 00:00:00+00:00,13.59,13.97,13.48,13.905,20639036,67.95,69.85,67.4,69.525,4127807,0.0,1.0
2025-08-15 00:00:00+00:00,13.52,13.7,13.4,13.46,24089107,67.6,68.5,67.0,67.3,4817821,0.0,1.0
2025-08-18 00:00:00+00:00,13.02,13.5,12.865,13.49,23776782,65.1,67.5,64.325,67.45,4755356,0.0,1.0
2025-08-19 00:00:00+00:00,13.39,13.5176,12.8,12.83,26351317,66.95,67.588,64.0,64.15,5270263,0.0,1.0
2025-08-20 00:00:00+00:00,13.34,14.07,13.2545,13.465,32742718,66.7,70.35,66.2725,67.325,6548543,0.0,1.0
2025-08-21 00:00:00+00:00,13.61,13.93,13.42,13.6,19827512,68.05,69.65,67.1,68.0,3965502,0.0,1.0
2025-08-22 00:00:00+00:00,11.91,13.5499,11.91,13.53,36883970,59.55,67.7495,59.55,67.65,7376794,0.0,1.0
2025-08-25 00:00:00+00:00,11.99,12.23,11.87,12.12,12629216,59.95,61.15,59.35,60.6,2525843,0.0,1.0
2025-08-26 00:00:00+00:00,11.85,12.14,11.84,12.11,10379470,59.25,60.7,59.2,60.55,2075894,0.0,1.0
2025-08-27 00:00:00+00:00,11.9,12.16,11.835,11.925,13542097,59.5,60.8,59.175,59.625,2708419,0.0,1.0
2025-08-28 00:00:00+00:00,11.69,11.94,11.6242,11.69,15116250,58.45,59.7,58.121,58.45,3023250,0.0,1.0
2025-08-29 00:00:00+00:00,12.06,12.215,11.57,11.68,24988324,60.3,61.075,57.85,58.4,4997664,0.0,1.0
2025-09-02 00:00:00+00:00,12.61,13.38,12.6,13.0,39341706,63.05,66.9,63.0,65.0,7868341,0.0,1.0
2025-09-03 00:00:00+00:00,12.13,12.545,12.12,12.5,21405765,60.65,62.725,60.6,62.5,4281153,0.0,1.0
2025-09-04 00:00:00+00:00,11.6,12.065,11.57,12.03,17835016,58.0,60.325,57.85,60.15,3567003,0.0,1.0
2025-09-05 00:00:00+00:00,11.635,12.13,11.16,11.18,32434748,58.175,60.65,55.8,55.9,6486949,0.0,1.0
2025-09-08 00:00:00+00:00,11.32,11.5158,11.26,11.475,17793181,56.6,57.579,56.3,57.375,3558636,0.0,1.0
2025-09-09 00:00:00+00:00,11.24,11.605,11.2,11.38,17590166,56.2,58.025,56.0,56.9,3518033,0.0,1.0
2025-09-10 00:00:00+00:00,11.11,11.275,10.95,11.01,24981638,55.55,56.375,54.75,55.05,4996327,0.0,1.0
2025-09-11 00:00:00+00:00,10.74,10.96,10.73,10.87,18313080,53.7,54.8,53.65,54.35,3662616,0.0,1.0
2025-09-12 00:00:00+00:00,10.71,10.79,10.55,10.74,13621164,53.55,53.95,52.75,53.7,2724232,0.0,1.0
2025-09-15 00:00:00+00:00,10.88,10.94,10.5201,10.55,22128298,54.4,54.7,52.6005,52.75,4425659,0.0,1.0
2025-09-16 00:00:00+00:00,11.15,11.19,10.89,10.9,23585821,55.75,55.95,54.45,54.5,4717164,0.0,1.0
2025-09-17 00:00:00+00:00,10.55,11.06,10.31,11.03,40146723,52.75,55.3,51.55,55.15,8029344,0.0,1.0
2025-09-18 00:00:00+00:00,10.54,10.57,10.25,10.29,22122419,52.7,52.85,51.25,51.45,4424483,0.0,1.0
2025-09-19 00:00:00+00:00,10.51,10.74,10.38,10.38,19249851,52.55,53.7,51.9,51.9,3849970,0.0,1.0
2025-09-22 00:00:00+00:00,10.79,10.815,10.51,10.65,19644828,53.95,54.075,52.55,53.25,3928965,0.0,1.0
2025-09-23 00:00:00+00:00,10.96,11.25,10.7103,10.72,37562990,54.8,56.25,53.5515,53.6,7512598,0.0,1.0
2025-09-24 00:00:00+00:00,10.77,11.28,10.77,10.87,21594924,53.85,56.4,53.85,54.35,4318984,0.0,1.0
2025-09-25 00:00:00+00:00,11.01,11.3,10.65,11.13,38667224,55.05,56.5,53.25,55.65,7733444,0.0,1.0
2025-09-26 00:00:00+00:00,10.34,11.095,10.32,10.83,24624587,51.7,55.475,51.6,54.15,4924917,0.0,1.0
2025-09-29 00:00:00+00:00,10.48,10.64,10.24,10.27,20656742,52.4,53.2,51.2,51.35,4131348,0.0,1.0
2025-09-30 00:00:00+00:00,10.44,10.68,10.39,10.62,15493757,52.2,53.4,51.95,53.1,3098751,0.0,1.0
2025-10-01 00:00:00+00:00,10.39,10.625,10.3201,10.61,15968019,51.95,53.125,51.6005,53.05,3193603,0.0,1.0
2025-10-02 00:00:00+00:00,10.6,10.62,10.29,10.31,19507951,53.0,53.1,51.45,51.55,3901590,0.0,1.0
2025-10-03 00:00:00+00:00,10.5,10.72,10.43,10.49,18253111,52.5,53.6,52.15,52.45,3650622,0.0,1.0
2025-10-06 00:00:00+00:00,10.42,10.63,10.37,10.4,15007814,52.1,53.15,51.85,52.0,3001562,0.0,1.0
2025-10-07 00:00:00+00:00,10.74,10.87,10.3202,10.38,27603956,53.7,54.35,51.601,51.9,5520791,0.0,1.0
2025-10-08 00:00:00+00:00,10.45,10.765,10.43,10.65,16756626,52.25,53.825,52.15,53.25,3351325,0.0,1.0
2025-10-09 00:00:00+00:00,10.49,10.76,10.35,10.4,24617292,52.45,53.8,51.75,52.0,4923458,0.0,1.0
2025-10-10 00:00:00+00:00,12.49,12.69,10.38,10.5,145217413,62.45,63.45,51.9,52.5,29043482,0.0,1.0
2025-10-13 00:00:00+00:00,11.11,11.6,10.96,11.5,36760214,55.55,58.0,54.8,57.5,7352042,0.0,1.0
2025-10-14 00:00:00+00:00,11.79,12.6,11.25,12.06,46788084,58.95,63.0,56.25,60.3,9357616,0.0,1.0
2025-10-15 00:00:00+00:00,11.95,12.44,11.231,11.35,39363431,59.75,62.2,56.155,56.75,7872686,0.0,1.0
2025-10-16 00:00:00+00:00,13.75,13.82,11.76,11.84,72712176,68.75,69.1,58.8,59.2,14542435,0.0,1.0
2025-10-17 00:00:00+00:00,12.1,14.12,12.09,13.34,64188345,60.5,70.6,60.45,66.7,12837669,0.0,1.0
2025-10-20 00:00:00+00:00,10.67,11.6,10.61,11.58,28468073,53.35,58.0,53.05,57.9,5693614,0.0,1.0
2025-10-21 00:00:00+00:00,10.56,11.1,10.43,10.815,24800017,52.8,55.5,52.15,54.075,4960003,0.0,1.0
2025-10-22 00:00:00+00:00,10.77,11.63,10.5456,10.64,60823242,53.85,58.15,52.728,53.2,12164648,0.0,1.0
2025-10-23 00:00:00+00:00,10.44,10.94,10.4,10.86,25718856,52.2,54.7,52.0,54.3,5143771,0.0,1.0
2025-10-24 00:00:00+00:00,10.2,10.32,9.99,10.03,24040444,51.0,51.6,49.95,50.15,4808088,0.0,1.0
2025-10-27 00:00:00+00:00,9.73,9.91,9.6501,9.76,21746665,48.65,49.55,48.2505,48.8,4349333,0.0,1.0
2025-10-28 00:00:00+00:00,10.12,10.17,9.71,9.75,25956403,50.6,50.85,48.55,48.75,5191280,0.0,1.0
2025-10-29 00:00:00+00:00,10.41,10.44,9.8612,10.03,40237650,52.05,52.2,49.306,50.15,8047530,0.0,1.0
2025-10-30 00:00:00+00:00,10.59,10.6,10.07,10.335,35259898,52.95,53.0,50.35,51.675,7051979,0.0,1.0
2025-10-31 00:00:00+00:00,10.61,10.96,10.1833,10.21,33151685,53.05,54.8,50.9165,51.05,6630337,0.0,1.0
2025-11-03 00:00:00+00:00,10.5,10.97,10.37,10.48,25485458,52.5,54.85,51.85,52.4,5097091,0.0,1.0
2025-11-04 00:00:00+00:00,11.02,11.25,10.67,11.11,49985536,55.1,56.25,53.35,55.55,9997107,0.0,1.0
2025-11-05 00:00:00+00:00,10.44,11.125,10.25,11.07,30375865,52.2,55.625,51.25,55.35,6075173,0.0,1.0
2025-11-06 00:00:00+00:00,11.1,11.32,10.46,10.56,58862775,55.5,56.6,52.3,52.8,11772555,0.0,1.0
2025-11-07 00:00:00+00:00,10.97,12.07,10.94,11.555,53505051,54.85,60.35,54.7,57.775,10701010,0.0,1.0
2025-11-10 00:00:00+00:00,10.07,10.41,10.01,10.3,32157342,50.35,52.05,50.05,51.5,6431468,0.0,1.0
2025-11-11 00:00:00+00:00,9.99,10.13,9.95,10.1,13936886,49.95,50.65,49.75,50.5,2787377,0.0,1.0
2025-11-12 00:00:00+00:00,10.11,10.28,9.9,9.9,20166116,50.55,51.4,49.5,49.5,4033223,0.0,1.0
2025-11-13 00:00:00+00:00,11.15,11.4,10.14,10.29,55482633,55.75,57.0,50.7,51.45,11096526,0.0,1.0
2025-11-14 00:00:00+00:00,10.83,11.9,10.55,11.66,52562096,54.15,59.5,52.75,58.3,10512419,0.0,1.0
2025-11-17 00:00:00+00:00,11.7,11.9212,10.7,11.1,46901907,58.5,59.606,53.5,55.5,9380381,0.0,1.0
2025-11-18 00:00:00+00:00,12.22,12.7699,11.67,12.17,69557738,61.1,63.8495,58.35,60.85,13911547,0.0,1.0
2025-11-19 00:00:00+00:00,11.86,12.4799,11.42,12.24,40694993,59.3,62.3995,57.1,61.2,8138998,0.0,1.0
2025-11-20 00:00:00+00:00,65.65,66.39,52.81,53.52,15653015,65.65,66.39,52.81,53.52,15653015,0.0,0.2
2025-11-21 00:00:00+00:00,60.63,68.4763,59.47,63.14,13611240,60.63,68.4763,59.47,63.14,13611240,0.0,1.0
2025-11-24 00:00:00+00:00,53.85,59.33,53.85,59.0,9691434,53.85,59.33,53.85,59.0,9691434,0.0,1.0
2025-11-25 00:00:00+00:00,51.7,57.08,51.41,54.05,8096151,51.7,57.08,51.41,54.05,8096151,0.0,1.0
2025-11-26 00:00:00+00:00,49.49,51.03,49.01,50.78,8514462,49.49,51.03,49.01,50.78,8514462,0.0,1.0
2025-11-28 00:00:00+00:00,47.59,49.28,47.59,49.22,3862536,47.59,49.28,47.59,49.22,3862536,0.0,1.0
2025-12-01 00:00:00+00:00,47.85,49.4938,46.85,49.41,8258789,47.85,49.4938,46.85,49.41,8258789,0.0,1.0
2025-12-02 00:00:00+00:00,46.75,47.84,46.6,47.08,8150520,46.75,47.84,46.6,47.08,8150520,0.0,1.0
2025-12-03 00:00:00+00:00,46.43,47.79,46.16,47.61,6160877,46.43,47.79,46.16,47.61,6160877,0.0,1.0
2025-12-04 00:00:00+00:00,45.66,46.9,45.55,45.86,6654854,45.66,46.9,45.55,45.86,6654854,0.0,1.0
2025-12-05 00:00:00+00:00,44.76,45.865,44.75,45.39,7079154,44.76,45.865,44.75,45.39,7079154,0.0,1.0
2025-12-08 00:00:00+00:00,45.7,46.58,44.66,44.67,7950492,45.7,46.58,44.66,44.67,7950492,0.0,1.0
2025-12-09 00:00:00+00:00,45.92,46.25,44.9837,45.95,6421207,45.92,46.25,44.9837,45.95,6421207,0.0,1.0
2025-12-10 00:00:00+00:00,43.14,46.67,42.97,46.205,12377757,43.14,46.67,42.97,46.205,12377757,0.0,1.0
2025-12-11 00:00:00+00:00,42.21,45.115,42.09,43.79,10243830,42.21,45.115,42.09,43.79,10243830,0.0,1.0
2025-12-12 00:00:00+00:00,42.28,45.19,41.33,41.76,14623826,42.28,45.19,41.33,41.76,14623826,0.0,1.0
2025-12-15 00:00:00+00:00,42.22,43.76,41.43,41.59,9583343,42.22,43.76,41.43,41.59,9583343,0.0,1.0
2025-12-16 00:00:00+00:00,42.09,43.66,41.66,42.57,11821740,42.09,43.66,41.66,42.57,11821740,0.0,1.0
2025-12-17 00:00:00+00:00,43.25,43.39,41.155,41.78,11122044,43.25,43.39,41.155,41.78,11122044,0.0,1.0
2025-12-18 00:00:00+00:00,41.08,42.55,40.6,41.65,10864505,41.08,42.55,40.6,41.65,10864505,0.0,1.0
2025-12-19 00:00:00+00:00,38.66,40.45,38.525,40.4,6814344,38.66,40.45,38.525,40.4,6814344,0.0,1.0
2025-12-22 00:00:00+00:00,36.8,37.8356,36.67,37.54,5383743,36.8,37.8356,36.67,37.54,5383743,0.0,1.0
2025-12-23 00:00:00+00:00,36.98,37.16,36.605,37.08,4483059,36.98,37.16,36.605,37.08,4483059,0.0,1.0
2025-12-24 00:00:00+00:00,36.89,37.07,36.53,36.77,2139958,36.89,37.07,36.53,36.77,2139958,0.0,1.0
2025-12-26 00:00:00+00:00,36.76,37.4652,36.53,36.57,3478630,36.76,37.4652,36.53,36.57,3478630,0.0,1.0
2025-12-29 00:00:00+00:00,36.12,37.29,35.67,37.28,5015811,36.12,37.29,35.67,37.28,5015811,0.0,1.0
2025-12-30 00:00:00+00:00,35.42,35.94,35.1,35.94,4010025,35.42,35.94,35.1,35.94,4010025,0.0,1.0
2025-12-31 00:00:00+00:00,35.93,36.075,34.95,35.35,5205256,35.93,36.075,34.95,35.35,5205256,0.0,1.0
2026-01-02 00:00:00+00:00,34.97,35.835,34.64,34.86,6229738,34.97,35.835,34.64,34.86,6229738,0.0,1.0
2026-01-05 00:00:00+00:00,35.46,35.46,34.28,34.55,5397647,35.46,35.46,34.28,34.55,5397647,0.0,1.0
2026-01-06 00:00:00+00:00,34.73,35.46,34.617,35.42,5104185,34.73,35.46,34.617,35.42,5104185,0.0,1.0
2026-01-07 00:00:00+00:00,35.58,35.93,34.99,34.99,5587615,35.58,35.93,34.99,34.99,5587615,0.0,1.0
2026-01-08 00:00:00+00:00,35.15,35.99,34.78,35.84,6546458,35.15,35.99,34.78,35.84,6546458,0.0,1.0
2026-01-09 00:00:00+00:00,34.25,35.59,33.95,34.91,6870044,34.25,35.59,33.95,34.91,6870044,0.0,1.0
2026-01-12 00:00:00+00:00,34.34,35.36,34.2246,35.36,4771901,34.34,35.36,34.2246,35.36,4771901,0.0,1.0
2026-01-13 00:00:00+00:00,35.61,36.155,34.07,34.07,8853916,35.61,36.155,34.07,34.07,8853916,0.0,1.0
2026-01-14 00:00:00+00:00,37.02,38.41,36.46,36.97,12722852,37.02,38.41,36.46,36.97,12722852,0.0,1.0
2026-01-15 00:00:00+00:00,35.31,35.65,34.72,35.185,7637188,35.31,35.65,34.72,35.185,7637188,0.0,1.0
2026-01-16 00:00:00+00:00,35.54,35.99,34.78,35.03,6791427,35.54,35.99,34.78,35.03,6791427,0.0,1.0
2026-01-20 00:00:00+00:00,41.51,42.5,38.09,40.16,17095842,41.51,42.5,38.09,40.16,17095842,0.0,1.0
2026-01-21 00:00:00+00:00,35.78,39.74,35.2,38.95,12163830,35.78,39.74,35.2,38.95,12163830,0.0,1.0
2026-01-22 00:00:00+00:00,34.37,35.77,34.37,34.96,6410872,34.37,35.77,34.37,34.96,6410872,0.0,1.0
2026-01-23 00:00:00+00:00,35.41,35.54,34.065,35.1,7253018,35.41,35.54,34.065,35.1,7253018,0.0,1.0
2026-01-26 00:00:00+00:00,35.32,35.51,34.58,35.28,4765422,35.32,35.51,34.58,35.28,4765422,0.0,1.0
2026-01-27 00:00:00+00:00,36.25,36.25,34.82,35.24,4422749,36.25,36.25,34.82,35.24,4422749,0.0,1.0
2026-01-28 00:00:00+00:00,36.26,36.95,35.45,35.87,7369412,36.26,36.95,35.45,35.87,7369412,0.0,1.0
2026-01-29 00:00:00+00:00,36.66,39.91,36.55,36.96,10733301,36.66,39.91,36.55,36.96,10733301,0.0,1.0
2026-01-30 00:00:00+00:00,37.23,38.0801,35.88,37.32,9137866,37.23,38.0801,35.88,37.32,9137866,0.0,1.0
2026-02-02 00:00:00+00:00,34.63,36.92,34.315,36.92,8572714,34.63,36.92,34.315,36.92,8572714,0.0,1.0
2026-02-03 00:00:00+00:00,36.72,39.105,34.65,34.83,13348685,36.72,39.105,34.65,34.83,13348685,0.0,1.0
2026-02-04 00:00:00+00:00,37.67,39.9334,36.03,36.38,15310397,37.67,39.9334,36.03,36.38,15310397,0.0,1.0
2026-02-05 00:00:00+00:00,41.06,41.88,38.44,39.82,15047671,41.06,41.88,38.44,39.82,15047671,0.0,1.0
2026-02-06 00:00:00+00:00,37.3,39.4593,36.8,39.22,8150344,37.3,39.4593,36.8,39.22,8150344,0.0,1.0
2026-02-09 00:00:00+00:00,35.32,37.39,35.2,37.06,4765867,35.32,37.39,35.2,37.06,4765867,0.0,1.0
2026-02-10 00:00:00+00:00,36.28,36.5,35.17,35.46,6134104,36.28,36.5,35.17,35.46,6134104,0.0,1.0
2026-02-11 00:00:00+00:00,36.31,37.59,35.07,35.16,8882738,36.31,37.59,35.07,35.16,8882738,0.0,1.0
2026-02-12 00:00:00+00:00,39.73,39.85,35.43,35.74,13125250,39.73,39.85,35.43,35.74,13125250,0.0,1.0
2026-02-13 00:00:00+00:00,40.59,41.65,37.57,39.63,13565434,40.59,41.65,37.57,39.63,13565434,0.0,1.0
2026-02-17 00:00:00+00:00,38.43,42.5999,38.17,41.0,10369197,38.43,42.5999,38.17,41.0,10369197,0.0,1.0
2026-02-18 00:00:00+00:00,38.47,39.3499,37.205,38.65,6833717,38.47,39.3499,37.205,38.65,6833717,0.0,1.0
2026-02-19 00:00:00+00:00,40.03,41.18,39.55,40.01,7330923,40.03,41.18,39.55,40.01,7330923,0.0,1.0
2026-02-20 00:00:00+00:00,38.57,41.47,38.03,40.77,10299686,38.57,41.47,38.03,40.77,10299686,0.0,1.0
2026-02-23 00:00:00+00:00,40.98,41.3199,38.03,38.78,10086240,40.98,41.3199,38.03,38.78,10086240,0.0,1.0
2026-02-24 00:00:00+00:00,38.75,41.515,38.62,40.72,6203263,38.75,41.515,38.62,40.72,6203263,0.0,1.0
2026-02-25 00:00:00+00:00,36.72,38.02,36.62,37.78,5973911,36.72,38.02,36.62,37.78,5973911,0.0,1.0
2026-02-26 00:00:00+00:00,37.44,39.545,36.34,36.34,8953641,37.44,39.545,36.34,36.34,8953641,0.0,1.0
2026-02-27 00:00:00+00:00,39.65,40.91,38.56,40.27,10294093,39.65,40.91,38.56,40.27,10294093,0.0,1.0
2026-03-02 00:00:00+00:00,40.4,43.31,39.3,43.11,11303468,40.4,43.31,39.3,43.11,11303468,0.0,1.0
2026-03-03 00:00:00+00:00,43.15,49.585,41.44,45.05,18140687,43.15,49.585,41.44,45.05,18140687,0.0,1.0
2026-03-04 00:00:00+00:00,40.69,43.02,39.77,42.41,10370832,40.69,43.02,39.77,42.41,10370832,0.0,1.0
2026-03-05 00:00:00+00:00,44.75,47.61,41.645,42.57,14845895,44.75,47.61,41.645,42.57,14845895,0.0,1.0
2026-03-06 00:00:00+00:00,54.09,54.25,48.01,50.0,13327458,54.09,54.25,48.01,50.0,13327458,0.0,1.0
2026-03-09 00:00:00+00:00,46.0,57.95,45.0,54.88,13917618,46.0,57.95,45.0,54.88,13917618,0.0,1.0
2026-03-10 00:00:00+00:00,49.8,49.8,43.03,46.66,9770497,49.8,49.8,43.03,46.66,9770497,0.0,1.0
2026-03-11 00:00:00+00:00,46.26,49.54,46.02,48.4,8733305,46.26,49.54,46.02,48.4,8733305,0.0,1.0
2026-03-12 00:00:00+00:00,50.82,51.16,48.32,49.5,6476654,50.82,51.16,48.32,49.5,6476654,0.0,1.0
2026-03-13 00:00:00+00:00,52.29,52.42,47.6122,48.93,6576417,52.29,52.42,47.6122,48.93,6576417,0.0,1.0
2026-03-16 00:00:00+00:00,46.08,49.4699,46.08,49.35,7856556,46.08,49.4699,46.08,49.35,7856556,0.0,1.0
2026-03-17 00:00:00+00:00,45.28,45.92,44.0701,45.25,5627209,45.28,45.92,44.0701,45.25,5627209,0.0,1.0
2026-03-18 00:00:00+00:00,51.03,51.26,47.05,47.28,8097038,51.03,51.26,47.05,47.28,8097038,0.0,1.0
2026-03-19 00:00:00+00:00,48.98,55.5,47.245,54.59,9020003,48.98,55.5,47.245,54.59,9020003,0.0,1.0
2026-03-20 00:00:00+00:00,54.1,55.16,49.1062,49.2,8959660,54.1,55.16,49.1062,49.2,8959660,0.0,1.0
2026-03-23 00:00:00+00:00,49.88,51.9,46.54,48.39,8918847,49.88,51.9,46.54,48.39,8918847,0.0,1.0
2026-03-24 00:00:00+00:00,51.56,52.72,48.76,52.15,6028608,51.56,52.72,48.76,52.15,6028608,0.0,1.0
2026-03-25 00:00:00+00:00,49.84,51.915,48.8,49.57,5149754,49.84,51.915,48.8,49.57,5149754,0.0,1.0
2026-03-26 00:00:00+00:00,55.05,55.39,50.4658,51.57,5441104,55.05,55.39,50.4658,51.57,5441104,0.0,1.0
2026-03-27 00:00:00+00:00,61.65,62.18,56.27,56.68,8072058,61.65,62.18,56.27,56.68,8072058,0.0,1.0
2026-03-30 00:00:00+00:00,60.91,62.53,57.72,57.72,6116144,60.91,62.53,57.72,57.72,6116144,0.0,1.0
