date,Close,High,Low,Open
2026-09-28 13:30:00+00:00,10.075,10.095,10.04,10.065
2026-09-28 13:31:00+00:00,10.065,10.08,10.045,10.075
2026-09-28 13:32:00+00:00,10.065,10.07,10.055,10.065
2026-09-28 13:33:00+00:00,10.105,10.105,10.065,10.065
2026-09-28 13:34:00+00:00,10.105,10.12,10.095,10.105
2026-09-28 13:35:00+00:00,10.075,10.11,10.075,10.105
2026-09-28 13:36:00+00:00,10.045,10.075,10.04,10.075
2026-09-28 13:37:00+00:00,10.015,10.045,10.01,10.045
2026-09-28 13:38:00+00:00,10.025,10.03,10.015,10.015
2026-09-28 13:39:00+00:00,10.025,10.035,10.02,10.025
2026-09-28 13:40:00+00:00,10.035,10.035,10.015,10.025
2026-09-28 13:41:00+00:00,10.025,10.04,10.025,10.035
2026-09-28 13:42:00+00:00,10.025,10.025,10.025,10.025
2026-09-28 13:43:00+00:00,10.025,10.04,10.025,10.025
2026-09-28 13:44:00+00:00,10.025,10.025,10.02,10.025
2026-09-28 13:45:00+00:00,10.035,10.04,10.02,10.025
2026-09-28 13:46:00+00:00,10.025,10.04,10.025,10.04
2026-09-28 13:47:00+00:00,10.035,10.035,10.025,10.025
2026-09-28 13:48:00+00:00,10.035,10.04,10.025,10.035
2026-09-28 13:49:00+00:00,10.025,10.035,10.025,10.035
2026-09-28 13:50:00+00:00,10.035,10.035,10.025,10.025
2026-09-28 13:51:00+00:00,10.055,10.055,10.035,10.035
2026-09-28 13:52:00+00:00,10.055,10.06,10.055,10.055
2026-09-28 13:53:00+00:00,10.045,10.055,10.045,10.055
2026-09-28 13:54:00+00:00,10.045,10.045,10.04,10.045
2026-09-28 13:55:00+00:00,10.065,10.08,10.045,10.045
2026-09-28 13:56:00+00:00,10.065,10.07,10.06,10.065
2026-09-28 13:57:00+00:00,10.055,10.065,10.055,10.065
2026-09-28 13:58:00+00:00,10.055,10.055,10.05,10.055
2026-09-28 13:59:00+00:00,10.055,10.055,10.055,10.055
2026-09-28 14:00:00+00:00,10.045,10.055,10.045,10.055
2026-09-28 14:01:00+00:00,10.045,10.045,10.045,10.045
2026-09-28 14:02:00+00:00,10.045,10.055,10.045,10.045
2026-09-28 14:03:00+00:00,10.045,10.045,10.045,10.045
2026-09-28 14:04:00+00:00,10.045,10.055,10.045,10.045
2026-09-28 14:05:00+00:00,10.045,10.05,10.045,10.045
2026-09-28 14:06:00+00:00,10.055,10.055,10.045,10.045
2026-09-28 14:07:00+00:00,10.075,10.075,10.055,10.055
2026-09-28 14:08:00+00:00,10.075,10.075,10.075,10.075
2026-09-28 14:09:00+00:00,10.065,10.075,10.065,10.075
2026-09-28 14:10:00+00:00,10.065,10.07,10.065,10.065
2026-09-28 14:11:00+00:00,10.055,10.065,10.055,10.065
2026-09-28 14:12:00+00:00,10.065,10.065,10.055,10.055
2026-09-28 14:13:00+00:00,10.065,10.065,10.06,10.065
2026-09-28 14:14:00+00:00,10.065,10.065,10.06,10.065
2026-09-28 14:15:00+00:00,10.065,10.065,10.065,10.065
2026-09-28 14:16:00+00:00,10.065,10.065,10.065,10.065
2026-09-28 14:17:00+00:00,10.065,10.065,10.065,10.065
2026-09-28 14:18:00+00:00,10.065,10.065,10.065,10.065
2026-09-28 14:19:00+00:00,10.055,10.065,10.055,10.065
2026-09-28 14:20:00+00:00,10.055,10.055,10.055,10.055
2026-09-28 14:21:00+00:00,10.045,10.055,10.045,10.055
2026-09-28 14:22:00+00:00,10.055,10.055,10.045,10.045
2026-09-28 14:23:00+00:00,10.075,10.075,10.045,10.055
2026-09-28 14:24:00+00:00,10.075,10.075,10.075,10.075
2026-09-28 14:25:00+00:00,10.065,10.075,10.06,10.075
2026-09-28 14:26:00+00:00,10.065,10.065,10.06,10.065
2026-09-28 14:27:00+00:00,10.065,10.065,10.065,10.065
2026-09-28 14:28:00+00:00,10.065,10.065,10.06,10.065
2026-09-28 14:29:00+00:00,10.065,10.065,10.065,10.065
2026-09-28 14:30:00+00:00,10.075,10.075,10.065,10.065
2026-09-28 14:31:00+00:00,10.075,10.075,10.075,10.075
2026-09-28 14:32:00+00:00,10.075,10.075,10.075,10.075
2026-09-28 14:33:00+00:00,10.075,10.075,10.075,10.075
2026-09-28 14:34:00+00:00,10.075,10.075,10.075,10.075
2026-09-28 14:35:00+00:00,10.075,10.075,10.075,10.075
2026-09-28 14:36:00+00:00,10.075,10.075,10.075,10.075
2026-09-28 14:37:00+00:00,10.065,10.075,10.065,10.075
2026-09-28 14:38:00+00:00,10.055,10.065,10.055,10.065
2026-09-28 14:39:00+00:00,10.055,10.055,10.055,10.055
2026-09-28 14:40:00+00:00,10.045,10.055,10.045,10.055
2026-09-28 14:41:00+00:00,10.045,10.045,10.045,10.045
2026-09-28 14:42:00+00:00,10.035,10.045,10.035,10.045
2026-09-28 14:43:00+00:00,10.035,10.035,10.035,10.035
2026-09-28 14:44:00+00:00,10.025,10.035,10.025,10.035
2026-09-28 14:45:00+00:00,10.025,10.025,10.025,10.025
2026-09-28 14:46:00+00:00,10.015,10.025,10.015,10.025
2026-09-28 14:47:00+00:00,10.015,10.015,10.015,10.015
2026-09-28 14:48:00+00:00,10.015,10.015,10.01,10.015
2026-09-28 14:49:00+00:00,10.005,10.015,10.005,10.015
2026-09-28 14:50:00+00:00,10.025,10.025,10.005,10.005
2026-09-28 14:51:00+00:00,10.005,10.025,10.005,10.025
2026-09-28 14:52:00+00:00,9.995,10.005,9.995,10.005
2026-09-28 14:53:00+00:00,9.995,9.995,9.99,9.995
2026-09-28 14:54:00+00:00,9.985,9.995,9.985,9.995
2026-09-28 14:55:00+00:00,9.995,10.0,9.985,9.985
2026-09-28 14:56:00+00:00,10.005,10.005,9.995,9.995
2026-09-28 14:57:00+00:00,10.015,10.015,10.005,10.005
2026-09-28 14:58:00+00:00,10.015,10.015,10.015,10.015
2026-09-28 14:59:00+00:00,10.005,10.015,10.005,10.015
2026-09-28 15:00:00+00:00,10.005,10.005,10.0,10.005
2026-09-28 15:01:00+00:00,10.005,10.005,10.005,10.005
2026-09-28 15:02:00+00:00,10.005,10.005,10.005,10.005
2026-09-28 15:03:00+00:00,10.005,10.005,10.0,10.005
2026-09-28 15:04:00+00:00,10.005,10.005,10.005,10.005
2026-09-28 15:05:00+00:00,10.005,10.005,10.005,10.005
2026-09-28 15:06:00+00:00,9.995,10.005,9.995,10.005
2026-09-28 15:07:00+00:00,10.005,10.005,9.995,9.995
2026-09-28 15:08:00+00:00,10.005,10.005,10.005,10.005
2026-09-28 15:09:00+00:00,10.015,10.015,10.005,10.005
2026-09-28 15:10:00+00:00,10.015,10.015,10.015,10.015
2026-09-28 15:11:00+00:00,10.015,10.015,10.015,10.015
2026-09-28 15:12:00+00:00,10.015,10.015,10.015,10.015
2026-09-28 15:13:00+00:00,10.015,10.015,10.015,10.015
2026-09-28 15:14:00+00:00,10.015,10.015,10.015,10.015
2026-09-28 15:15:00+00:00,10.005,10.015,10.005,10.015
2026-09-28 15:16:00+00:00,10.015,10.015,10.005,10.005
2026-09-28 15:17:00+00:00,10.015,10.015,10.01,10.015
2026-09-28 15:18:00+00:00,10.015,10.015,10.015,10.015
2026-09-28 15:19:00+00:00,10.015,10.015,10.015,10.015
2026-09-28 15:20:00+00:00,10.015,10.02,10.015,10.015
2026-09-28 15:21:00+00:00,10.015,10.015,10.015,10.015
2026-09-28 15:22:00+00:00,10.015,10.015,10.015,10.015
2026-09-28 15:23:00+00:00,10.015,10.015,10.015,10.015
2026-09-28 15:24:00+00:00,10.015,10.015,10.01,10.015
2026-09-28 15:25:00+00:00,10.015,10.02,10.015,10.015
2026-09-28 15:26:00+00:00,10.015,10.015,10.015,10.015
2026-09-28 15:27:00+00:00,10.015,10.02,10.015,10.015
2026-09-28 15:28:00+00:00,10.015,10.015,10.015,10.015
2026-09-28 15:29:00+00:00,10.015,10.025,10.015,10.015
2026-09-28 15:30:00+00:00,10.005,10.015,10.005,10.015
2026-09-28 15:31:00+00:00,10.005,10.005,10.005,10.005
2026-09-28 15:32:00+00:00,10.005,10.005,10.005,10.005
2026-09-28 15:33:00+00:00,10.005,10.005,10.005,10.005
2026-09-28 15:34:00+00:00,10.005,10.005,10.0,10.005
2026-09-28 15:35:00+00:00,10.005,10.005,10.005,10.005
2026-09-28 15:36:00+00:00,10.005,10.005,10.005,10.005
2026-09-28 15:37:00+00:00,10.005,10.005,10.005,10.005
2026-09-28 15:38:00+00:00,10.005,10.005,10.005,10.005
2026-09-28 15:39:00+00:00,10.005,10.01,10.005,10.005
2026-09-28 15:40:00+00:00,9.995,10.005,9.995,10.005
2026-09-28 15:41:00+00:00,9.995,9.995,9.995,9.995
2026-09-28 15:42:00+00:00,10.005,10.005,9.995,9.995
2026-09-28 15:43:00+00:00,10.005,10.005,10.0,10.005
2026-09-28 15:44:00+00:00,10.005,10.005,10.005,10.005
2026-09-28 15:45:00+00:00,10.005,10.005,10.005,10.005
2026-09-28 15:46:00+00:00,10.005,10.005,10.005,10.005
2026-09-28 15:47:00+00:00,10.005,10.005,10.005,10.005
2026-09-28 15:48:00+00:00,10.005,10.005,10.005,10.005
2026-09-28 15:49:00+00:00,10.005,10.005,10.005,10.005
2026-09-28 15:50:00+00:00,10.005,10.005,10.005,10.005
2026-09-28 15:51:00+00:00,10.005,10.005,10.005,10.005
2026-09-28 15:52:00+00:00,10.005,10.01,10.005,10.005
2026-09-28 15:53:00+00:00,10.005,10.01,10.005,10.005
2026-09-28 15:54:00+00:00,9.995,10.005,9.995,10.005
2026-09-28 15:55:00+00:00,9.995,9.995,9.995,9.995
2026-09-28 15:56:00+00:00,9.995,9.995,9.995,9.995
2026-09-28 15:57:00+00:00,9.995,9.995,9.995,9.995
2026-09-28 15:58:00+00:00,10.005,10.005,9.995,9.995
2026-09-28 15:59:00+00:00,10.005,10.005,10.005,10.005
2026-09-28 16:00:00+00:00,9.995,10.005,9.995,10.005
2026-09-28 16:01:00+00:00,10.005,10.005,9.995,9.995
2026-09-28 16:02:00+00:00,9.995,10.005,9.995,10.005
2026-09-28 16:03:00+00:00,9.995,9.995,9.995,9.995
2026-09-28 16:04:00+00:00,9.995,9.995,9.995,9.995
2026-09-28 16:05:00+00:00,9.995,9.995,9.995,9.995
2026-09-28 16:06:00+00:00,9.975,9.995,9.975,9.995
2026-09-28 16:07:00+00:00,9.975,9.975,9.975,9.975
2026-09-28 16:08:00+00:00,9.975,9.975,9.975,9.975
2026-09-28 16:09:00+00:00,9.985,9.985,9.975,9.975
2026-09-28 16:10:00+00:00,9.985,9.985,9.985,9.985
2026-09-28 16:11:00+00:00,9.985,9.985,9.985,9.985
2026-09-28 16:12:00+00:00,9.985,9.985,9.985,9.985
2026-09-28 16:13:00+00:00,9.985,9.985,9.985,9.985
2026-09-28 16:14:00+00:00,9.985,9.985,9.985,9.985
2026-09-28 16:15:00+00:00,9.985,9.985,9.985,9.985
2026-09-28 16:16:00+00:00,10.005,10.005,9.985,9.985
2026-09-28 16:17:00+00:00,10.005,10.005,10.005,10.005
2026-09-28 16:18:00+00:00,10.005,10.005,10.005,10.005
2026-09-28 16:19:00+00:00,10.005,10.005,10.0,10.005
2026-09-28 16:20:00+00:00,10.015,10.015,10.005,10.005
2026-09-28 16:21:00+00:00,10.015,10.015,10.015,10.015
2026-09-28 16:22:00+00:00,10.015,10.015,10.015,10.015
2026-09-28 16:23:00+00:00,10.015,10.015,10.005,10.015
2026-09-28 16:24:00+00:00,10.025,10.025,10.015,10.015
2026-09-28 16:25:00+00:00,10.025,10.025,10.025,10.025
2026-09-28 16:26:00+00:00,10.055,10.055,10.025,10.025
2026-09-28 16:27:00+00:00,10.055,10.06,10.055,10.055
2026-09-28 16:28:00+00:00,10.055,10.055,10.055,10.055
2026-09-28 16:29:00+00:00,10.055,10.065,10.055,10.055
2026-09-28 16:30:00+00:00,10.045,10.055,10.04,10.055
2026-09-28 16:31:00+00:00,10.035,10.045,10.035,10.045
2026-09-28 16:32:00+00:00,10.025,10.035,10.025,10.035
2026-09-28 16:33:00+00:00,10.025,10.025,10.02,10.025
2026-09-28 16:34:00+00:00,10.015,10.025,10.01,10.025
2026-09-28 16:35:00+00:00,10.015,10.015,10.01,10.015
2026-09-28 16:36:00+00:00,10.015,10.015,10.01,10.015
2026-09-28 16:37:00+00:00,10.015,10.015,10.015,10.015
2026-09-28 16:38:00+00:00,10.005,10.015,10.0,10.015
2026-09-28 16:39:00+00:00,9.995,10.005,9.995,10.005
2026-09-28 16:40:00+00:00,9.995,9.995,9.99,9.995
2026-09-28 16:41:00+00:00,9.995,9.995,9.995,9.995
2026-09-28 16:42:00+00:00,9.995,9.995,9.995,9.995
2026-09-28 16:43:00+00:00,9.995,9.995,9.99,9.995
2026-09-28 16:44:00+00:00,9.995,9.995,9.995,9.995
2026-09-28 16:45:00+00:00,9.985,9.995,9.985,9.995
2026-09-28 16:46:00+00:00,9.985,9.985,9.985,9.985
2026-09-28 16:47:00+00:00,9.985,9.985,9.98,9.985
2026-09-28 16:48:00+00:00,9.975,9.985,9.975,9.985
2026-09-28 16:49:00+00:00,9.975,9.975,9.975,9.975
2026-09-28 16:50:00+00:00,9.975,9.975,9.975,9.975
2026-09-28 16:51:00+00:00,9.985,9.985,9.975,9.975
2026-09-28 16:52:00+00:00,9.985,9.985,9.985,9.985
2026-09-28 16:53:00+00:00,9.985,9.985,9.985,9.985
2026-09-28 16:54:00+00:00,9.985,9.99,9.985,9.985
2026-09-28 16:55:00+00:00,9.985,9.99,9.985,9.985
2026-09-28 16:56:00+00:00,9.985,9.985,9.985,9.985
2026-09-28 16:57:00+00:00,9.985,9.985,9.985,9.985
2026-09-28 16:58:00+00:00,9.985,9.985,9.985,9.985
2026-09-28 16:59:00+00:00,9.985,9.985,9.985,9.985
2026-09-28 17:00:00+00:00,9.985,9.985,9.985,9.985
2026-09-28 17:01:00+00:00,9.985,9.985,9.985,9.985
2026-09-28 17:02:00+00:00,9.985,9.985,9.985,9.985
2026-09-28 17:03:00+00:00,9.985,9.985,9.985,9.985
2026-09-28 17:04:00+00:00,9.985,9.995,9.985,9.985
2026-09-28 17:05:00+00:00,9.985,9.99,9.985,9.985
2026-09-28 17:06:00+00:00,9.985,9.985,9.98,9.985
2026-09-28 17:07:00+00:00,9.98,9.985,9.98,9.985
2026-09-28 17:08:00+00:00,9.985,9.985,9.98,9.985
2026-09-28 17:09:00+00:00,9.975,9.985,9.975,9.985
2026-09-28 17:10:00+00:00,9.975,9.975,9.975,9.975
2026-09-28 17:11:00+00:00,10.015,10.015,9.975,9.975
2026-09-28 17:12:00+00:00,10.015,10.025,10.005,10.015
2026-09-28 17:13:00+00:00,10.015,10.015,10.005,10.015
2026-09-28 17:14:00+00:00,10.015,10.02,10.015,10.015
2026-09-28 17:15:00+00:00,10.005,10.015,10.0,10.015
2026-09-28 17:16:00+00:00,10.005,10.005,10.005,10.005
2026-09-28 17:17:00+00:00,10.005,10.015,10.005,10.005
2026-09-28 17:18:00+00:00,10.005,10.005,10.005,10.005
2026-09-28 17:19:00+00:00,9.995,10.005,9.995,10.005
2026-09-28 17:20:00+00:00,9.995,9.995,9.995,9.995
2026-09-28 17:21:00+00:00,9.995,9.995,9.99,9.995
2026-09-28 17:22:00+00:00,9.995,9.995,9.995,9.995
2026-09-28 17:23:00+00:00,9.995,9.995,9.995,9.995
2026-09-28 17:24:00+00:00,9.995,9.995,9.995,9.995
2026-09-28 17:25:00+00:00,9.995,9.995,9.995,9.995
2026-09-28 17:26:00+00:00,9.985,9.995,9.985,9.995
2026-09-28 17:27:00+00:00,9.985,9.985,9.985,9.985
2026-09-28 17:28:00+00:00,9.985,9.985,9.985,9.985
2026-09-28 17:29:00+00:00,9.985,9.985,9.98,9.985
2026-09-28 17:30:00+00:00,9.985,9.985,9.98,9.985
2026-09-28 17:31:00+00:00,9.985,9.985,9.98,9.985
2026-09-28 17:32:00+00:00,9.985,9.985,9.985,9.985
2026-09-28 17:33:00+00:00,9.975,9.985,9.975,9.98
2026-09-28 17:34:00+00:00,9.975,9.975,9.975,9.975
2026-09-28 17:35:00+00:00,9.975,9.975,9.975,9.975
2026-09-28 17:36:00+00:00,9.985,9.985,9.975,9.975
2026-09-28 17:37:00+00:00,9.985,9.985,9.985,9.985
2026-09-28 17:38:00+00:00,9.985,9.985,9.985,9.985
2026-09-28 17:39:00+00:00,9.985,9.985,9.985,9.985
2026-09-28 17:40:00+00:00,9.985,9.985,9.985,9.985
2026-09-28 17:41:00+00:00,9.995,9.995,9.985,9.985
2026-09-28 17:42:00+00:00,9.985,9.995,9.985,9.995
2026-09-28 17:43:00+00:00,9.985,9.985,9.985,9.985
2026-09-28 17:44:00+00:00,9.985,9.985,9.985,9.985
2026-09-28 17:45:00+00:00,9.985,9.995,9.985,9.985
2026-09-28 17:46:00+00:00,9.985,9.985,9.985,9.985
2026-09-28 17:47:00+00:00,9.985,9.985,9.985,9.985
2026-09-28 17:48:00+00:00,9.995,9.995,9.985,9.985
2026-09-28 17:49:00+00:00,9.995,9.995,9.995,9.995
2026-09-28 17:50:00+00:00,9.995,9.995,9.995,9.995
2026-09-28 17:51:00+00:00,9.995,9.995,9.985,9.995
2026-09-28 17:52:00+00:00,9.995,9.995,9.995,9.995
2026-09-28 17:53:00+00:00,9.995,9.995,9.995,9.995
2026-09-28 17:54:00+00:00,9.995,9.995,9.995,9.995
2026-09-28 17:55:00+00:00,9.995,9.995,9.995,9.995
2026-09-28 17:56:00+00:00,9.995,9.995,9.995,9.995
2026-09-28 17:57:00+00:00,9.995,9.995,9.995,9.995
2026-09-28 17:58:00+00:00,9.995,9.995,9.99,9.995
2026-09-28 17:59:00+00:00,9.995,9.995,9.99,9.995
2026-09-28 18:00:00+00:00,9.995,9.995,9.99,9.995
2026-09-28 18:01:00+00:00,9.995,9.995,9.995,9.995
2026-09-28 18:02:00+00:00,9.995,9.995,9.99,9.995
2026-09-28 18:03:00+00:00,9.995,9.995,9.995,9.995
2026-09-28 18:04:00+00:00,10.005,10.005,9.995,9.995
2026-09-28 18:05:00+00:00,10.005,10.005,10.005,10.005
2026-09-28 18:06:00+00:00,10.005,10.005,10.005,10.005
2026-09-28 18:07:00+00:00,10.005,10.005,10.005,10.005
2026-09-28 18:08:00+00:00,10.005,10.005,10.005,10.005
2026-09-28 18:09:00+00:00,10.005,10.005,10.005,10.005
2026-09-28 18:10:00+00:00,10.005,10.005,10.005,10.005
2026-09-28 18:11:00+00:00,10.005,10.005,10.005,10.005
2026-09-28 18:12:00+00:00,9.995,10.005,9.995,10.005
2026-09-28 18:13:00+00:00,9.995,9.995,9.995,9.995
2026-09-28 18:14:00+00:00,10.005,10.005,9.995,9.995
2026-09-28 18:15:00+00:00,10.005,10.005,10.005,10.005
2026-09-28 18:16:00+00:00,10.005,10.005,10.005,10.005
2026-09-28 18:17:00+00:00,10.005,10.005,10.0,10.005
2026-09-28 18:18:00+00:00,9.995,10.005,9.995,10.005
2026-09-28 18:19:00+00:00,9.995,9.995,9.995,9.995
2026-09-28 18:20:00+00:00,9.995,9.995,9.995,9.995
2026-09-28 18:21:00+00:00,9.995,9.995,9.995,9.995
2026-09-28 18:22:00+00:00,9.995,9.995,9.995,9.995
2026-09-28 18:23:00+00:00,9.995,9.995,9.995,9.995
2026-09-28 18:24:00+00:00,9.995,9.995,9.995,9.995
2026-09-28 18:25:00+00:00,9.995,9.995,9.995,9.995
2026-09-28 18:26:00+00:00,9.995,9.995,9.995,9.995
2026-09-28 18:27:00+00:00,9.995,9.995,9.995,9.995
2026-09-28 18:28:00+00:00,9.995,10.0,9.995,9.995
2026-09-28 18:29:00+00:00,9.995,9.995,9.995,9.995
2026-09-28 18:30:00+00:00,9.995,10.0,9.995,9.995
2026-09-28 18:31:00+00:00,9.995,9.995,9.995,9.995
2026-09-28 18:32:00+00:00,9.995,9.995,9.995,9.995
2026-09-28 18:33:00+00:00,9.995,9.995,9.99,9.99
2026-09-28 18:34:00+00:00,9.995,9.995,9.99,9.995
2026-09-28 18:35:00+00:00,9.995,9.995,9.99,9.995
2026-09-28 18:36:00+00:00,9.995,9.995,9.995,9.995
2026-09-28 18:37:00+00:00,9.995,9.995,9.995,9.995
2026-09-28 18:38:00+00:00,9.995,9.995,9.995,9.995
2026-09-28 18:39:00+00:00,9.985,9.995,9.985,9.995
2026-09-28 18:40:00+00:00,9.995,9.995,9.985,9.985
2026-09-28 18:41:00+00:00,9.995,9.995,9.995,9.995
2026-09-28 18:42:00+00:00,9.985,10.005,9.985,9.995
2026-09-28 18:43:00+00:00,9.985,9.985,9.985,9.985
2026-09-28 18:44:00+00:00,9.985,9.985,9.985,9.985
2026-09-28 18:45:00+00:00,9.975,9.985,9.975,9.985
2026-09-28 18:46:00+00:00,9.975,9.975,9.975,9.975
2026-09-28 18:47:00+00:00,9.975,9.975,9.975,9.975
2026-09-28 18:48:00+00:00,9.985,9.985,9.975,9.975
2026-09-28 18:49:00+00:00,9.985,9.985,9.985,9.985
2026-09-28 18:50:00+00:00,9.985,9.985,9.985,9.985
2026-09-28 18:51:00+00:00,9.975,9.985,9.975,9.985
2026-09-28 18:52:00+00:00,9.975,9.975,9.975,9.975
2026-09-28 18:53:00+00:00,9.985,9.985,9.975,9.975
2026-09-28 18:54:00+00:00,9.985,9.985,9.985,9.985
2026-09-28 18:55:00+00:00,9.985,9.985,9.985,9.985
2026-09-28 18:56:00+00:00,9.985,9.985,9.985,9.985
2026-09-28 18:57:00+00:00,9.985,9.985,9.985,9.985
2026-09-28 18:58:00+00:00,9.985,9.985,9.985,9.985
2026-09-28 18:59:00+00:00,9.985,9.99,9.985,9.985
2026-09-28 19:00:00+00:00,9.985,9.985,9.985,9.985
2026-09-28 19:01:00+00:00,9.975,9.985,9.975,9.985
2026-09-28 19:02:00+00:00,9.975,9.975,9.975,9.975
2026-09-28 19:03:00+00:00,9.985,9.985,9.975,9.975
2026-09-28 19:04:00+00:00,9.985,9.985,9.985,9.985
2026-09-28 19:05:00+00:00,9.975,9.985,9.965,9.985
2026-09-28 19:06:00+00:00,9.975,9.975,9.975,9.975
2026-09-28 19:07:00+00:00,9.975,9.975,9.975,9.975
2026-09-28 19:08:00+00:00,9.965,9.975,9.965,9.975
2026-09-28 19:09:00+00:00,9.965,9.965,9.965,9.965
2026-09-28 19:10:00+00:00,9.965,9.965,9.96,9.965
2026-09-28 19:11:00+00:00,9.965,9.965,9.965,9.965
2026-09-28 19:12:00+00:00,9.965,9.965,9.965,9.965
2026-09-28 19:13:00+00:00,9.965,9.965,9.965,9.965
2026-09-28 19:14:00+00:00,9.965,9.965,9.965,9.965
2026-09-28 19:15:00+00:00,9.965,9.965,9.965,9.965
2026-09-28 19:16:00+00:00,9.965,9.965,9.965,9.965
2026-09-28 19:17:00+00:00,9.965,9.965,9.965,9.965
2026-09-28 19:18:00+00:00,9.965,9.965,9.965,9.965
2026-09-28 19:19:00+00:00,9.965,9.965,9.965,9.965
2026-09-28 19:20:00+00:00,9.965,9.965,9.965,9.965
2026-09-28 19:21:00+00:00,9.965,9.965,9.965,9.965
2026-09-28 19:22:00+00:00,9.965,9.965,9.965,9.965
2026-09-28 19:23:00+00:00,9.965,9.965,9.965,9.965
2026-09-28 19:24:00+00:00,9.965,9.965,9.965,9.965
2026-09-28 19:25:00+00:00,9.965,9.97,9.965,9.965
2026-09-28 19:26:00+00:00,9.965,9.965,9.965,9.965
2026-09-28 19:27:00+00:00,9.965,9.97,9.965,9.965
2026-09-28 19:28:00+00:00,9.965,9.97,9.965,9.965
2026-09-28 19:29:00+00:00,9.965,9.965,9.965,9.965
2026-09-28 19:30:00+00:00,9.965,9.965,9.965,9.965
2026-09-28 19:31:00+00:00,9.965,9.965,9.965,9.965
2026-09-28 19:32:00+00:00,9.965,9.965,9.965,9.965
2026-09-28 19:33:00+00:00,9.965,9.965,9.965,9.965
2026-09-28 19:34:00+00:00,9.965,9.965,9.96,9.965
2026-09-28 19:35:00+00:00,9.965,9.965,9.965,9.965
2026-09-28 19:36:00+00:00,9.965,9.965,9.965,9.965
2026-09-28 19:37:00+00:00,9.965,9.965,9.965,9.965
2026-09-28 19:38:00+00:00,9.965,9.965,9.965,9.965
2026-09-28 19:39:00+00:00,9.965,9.965,9.965,9.965
2026-09-28 19:40:00+00:00,9.955,9.965,9.955,9.965
2026-09-28 19:41:00+00:00,9.955,9.96,9.955,9.955
2026-09-28 19:42:00+00:00,9.965,9.965,9.955,9.955
2026-09-28 19:43:00+00:00,9.965,9.965,9.96,9.965
2026-09-28 19:44:00+00:00,9.965,9.965,9.96,9.96
2026-09-28 19:45:00+00:00,9.955,9.965,9.955,9.965
2026-09-28 19:46:00+00:00,9.955,9.955,9.955,9.955
2026-09-28 19:47:00+00:00,9.945,9.955,9.945,9.955
2026-09-28 19:48:00+00:00,9.945,9.95,9.945,9.945
2026-09-28 19:49:00+00:00,9.955,9.96,9.945,9.945
2026-09-28 19:50:00+00:00,9.945,9.955,9.945,9.955
2026-09-28 19:51:00+00:00,9.945,9.945,9.945,9.945
2026-09-28 19:52:00+00:00,9.945,9.945,9.94,9.945
2026-09-28 19:53:00+00:00,9.945,9.945,9.945,9.945
2026-09-28 19:54:00+00:00,9.945,9.945,9.94,9.945
2026-09-28 19:55:00+00:00,9.945,9.945,9.94,9.945
2026-09-28 19:56:00+00:00,9.935,9.945,9.935,9.945
2026-09-28 19:57:00+00:00,9.955,9.955,9.935,9.935
2026-09-28 19:58:00+00:00,9.94,9.955,9.94,9.955
2026-09-28 19:59:00+00:00,9.945,9.955,9.935,9.945
2026-09-29 13:30:00+00:00,9.575,9.65,9.565,9.65
2026-09-29 13:31:00+00:00,9.585,9.6,9.555,9.575
2026-09-29 13:32:00+00:00,9.555,9.58,9.545,9.575
2026-09-29 13:33:00+00:00,9.515,9.565,9.515,9.555
2026-09-29 13:34:00+00:00,9.515,9.53,9.51,9.515
2026-09-29 13:35:00+00:00,9.505,9.53,9.5,9.515
2026-09-29 13:36:00+00:00,9.515,9.535,9.505,9.505
2026-09-29 13:37:00+00:00,9.515,9.525,9.505,9.515
2026-09-29 13:38:00+00:00,9.495,9.515,9.49,9.515
2026-09-29 13:39:00+00:00,9.495,9.5,9.485,9.495
2026-09-29 13:40:00+00:00,9.475,9.5,9.47,9.495
2026-09-29 13:41:00+00:00,9.495,9.505,9.475,9.48
2026-09-29 13:42:00+00:00,9.505,9.51,9.485,9.495
2026-09-29 13:43:00+00:00,9.495,9.505,9.495,9.505
2026-09-29 13:44:00+00:00,9.485,9.495,9.485,9.495
2026-09-29 13:45:00+00:00,9.485,9.49,9.475,9.485
2026-09-29 13:46:00+00:00,9.485,9.49,9.485,9.485
2026-09-29 13:47:00+00:00,9.505,9.51,9.485,9.485
2026-09-29 13:48:00+00:00,9.505,9.52,9.495,9.505
2026-09-29 13:49:00+00:00,9.485,9.505,9.485,9.505
2026-09-29 13:50:00+00:00,9.495,9.495,9.485,9.485
2026-09-29 13:51:00+00:00,9.495,9.5,9.485,9.495
2026-09-29 13:52:00+00:00,9.505,9.515,9.495,9.495
2026-09-29 13:53:00+00:00,9.515,9.525,9.505,9.505
2026-09-29 13:54:00+00:00,9.515,9.515,9.505,9.515
2026-09-29 13:55:00+00:00,9.515,9.515,9.51,9.515
2026-09-29 13:56:00+00:00,9.515,9.52,9.515,9.515
2026-09-29 13:57:00+00:00,9.515,9.515,9.51,9.515
2026-09-29 13:58:00+00:00,9.515,9.515,9.51,9.515
2026-09-29 13:59:00+00:00,9.515,9.515,9.505,9.515
2026-09-29 14:00:00+00:00,9.525,9.525,9.515,9.515
2026-09-29 14:01:00+00:00,9.515,9.525,9.515,9.525
2026-09-29 14:02:00+00:00,9.525,9.525,9.515,9.515
2026-09-29 14:03:00+00:00,9.525,9.53,9.525,9.525
2026-09-29 14:04:00+00:00,9.525,9.525,9.525,9.525
2026-09-29 14:05:00+00:00,9.525,9.53,9.525,9.525
2026-09-29 14:06:00+00:00,9.525,9.525,9.525,9.525
2026-09-29 14:07:00+00:00,9.535,9.535,9.525,9.525
2026-09-29 14:08:00+00:00,9.545,9.55,9.535,9.535
2026-09-29 14:09:00+00:00,9.555,9.555,9.545,9.545
2026-09-29 14:10:00+00:00,9.555,9.56,9.555,9.555
2026-09-29 14:11:00+00:00,9.545,9.555,9.545,9.555
2026-09-29 14:12:00+00:00,9.545,9.55,9.545,9.545
2026-09-29 14:13:00+00:00,9.555,9.56,9.545,9.545
2026-09-29 14:14:00+00:00,9.545,9.56,9.545,9.555
2026-09-29 14:15:00+00:00,9.545,9.545,9.545,9.545
2026-09-29 14:16:00+00:00,9.555,9.56,9.545,9.545
2026-09-29 14:17:00+00:00,9.545,9.56,9.545,9.555
2026-09-29 14:18:00+00:00,9.545,9.545,9.54,9.545
2026-09-29 14:19:00+00:00,9.555,9.555,9.545,9.545
2026-09-29 14:20:00+00:00,9.545,9.555,9.545,9.555
2026-09-29 14:21:00+00:00,9.555,9.555,9.545,9.545
2026-09-29 14:22:00+00:00,9.545,9.555,9.545,9.555
2026-09-29 14:23:00+00:00,9.535,9.545,9.535,9.545
2026-09-29 14:24:00+00:00,9.535,9.535,9.535,9.535
2026-09-29 14:25:00+00:00,9.535,9.535,9.535,9.535
2026-09-29 14:26:00+00:00,9.545,9.545,9.535,9.535
2026-09-29 14:27:00+00:00,9.535,9.545,9.535,9.545
2026-09-29 14:28:00+00:00,9.525,9.535,9.525,9.535
2026-09-29 14:29:00+00:00,9.525,9.53,9.525,9.525
2026-09-29 14:30:00+00:00,9.525,9.525,9.525,9.525
2026-09-29 14:31:00+00:00,9.525,9.525,9.525,9.525
2026-09-29 14:32:00+00:00,9.525,9.535,9.525,9.525
2026-09-29 14:33:00+00:00,9.525,9.525,9.525,9.525
2026-09-29 14:34:00+00:00,9.525,9.53,9.525,9.525
2026-09-29 14:35:00+00:00,9.525,9.525,9.525,9.525
2026-09-29 14:36:00+00:00,9.525,9.525,9.525,9.525
2026-09-29 14:37:00+00:00,9.515,9.525,9.515,9.525
2026-09-29 14:38:00+00:00,9.515,9.52,9.51,9.515
2026-09-29 14:39:00+00:00,9.515,9.515,9.505,9.515
2026-09-29 14:40:00+00:00,9.525,9.525,9.515,9.515
2026-09-29 14:41:00+00:00,9.525,9.53,9.525,9.525
2026-09-29 14:42:00+00:00,9.535,9.545,9.525,9.525
2026-09-29 14:43:00+00:00,9.535,9.54,9.535,9.535
2026-09-29 14:44:00+00:00,9.545,9.545,9.535,9.535
2026-09-29 14:45:00+00:00,9.545,9.555,9.545,9.545
2026-09-29 14:46:00+00:00,9.545,9.545,9.545,9.545
2026-09-29 14:47:00+00:00,9.545,9.545,9.545,9.545
2026-09-29 14:48:00+00:00,9.545,9.545,9.545,9.545
2026-09-29 14:49:00+00:00,9.545,9.545,9.545,9.545
2026-09-29 14:50:00+00:00,9.545,9.545,9.545,9.545
2026-09-29 14:51:00+00:00,9.545,9.545,9.545,9.545
2026-09-29 14:52:00+00:00,9.545,9.545,9.545,9.545
2026-09-29 14:53:00+00:00,9.545,9.545,9.54,9.545
2026-09-29 14:54:00+00:00,9.545,9.545,9.54,9.54
2026-09-29 14:55:00+00:00,9.545,9.545,9.54,9.545
2026-09-29 14:56:00+00:00,9.545,9.55,9.545,9.545
2026-09-29 14:57:00+00:00,9.555,9.555,9.545,9.545
2026-09-29 14:58:00+00:00,9.555,9.555,9.545,9.555
2026-09-29 14:59:00+00:00,9.555,9.555,9.55,9.555
2026-09-29 15:00:00+00:00,9.545,9.555,9.545,9.555
2026-09-29 15:01:00+00:00,9.545,9.545,9.545,9.545
2026-09-29 15:02:00+00:00,9.545,9.545,9.54,9.545
2026-09-29 15:03:00+00:00,9.535,9.545,9.53,9.545
2026-09-29 15:04:00+00:00,9.535,9.535,9.535,9.535
2026-09-29 15:05:00+00:00,9.535,9.535,9.53,9.535
2026-09-29 15:06:00+00:00,9.535,9.535,9.53,9.535
2026-09-29 15:07:00+00:00,9.535,9.535,9.535,9.535
2026-09-29 15:08:00+00:00,9.535,9.535,9.535,9.535
2026-09-29 15:09:00+00:00,9.535,9.545,9.535,9.535
2026-09-29 15:10:00+00:00,9.535,9.54,9.535,9.535
2026-09-29 15:11:00+00:00,9.535,9.535,9.535,9.535
2026-09-29 15:12:00+00:00,9.515,9.535,9.515,9.535
2026-09-29 15:13:00+00:00,9.495,9.515,9.495,9.515
2026-09-29 15:14:00+00:00,9.495,9.495,9.495,9.495
2026-09-29 15:15:00+00:00,9.495,9.495,9.495,9.495
2026-09-29 15:16:00+00:00,9.495,9.495,9.49,9.495
2026-09-29 15:17:00+00:00,9.485,9.495,9.485,9.495
2026-09-29 15:18:00+00:00,9.485,9.485,9.48,9.485
2026-09-29 15:19:00+00:00,9.465,9.485,9.465,9.485
2026-09-29 15:20:00+00:00,9.465,9.465,9.465,9.465
2026-09-29 15:21:00+00:00,9.465,9.465,9.46,9.465
2026-09-29 15:22:00+00:00,9.465,9.47,9.465,9.465
2026-09-29 15:23:00+00:00,9.455,9.465,9.455,9.465
2026-09-29 15:24:00+00:00,9.455,9.455,9.45,9.455
2026-09-29 15:25:00+00:00,9.455,9.455,9.455,9.455
2026-09-29 15:26:00+00:00,9.455,9.455,9.455,9.455
2026-09-29 15:27:00+00:00,9.455,9.455,9.445,9.455
2026-09-29 15:28:00+00:00,9.455,9.455,9.455,9.455
2026-09-29 15:29:00+00:00,9.455,9.455,9.45,9.455
2026-09-29 15:30:00+00:00,9.455,9.46,9.455,9.455
2026-09-29 15:31:00+00:00,9.465,9.465,9.455,9.455
2026-09-29 15:32:00+00:00,9.48,9.48,9.465,9.465
2026-09-29 15:33:00+00:00,9.485,9.485,9.475,9.475
2026-09-29 15:34:00+00:00,9.485,9.485,9.485,9.485
2026-09-29 15:35:00+00:00,9.485,9.49,9.48,9.485
2026-09-29 15:36:00+00:00,9.475,9.485,9.475,9.485
2026-09-29 15:37:00+00:00,9.475,9.48,9.475,9.475
2026-09-29 15:38:00+00:00,9.475,9.48,9.475,9.475
2026-09-29 15:39:00+00:00,9.475,9.48,9.475,9.475
2026-09-29 15:40:00+00:00,9.475,9.475,9.47,9.475
2026-09-29 15:41:00+00:00,9.475,9.475,9.465,9.47
2026-09-29 15:42:00+00:00,9.465,9.475,9.465,9.475
2026-09-29 15:43:00+00:00,9.455,9.465,9.455,9.465
2026-09-29 15:44:00+00:00,9.455,9.455,9.445,9.455
2026-09-29 15:45:00+00:00,9.445,9.455,9.445,9.455
2026-09-29 15:46:00+00:00,9.445,9.45,9.44,9.445
2026-09-29 15:47:00+00:00,9.455,9.46,9.44,9.445
2026-09-29 15:48:00+00:00,9.445,9.455,9.445,9.455
2026-09-29 15:49:00+00:00,9.455,9.46,9.445,9.445
2026-09-29 15:50:00+00:00,9.455,9.46,9.455,9.455
2026-09-29 15:51:00+00:00,9.445,9.455,9.445,9.455
2026-09-29 15:52:00+00:00,9.445,9.45,9.445,9.445
2026-09-29 15:53:00+00:00,9.445,9.445,9.445,9.445
2026-09-29 15:54:00+00:00,9.445,9.445,9.435,9.445
2026-09-29 15:55:00+00:00,9.445,9.445,9.44,9.445
2026-09-29 15:56:00+00:00,9.445,9.445,9.445,9.445
2026-09-29 15:57:00+00:00,9.445,9.445,9.44,9.445
2026-09-29 15:58:00+00:00,9.445,9.45,9.44,9.445
2026-09-29 15:59:00+00:00,9.455,9.455,9.445,9.445
2026-09-29 16:00:00+00:00,9.455,9.46,9.455,9.455
2026-09-29 16:01:00+00:00,9.455,9.455,9.455,9.455
2026-09-29 16:02:00+00:00,9.465,9.465,9.455,9.455
2026-09-29 16:03:00+00:00,9.465,9.465,9.465,9.465
2026-09-29 16:04:00+00:00,9.485,9.49,9.465,9.47
2026-09-29 16:05:00+00:00,9.485,9.485,9.485,9.485
2026-09-29 16:06:00+00:00,9.465,9.485,9.46,9.485
2026-09-29 16:07:00+00:00,9.465,9.465,9.465,9.465
2026-09-29 16:08:00+00:00,9.475,9.475,9.465,9.465
2026-09-29 16:09:00+00:00,9.475,9.475,9.475,9.475
2026-09-29 16:10:00+00:00,9.475,9.475,9.475,9.475
2026-09-29 16:11:00+00:00,9.465,9.475,9.465,9.475
2026-09-29 16:12:00+00:00,9.465,9.465,9.465,9.465
2026-09-29 16:13:00+00:00,9.465,9.47,9.465,9.465
2026-09-29 16:14:00+00:00,9.465,9.465,9.46,9.465
2026-09-29 16:15:00+00:00,9.465,9.465,9.465,9.465
2026-09-29 16:16:00+00:00,9.465,9.465,9.46,9.465
2026-09-29 16:17:00+00:00,9.465,9.465,9.465,9.465
2026-09-29 16:18:00+00:00,9.465,9.465,9.465,9.465
2026-09-29 16:19:00+00:00,9.465,9.465,9.46,9.465
2026-09-29 16:20:00+00:00,9.465,9.465,9.465,9.465
2026-09-29 16:21:00+00:00,9.465,9.475,9.465,9.465
2026-09-29 16:22:00+00:00,9.465,9.465,9.465,9.465
2026-09-29 16:23:00+00:00,9.465,9.465,9.465,9.465
2026-09-29 16:24:00+00:00,9.465,9.465,9.465,9.465
2026-09-29 16:25:00+00:00,9.465,9.465,9.465,9.465
2026-09-29 16:26:00+00:00,9.455,9.465,9.455,9.465
2026-09-29 16:27:00+00:00,9.455,9.455,9.455,9.455
2026-09-29 16:28:00+00:00,9.475,9.475,9.455,9.455
2026-09-29 16:29:00+00:00,9.465,9.475,9.465,9.475
2026-09-29 16:30:00+00:00,9.465,9.465,9.465,9.465
2026-09-29 16:31:00+00:00,9.465,9.465,9.465,9.465
2026-09-29 16:32:00+00:00,9.465,9.465,9.46,9.465
2026-09-29 16:33:00+00:00,9.465,9.465,9.465,9.465
2026-09-29 16:34:00+00:00,9.455,9.465,9.455,9.465
2026-09-29 16:35:00+00:00,9.455,9.465,9.455,9.455
2026-09-29 16:36:00+00:00,9.465,9.47,9.455,9.455
2026-09-29 16:37:00+00:00,9.465,9.465,9.46,9.465
2026-09-29 16:38:00+00:00,9.465,9.465,9.465,9.465
2026-09-29 16:39:00+00:00,9.465,9.465,9.465,9.465
2026-09-29 16:40:00+00:00,9.455,9.465,9.455,9.465
2026-09-29 16:41:00+00:00,9.455,9.455,9.455,9.455
2026-09-29 16:42:00+00:00,9.455,9.455,9.455,9.455
2026-09-29 16:43:00+00:00,9.455,9.46,9.455,9.455
2026-09-29 16:44:00+00:00,9.455,9.455,9.45,9.455
2026-09-29 16:45:00+00:00,9.455,9.455,9.445,9.455
2026-09-29 16:46:00+00:00,9.455,9.455,9.45,9.455
2026-09-29 16:47:00+00:00,9.455,9.455,9.455,9.455
2026-09-29 16:48:00+00:00,9.455,9.455,9.455,9.455
2026-09-29 16:49:00+00:00,9.455,9.455,9.455,9.455
2026-09-29 16:50:00+00:00,9.455,9.455,9.455,9.455
2026-09-29 16:51:00+00:00,9.455,9.455,9.455,9.455
2026-09-29 16:52:00+00:00,9.455,9.455,9.455,9.455
2026-09-29 16:53:00+00:00,9.455,9.455,9.455,9.455
2026-09-29 16:54:00+00:00,9.455,9.455,9.455,9.455
2026-09-29 16:55:00+00:00,9.445,9.455,9.445,9.455
2026-09-29 16:56:00+00:00,9.445,9.445,9.435,9.445
2026-09-29 16:57:00+00:00,9.445,9.445,9.445,9.445
2026-09-29 16:58:00+00:00,9.445,9.445,9.44,9.445
2026-09-29 16:59:00+00:00,9.445,9.45,9.445,9.445
2026-09-29 17:00:00+00:00,9.445,9.45,9.445,9.445
2026-09-29 17:01:00+00:00,9.445,9.455,9.445,9.445
2026-09-29 17:02:00+00:00,9.445,9.445,9.445,9.445
2026-09-29 17:03:00+00:00,9.445,9.445,9.445,9.445
2026-09-29 17:04:00+00:00,9.445,9.445,9.445,9.445
2026-09-29 17:05:00+00:00,9.445,9.445,9.445,9.445
2026-09-29 17:06:00+00:00,9.445,9.445,9.445,9.445
2026-09-29 17:07:00+00:00,9.445,9.445,9.445,9.445
2026-09-29 17:08:00+00:00,9.445,9.445,9.445,9.445
2026-09-29 17:09:00+00:00,9.445,9.445,9.445,9.445
2026-09-29 17:10:00+00:00,9.445,9.45,9.445,9.445
2026-09-29 17:11:00+00:00,9.455,9.455,9.445,9.445
2026-09-29 17:12:00+00:00,9.455,9.455,9.455,9.455
2026-09-29 17:13:00+00:00,9.455,9.455,9.455,9.455
2026-09-29 17:14:00+00:00,9.455,9.455,9.455,9.455
2026-09-29 17:15:00+00:00,9.455,9.455,9.455,9.455
2026-09-29 17:16:00+00:00,9.455,9.455,9.45,9.455
2026-09-29 17:17:00+00:00,9.455,9.455,9.445,9.455
2026-09-29 17:18:00+00:00,9.455,9.455,9.455,9.455
2026-09-29 17:19:00+00:00,9.455,9.455,9.455,9.455
2026-09-29 17:20:00+00:00,9.455,9.455,9.455,9.455
2026-09-29 17:21:00+00:00,9.445,9.455,9.445,9.455
2026-09-29 17:22:00+00:00,9.445,9.45,9.445,9.445
2026-09-29 17:23:00+00:00,9.455,9.455,9.445,9.445
2026-09-29 17:24:00+00:00,9.455,9.455,9.455,9.455
2026-09-29 17:25:00+00:00,9.455,9.455,9.45,9.455
2026-09-29 17:26:00+00:00,9.455,9.455,9.45,9.455
2026-09-29 17:27:00+00:00,9.455,9.46,9.455,9.455
2026-09-29 17:28:00+00:00,9.455,9.455,9.45,9.455
2026-09-29 17:29:00+00:00,9.455,9.455,9.45,9.455
2026-09-29 17:30:00+00:00,9.455,9.455,9.455,9.455
2026-09-29 17:31:00+00:00,9.455,9.455,9.455,9.455
2026-09-29 17:32:00+00:00,9.455,9.46,9.455,9.455
2026-09-29 17:33:00+00:00,9.455,9.455,9.455,9.455
2026-09-29 17:34:00+00:00,9.455,9.455,9.455,9.455
2026-09-29 17:35:00+00:00,9.455,9.455,9.455,9.455
2026-09-29 17:36:00+00:00,9.455,9.455,9.455,9.455
2026-09-29 17:37:00+00:00,9.455,9.455,9.455,9.455
2026-09-29 17:38:00+00:00,9.455,9.465,9.455,9.455
2026-09-29 17:39:00+00:00,9.465,9.465,9.455,9.46
2026-09-29 17:40:00+00:00,9.465,9.47,9.465,9.465
2026-09-29 17:41:00+00:00,9.465,9.47,9.465,9.465
2026-09-29 17:42:00+00:00,9.465,9.465,9.465,9.465
2026-09-29 17:43:00+00:00,9.465,9.465,9.465,9.465
2026-09-29 17:44:00+00:00,9.475,9.475,9.465,9.465
2026-09-29 17:45:00+00:00,9.475,9.475,9.475,9.475
2026-09-29 17:46:00+00:00,9.475,9.475,9.475,9.475
2026-09-29 17:47:00+00:00,9.485,9.485,9.475,9.475
2026-09-29 17:48:00+00:00,9.475,9.505,9.475,9.485
2026-09-29 17:49:00+00:00,9.475,9.475,9.475,9.475
2026-09-29 17:50:00+00:00,9.475,9.475,9.47,9.475
2026-09-29 17:51:00+00:00,9.475,9.475,9.47,9.475
2026-09-29 17:52:00+00:00,9.475,9.475,9.475,9.475
2026-09-29 17:53:00+00:00,9.475,9.475,9.475,9.475
2026-09-29 17:54:00+00:00,9.475,9.48,9.475,9.475
2026-09-29 17:55:00+00:00,9.475,9.475,9.47,9.475
2026-09-29 17:56:00+00:00,9.465,9.475,9.465,9.475
2026-09-29 17:57:00+00:00,9.465,9.47,9.465,9.465
2026-09-29 17:58:00+00:00,9.475,9.475,9.465,9.465
2026-09-29 17:59:00+00:00,9.475,9.475,9.475,9.475
2026-09-29 18:00:00+00:00,9.485,9.5,9.475,9.475
2026-09-29 18:01:00+00:00,9.475,9.485,9.475,9.485
2026-09-29 18:02:00+00:00,9.485,9.485,9.475,9.475
2026-09-29 18:03:00+00:00,9.475,9.485,9.475,9.485
2026-09-29 18:04:00+00:00,9.495,9.495,9.475,9.475
2026-09-29 18:05:00+00:00,9.495,9.495,9.495,9.495
2026-09-29 18:06:00+00:00,9.495,9.495,9.495,9.495
2026-09-29 18:07:00+00:00,9.505,9.505,9.495,9.495
2026-09-29 18:08:00+00:00,9.505,9.505,9.505,9.505
2026-09-29 18:09:00+00:00,9.505,9.52,9.5,9.505
2026-09-29 18:10:00+00:00,9.505,9.505,9.505,9.505
2026-09-29 18:11:00+00:00,9.505,9.505,9.505,9.505
2026-09-29 18:12:00+00:00,9.505,9.505,9.5,9.505
2026-09-29 18:13:00+00:00,9.505,9.505,9.5,9.505
2026-09-29 18:14:00+00:00,9.505,9.505,9.505,9.505
2026-09-29 18:15:00+00:00,9.505,9.505,9.505,9.505
2026-09-29 18:16:00+00:00,9.505,9.505,9.505,9.505
2026-09-29 18:17:00+00:00,9.515,9.515,9.505,9.505
2026-09-29 18:18:00+00:00,9.515,9.515,9.51,9.515
2026-09-29 18:19:00+00:00,9.505,9.515,9.505,9.515
2026-09-29 18:20:00+00:00,9.505,9.505,9.505,9.505
2026-09-29 18:21:00+00:00,9.505,9.51,9.505,9.505
2026-09-29 18:22:00+00:00,9.505,9.51,9.505,9.505
2026-09-29 18:23:00+00:00,9.505,9.515,9.505,9.505
2026-09-29 18:24:00+00:00,9.495,9.505,9.495,9.505
2026-09-29 18:25:00+00:00,9.495,9.495,9.495,9.495
2026-09-29 18:26:00+00:00,9.505,9.505,9.495,9.495
2026-09-29 18:27:00+00:00,9.495,9.505,9.495,9.5
2026-09-29 18:28:00+00:00,9.495,9.495,9.495,9.495
2026-09-29 18:29:00+00:00,9.485,9.495,9.485,9.495
2026-09-29 18:30:00+00:00,9.475,9.485,9.475,9.485
2026-09-29 18:31:00+00:00,9.465,9.475,9.465,9.475
2026-09-29 18:32:00+00:00,9.465,9.465,9.465,9.465
2026-09-29 18:33:00+00:00,9.465,9.465,9.465,9.465
2026-09-29 18:34:00+00:00,9.465,9.465,9.465,9.465
2026-09-29 18:35:00+00:00,9.465,9.47,9.465,9.465
2026-09-29 18:36:00+00:00,9.475,9.475,9.465,9.465
2026-09-29 18:37:00+00:00,9.475,9.475,9.475,9.475
2026-09-29 18:38:00+00:00,9.485,9.485,9.47,9.475
2026-09-29 18:39:00+00:00,9.495,9.495,9.485,9.485
2026-09-29 18:40:00+00:00,9.495,9.5,9.495,9.495
2026-09-29 18:41:00+00:00,9.505,9.505,9.495,9.495
2026-09-29 18:42:00+00:00,9.505,9.505,9.505,9.505
2026-09-29 18:43:00+00:00,9.495,9.505,9.495,9.505
2026-09-29 18:44:00+00:00,9.495,9.495,9.485,9.495
2026-09-29 18:45:00+00:00,9.485,9.495,9.48,9.495
2026-09-29 18:46:00+00:00,9.485,9.485,9.485,9.485
2026-09-29 18:47:00+00:00,9.485,9.485,9.48,9.485
2026-09-29 18:48:00+00:00,9.485,9.485,9.485,9.485
2026-09-29 18:49:00+00:00,9.49,9.495,9.485,9.485
2026-09-29 18:50:00+00:00,9.485,9.49,9.485,9.49
2026-09-29 18:51:00+00:00,9.485,9.485,9.485,9.485
2026-09-29 18:52:00+00:00,9.485,9.485,9.485,9.485
2026-09-29 18:53:00+00:00,9.485,9.485,9.485,9.485
2026-09-29 18:54:00+00:00,9.485,9.485,9.485,9.485
2026-09-29 18:55:00+00:00,9.475,9.485,9.475,9.485
2026-09-29 18:56:00+00:00,9.475,9.475,9.47,9.475
2026-09-29 18:57:00+00:00,9.475,9.475,9.465,9.475
2026-09-29 18:58:00+00:00,9.475,9.475,9.47,9.475
2026-09-29 18:59:00+00:00,9.475,9.475,9.475,9.475
2026-09-29 19:00:00+00:00,9.475,9.475,9.47,9.475
2026-09-29 19:01:00+00:00,9.475,9.475,9.47,9.475
2026-09-29 19:02:00+00:00,9.475,9.475,9.475,9.475
2026-09-29 19:03:00+00:00,9.475,9.48,9.475,9.475
2026-09-29 19:04:00+00:00,9.485,9.485,9.475,9.475
2026-09-29 19:05:00+00:00,9.475,9.485,9.475,9.485
2026-09-29 19:06:00+00:00,9.475,9.475,9.475,9.475
2026-09-29 19:07:00+00:00,9.475,9.475,9.465,9.475
2026-09-29 19:08:00+00:00,9.475,9.475,9.475,9.475
2026-09-29 19:09:00+00:00,9.475,9.475,9.475,9.475
2026-09-29 19:10:00+00:00,9.475,9.475,9.47,9.475
2026-09-29 19:11:00+00:00,9.475,9.475,9.47,9.475
2026-09-29 19:12:00+00:00,9.475,9.475,9.465,9.475
2026-09-29 19:13:00+00:00,9.475,9.475,9.47,9.475
2026-09-29 19:14:00+00:00,9.475,9.475,9.47,9.475
2026-09-29 19:15:00+00:00,9.475,9.475,9.475,9.475
2026-09-29 19:16:00+00:00,9.465,9.475,9.465,9.475
2026-09-29 19:17:00+00:00,9.475,9.475,9.465,9.465
2026-09-29 19:18:00+00:00,9.475,9.475,9.475,9.475
2026-09-29 19:19:00+00:00,9.475,9.475,9.47,9.475
2026-09-29 19:20:00+00:00,9.475,9.475,9.47,9.475
2026-09-29 19:21:00+00:00,9.475,9.475,9.47,9.475
2026-09-29 19:22:00+00:00,9.485,9.485,9.475,9.475
2026-09-29 19:23:00+00:00,9.485,9.485,9.48,9.485
2026-09-29 19:24:00+00:00,9.485,9.485,9.48,9.485
2026-09-29 19:25:00+00:00,9.485,9.485,9.485,9.485
2026-09-29 19:26:00+00:00,9.475,9.485,9.475,9.485
2026-09-29 19:27:00+00:00,9.475,9.475,9.475,9.475
2026-09-29 19:28:00+00:00,9.475,9.475,9.475,9.475
2026-09-29 19:29:00+00:00,9.475,9.475,9.475,9.475
2026-09-29 19:30:00+00:00,9.475,9.48,9.475,9.475
2026-09-29 19:31:00+00:00,9.475,9.475,9.475,9.475
2026-09-29 19:32:00+00:00,9.475,9.48,9.475,9.475
2026-09-29 19:33:00+00:00,9.475,9.48,9.475,9.475
2026-09-29 19:34:00+00:00,9.465,9.475,9.465,9.475
2026-09-29 19:35:00+00:00,9.465,9.465,9.465,9.465
2026-09-29 19:36:00+00:00,9.475,9.475,9.465,9.465
2026-09-29 19:37:00+00:00,9.485,9.49,9.475,9.475
2026-09-29 19:38:00+00:00,9.485,9.485,9.485,9.485
2026-09-29 19:39:00+00:00,9.485,9.485,9.48,9.485
2026-09-29 19:40:00+00:00,9.485,9.485,9.485,9.485
2026-09-29 19:41:00+00:00,9.475,9.485,9.475,9.485
2026-09-29 19:42:00+00:00,9.475,9.475,9.475,9.475
2026-09-29 19:43:00+00:00,9.455,9.475,9.455,9.475
2026-09-29 19:44:00+00:00,9.455,9.455,9.455,9.455
2026-09-29 19:45:00+00:00,9.445,9.455,9.445,9.45
2026-09-29 19:46:00+00:00,9.445,9.445,9.445,9.445
2026-09-29 19:47:00+00:00,9.445,9.445,9.445,9.445
2026-09-29 19:48:00+00:00,9.445,9.445,9.445,9.445
2026-09-29 19:49:00+00:00,9.455,9.455,9.445,9.445
2026-09-29 19:50:00+00:00,9.455,9.455,9.455,9.455
2026-09-29 19:51:00+00:00,9.465,9.465,9.455,9.455
2026-09-29 19:52:00+00:00,9.465,9.465,9.46,9.465
2026-09-29 19:53:00+00:00,9.465,9.465,9.465,9.465
2026-09-29 19:54:00+00:00,9.465,9.465,9.465,9.465
2026-09-29 19:55:00+00:00,9.455,9.47,9.455,9.465
2026-09-29 19:56:00+00:00,9.465,9.465,9.455,9.455
2026-09-29 19:57:00+00:00,9.465,9.465,9.465,9.465
2026-09-29 19:58:00+00:00,9.465,9.475,9.46,9.465
2026-09-29 19:59:00+00:00,9.465,9.47,9.455,9.465
2026-09-30 13:30:00+00:00,9.63,9.64,9.625,9.63
2026-09-30 13:31:00+00:00,9.67,9.68,9.62,9.635
2026-09-30 13:32:00+00:00,9.63,9.68,9.63,9.67
2026-09-30 13:33:00+00:00,9.64,9.645,9.62,9.635
2026-09-30 13:34:00+00:00,9.655,9.66,9.635,9.635
2026-09-30 13:35:00+00:00,9.675,9.68,9.645,9.655
2026-09-30 13:36:00+00:00,9.665,9.675,9.655,9.675
2026-09-30 13:37:00+00:00,9.67,9.68,9.65,9.665
2026-09-30 13:38:00+00:00,9.665,9.67,9.645,9.67
2026-09-30 13:39:00+00:00,9.655,9.665,9.65,9.665
2026-09-30 13:40:00+00:00,9.635,9.655,9.635,9.655
2026-09-30 13:41:00+00:00,9.635,9.64,9.635,9.635
2026-09-30 13:42:00+00:00,9.645,9.655,9.635,9.635
2026-09-30 13:43:00+00:00,9.635,9.645,9.635,9.645
2026-09-30 13:44:00+00:00,9.625,9.635,9.615,9.635
2026-09-30 13:45:00+00:00,9.635,9.635,9.625,9.625
2026-09-30 13:46:00+00:00,9.635,9.635,9.635,9.635
2026-09-30 13:47:00+00:00,9.645,9.65,9.635,9.635
2026-09-30 13:48:00+00:00,9.625,9.645,9.625,9.645
2026-09-30 13:49:00+00:00,9.635,9.635,9.625,9.625
2026-09-30 13:50:00+00:00,9.645,9.645,9.635,9.635
2026-09-30 13:51:00+00:00,9.645,9.645,9.64,9.645
2026-09-30 13:52:00+00:00,9.645,9.645,9.64,9.645
2026-09-30 13:53:00+00:00,9.645,9.645,9.635,9.645
2026-09-30 13:54:00+00:00,9.635,9.655,9.635,9.645
2026-09-30 13:55:00+00:00,9.635,9.645,9.635,9.635
2026-09-30 13:56:00+00:00,9.645,9.645,9.635,9.635
2026-09-30 13:57:00+00:00,9.635,9.645,9.63,9.645
2026-09-30 13:58:00+00:00,9.625,9.635,9.625,9.635
2026-09-30 13:59:00+00:00,9.625,9.625,9.62,9.625
2026-09-30 14:00:00+00:00,9.635,9.635,9.625,9.625
2026-09-30 14:01:00+00:00,9.635,9.645,9.63,9.635
2026-09-30 14:02:00+00:00,9.635,9.635,9.625,9.635
2026-09-30 14:03:00+00:00,9.635,9.635,9.635,9.635
2026-09-30 14:04:00+00:00,9.635,9.635,9.635,9.635
2026-09-30 14:05:00+00:00,9.645,9.645,9.635,9.635
2026-09-30 14:06:00+00:00,9.665,9.665,9.645,9.645
2026-09-30 14:07:00+00:00,9.655,9.665,9.655,9.665
2026-09-30 14:08:00+00:00,9.655,9.655,9.655,9.655
2026-09-30 14:09:00+00:00,9.655,9.655,9.645,9.655
2026-09-30 14:10:00+00:00,9.645,9.655,9.64,9.655
2026-09-30 14:11:00+00:00,9.645,9.645,9.64,9.645
2026-09-30 14:12:00+00:00,9.655,9.655,9.645,9.645
2026-09-30 14:13:00+00:00,9.655,9.655,9.65,9.655
2026-09-30 14:14:00+00:00,9.655,9.665,9.655,9.655
2026-09-30 14:15:00+00:00,9.655,9.655,9.655,9.655
2026-09-30 14:16:00+00:00,9.655,9.655,9.655,9.655
2026-09-30 14:17:00+00:00,9.655,9.655,9.655,9.655
2026-09-30 14:18:00+00:00,9.655,9.665,9.655,9.655
2026-09-30 14:19:00+00:00,9.655,9.655,9.655,9.655
2026-09-30 14:20:00+00:00,9.655,9.655,9.655,9.655
2026-09-30 14:21:00+00:00,9.645,9.655,9.645,9.655
2026-09-30 14:22:00+00:00,9.635,9.645,9.635,9.645
2026-09-30 14:23:00+00:00,9.635,9.635,9.63,9.635
2026-09-30 14:24:00+00:00,9.625,9.635,9.62,9.635
2026-09-30 14:25:00+00:00,9.615,9.625,9.61,9.625
2026-09-30 14:26:00+00:00,9.635,9.635,9.6,9.615
2026-09-30 14:27:00+00:00,9.615,9.635,9.615,9.635
2026-09-30 14:28:00+00:00,9.605,9.615,9.605,9.615
2026-09-30 14:29:00+00:00,9.615,9.615,9.605,9.605
2026-09-30 14:30:00+00:00,9.625,9.625,9.615,9.615
2026-09-30 14:31:00+00:00,9.625,9.625,9.62,9.625
2026-09-30 14:32:00+00:00,9.615,9.625,9.615,9.625
2026-09-30 14:33:00+00:00,9.635,9.635,9.615,9.615
2026-09-30 14:34:00+00:00,9.635,9.635,9.635,9.635
2026-09-30 14:35:00+00:00,9.625,9.635,9.62,9.63
2026-09-30 14:36:00+00:00,9.625,9.625,9.625,9.625
2026-09-30 14:37:00+00:00,9.615,9.625,9.615,9.625
2026-09-30 14:38:00+00:00,9.615,9.615,9.61,9.615
2026-09-30 14:39:00+00:00,9.615,9.615,9.615,9.615
2026-09-30 14:40:00+00:00,9.615,9.615,9.61,9.615
2026-09-30 14:41:00+00:00,9.615,9.615,9.61,9.615
2026-09-30 14:42:00+00:00,9.625,9.625,9.615,9.615
2026-09-30 14:43:00+00:00,9.635,9.635,9.625,9.625
2026-09-30 14:44:00+00:00,9.625,9.635,9.625,9.635
2026-09-30 14:45:00+00:00,9.635,9.635,9.62,9.62
2026-09-30 14:46:00+00:00,9.635,9.635,9.635,9.635
2026-09-30 14:47:00+00:00,9.635,9.645,9.635,9.635
2026-09-30 14:48:00+00:00,9.635,9.635,9.635,9.635
2026-09-30 14:49:00+00:00,9.635,9.635,9.635,9.635
2026-09-30 14:50:00+00:00,9.625,9.635,9.625,9.635
2026-09-30 14:51:00+00:00,9.625,9.625,9.625,9.625
2026-09-30 14:52:00+00:00,9.625,9.625,9.625,9.625
2026-09-30 14:53:00+00:00,9.625,9.625,9.625,9.625
2026-09-30 14:54:00+00:00,9.635,9.635,9.625,9.625
2026-09-30 14:55:00+00:00,9.635,9.635,9.63,9.63
2026-09-30 14:56:00+00:00,9.635,9.635,9.635,9.635
2026-09-30 14:57:00+00:00,9.625,9.635,9.625,9.63
2026-09-30 14:58:00+00:00,9.615,9.625,9.615,9.625
2026-09-30 14:59:00+00:00,9.615,9.615,9.61,9.615
2026-09-30 15:00:00+00:00,9.615,9.615,9.605,9.615
2026-09-30 15:01:00+00:00,9.615,9.615,9.615,9.615
2026-09-30 15:02:00+00:00,9.605,9.615,9.605,9.615
2026-09-30 15:03:00+00:00,9.605,9.605,9.605,9.605
2026-09-30 15:04:00+00:00,9.615,9.615,9.605,9.605
2026-09-30 15:05:00+00:00,9.615,9.615,9.61,9.615
2026-09-30 15:06:00+00:00,9.615,9.615,9.61,9.615
2026-09-30 15:07:00+00:00,9.615,9.615,9.61,9.615
2026-09-30 15:08:00+00:00,9.615,9.615,9.61,9.615
2026-09-30 15:09:00+00:00,9.615,9.62,9.615,9.615
2026-09-30 15:10:00+00:00,9.615,9.615,9.615,9.615
2026-09-30 15:11:00+00:00,9.605,9.615,9.605,9.615
2026-09-30 15:12:00+00:00,9.615,9.615,9.605,9.605
2026-09-30 15:13:00+00:00,9.615,9.615,9.615,9.615
2026-09-30 15:14:00+00:00,9.625,9.63,9.615,9.615
2026-09-30 15:15:00+00:00,9.625,9.63,9.62,9.625
2026-09-30 15:16:00+00:00,9.635,9.635,9.625,9.625
2026-09-30 15:17:00+00:00,9.625,9.635,9.625,9.635
2026-09-30 15:18:00+00:00,9.625,9.625,9.625,9.625
2026-09-30 15:19:00+00:00,9.625,9.625,9.625,9.625
2026-09-30 15:20:00+00:00,9.625,9.625,9.625,9.625
2026-09-30 15:21:00+00:00,9.625,9.625,9.625,9.625
2026-09-30 15:22:00+00:00,9.625,9.625,9.625,9.625
2026-09-30 15:23:00+00:00,9.625,9.625,9.62,9.625
2026-09-30 15:24:00+00:00,9.615,9.625,9.615,9.625
2026-09-30 15:25:00+00:00,9.615,9.615,9.615,9.615
2026-09-30 15:26:00+00:00,9.615,9.615,9.605,9.615
2026-09-30 15:27:00+00:00,9.615,9.615,9.61,9.615
2026-09-30 15:28:00+00:00,9.615,9.615,9.61,9.615
2026-09-30 15:29:00+00:00,9.615,9.615,9.61,9.615
2026-09-30 15:30:00+00:00,9.615,9.615,9.615,9.615
2026-09-30 15:31:00+00:00,9.625,9.625,9.615,9.615
2026-09-30 15:32:00+00:00,9.625,9.625,9.615,9.625
2026-09-30 15:33:00+00:00,9.625,9.625,9.625,9.625
2026-09-30 15:34:00+00:00,9.625,9.625,9.62,9.625
2026-09-30 15:35:00+00:00,9.625,9.625,9.62,9.625
2026-09-30 15:36:00+00:00,9.625,9.625,9.62,9.625
2026-09-30 15:37:00+00:00,9.625,9.625,9.625,9.625
2026-09-30 15:38:00+00:00,9.635,9.635,9.625,9.625
2026-09-30 15:39:00+00:00,9.625,9.635,9.625,9.635
2026-09-30 15:40:00+00:00,9.625,9.625,9.625,9.625
2026-09-30 15:41:00+00:00,9.625,9.625,9.625,9.625
2026-09-30 15:42:00+00:00,9.625,9.625,9.62,9.625
2026-09-30 15:43:00+00:00,9.625,9.625,9.615,9.625
2026-09-30 15:44:00+00:00,9.615,9.625,9.615,9.625
2026-09-30 15:45:00+00:00,9.625,9.625,9.615,9.615
2026-09-30 15:46:00+00:00,9.625,9.625,9.625,9.625
2026-09-30 15:47:00+00:00,9.625,9.625,9.625,9.625
2026-09-30 15:48:00+00:00,9.625,9.625,9.625,9.625
2026-09-30 15:49:00+00:00,9.625,9.625,9.625,9.625
2026-09-30 15:50:00+00:00,9.625,9.625,9.625,9.625
2026-09-30 15:51:00+00:00,9.615,9.625,9.615,9.625
2026-09-30 15:52:00+00:00,9.615,9.615,9.615,9.615
2026-09-30 15:53:00+00:00,9.615,9.615,9.615,9.615
2026-09-30 15:54:00+00:00,9.615,9.615,9.61,9.615
2026-09-30 15:55:00+00:00,9.615,9.615,9.615,9.615
2026-09-30 15:56:00+00:00,9.615,9.615,9.615,9.615
2026-09-30 15:57:00+00:00,9.615,9.615,9.615,9.615
2026-09-30 15:58:00+00:00,9.625,9.625,9.615,9.62
2026-09-30 15:59:00+00:00,9.625,9.63,9.625,9.625
2026-09-30 16:00:00+00:00,9.645,9.645,9.625,9.625
2026-09-30 16:01:00+00:00,9.645,9.645,9.645,9.645
2026-09-30 16:02:00+00:00,9.645,9.645,9.645,9.645
2026-09-30 16:03:00+00:00,9.645,9.645,9.645,9.645
2026-09-30 16:04:00+00:00,9.645,9.645,9.645,9.645
2026-09-30 16:05:00+00:00,9.645,9.645,9.645,9.645
2026-09-30 16:06:00+00:00,9.645,9.645,9.645,9.645
2026-09-30 16:07:00+00:00,9.645,9.645,9.645,9.645
2026-09-30 16:08:00+00:00,9.645,9.645,9.64,9.645
2026-09-30 16:09:00+00:00,9.645,9.645,9.64,9.645
2026-09-30 16:10:00+00:00,9.645,9.645,9.645,9.645
2026-09-30 16:11:00+00:00,9.645,9.65,9.645,9.645
2026-09-30 16:12:00+00:00,9.645,9.645,9.64,9.645
2026-09-30 16:13:00+00:00,9.645,9.645,9.645,9.645
2026-09-30 16:14:00+00:00,9.645,9.65,9.645,9.645
2026-09-30 16:15:00+00:00,9.645,9.645,9.64,9.645
2026-09-30 16:16:00+00:00,9.645,9.645,9.645,9.645
2026-09-30 16:17:00+00:00,9.645,9.645,9.645,9.645
2026-09-30 16:18:00+00:00,9.645,9.645,9.64,9.645
2026-09-30 16:19:00+00:00,9.645,9.645,9.645,9.645
2026-09-30 16:20:00+00:00,9.645,9.645,9.645,9.645
2026-09-30 16:21:00+00:00,9.655,9.655,9.645,9.645
2026-09-30 16:22:00+00:00,9.655,9.655,9.655,9.655
2026-09-30 16:23:00+00:00,9.645,9.655,9.645,9.655
2026-09-30 16:24:00+00:00,9.645,9.645,9.64,9.645
2026-09-30 16:25:00+00:00,9.635,9.645,9.635,9.64
2026-09-30 16:26:00+00:00,9.635,9.635,9.635,9.635
2026-09-30 16:27:00+00:00,9.635,9.635,9.635,9.635
2026-09-30 16:28:00+00:00,9.635,9.635,9.635,9.635
2026-09-30 16:29:00+00:00,9.645,9.645,9.635,9.635
2026-09-30 16:30:00+00:00,9.635,9.645,9.635,9.645
2026-09-30 16:31:00+00:00,9.635,9.635,9.635,9.635
2026-09-30 16:32:00+00:00,9.645,9.645,9.635,9.635
2026-09-30 16:33:00+00:00,9.645,9.645,9.645,9.645
2026-09-30 16:34:00+00:00,9.655,9.655,9.645,9.645
2026-09-30 16:35:00+00:00,9.655,9.655,9.655,9.655
2026-09-30 16:36:00+00:00,9.655,9.655,9.655,9.655
2026-09-30 16:37:00+00:00,9.655,9.655,9.65,9.655
2026-09-30 16:38:00+00:00,9.655,9.655,9.65,9.655
2026-09-30 16:39:00+00:00,9.645,9.655,9.645,9.65
2026-09-30 16:40:00+00:00,9.645,9.645,9.645,9.645
2026-09-30 16:41:00+00:00,9.645,9.645,9.645,9.645
2026-09-30 16:42:00+00:00,9.645,9.645,9.645,9.645
2026-09-30 16:43:00+00:00,9.645,9.65,9.645,9.645
2026-09-30 16:44:00+00:00,9.655,9.655,9.645,9.645
2026-09-30 16:45:00+00:00,9.655,9.655,9.645,9.655
2026-09-30 16:46:00+00:00,9.655,9.655,9.655,9.655
2026-09-30 16:47:00+00:00,9.655,9.655,9.655,9.655
2026-09-30 16:48:00+00:00,9.655,9.655,9.65,9.655
2026-09-30 16:49:00+00:00,9.655,9.655,9.65,9.655
2026-09-30 16:50:00+00:00,9.655,9.655,9.655,9.655
2026-09-30 16:51:00+00:00,9.655,9.655,9.655,9.655
2026-09-30 16:52:00+00:00,9.645,9.655,9.64,9.655
2026-09-30 16:53:00+00:00,9.645,9.645,9.64,9.645
2026-09-30 16:54:00+00:00,9.645,9.645,9.64,9.64
2026-09-30 16:55:00+00:00,9.645,9.645,9.64,9.645
2026-09-30 16:56:00+00:00,9.655,9.655,9.64,9.645
2026-09-30 16:57:00+00:00,9.655,9.655,9.65,9.655
2026-09-30 16:58:00+00:00,9.655,9.655,9.65,9.655
2026-09-30 16:59:00+00:00,9.655,9.655,9.65,9.655
2026-09-30 17:00:00+00:00,9.655,9.655,9.65,9.655
2026-09-30 17:01:00+00:00,9.655,9.655,9.655,9.655
2026-09-30 17:02:00+00:00,9.645,9.655,9.645,9.655
2026-09-30 17:03:00+00:00,9.645,9.645,9.645,9.645
2026-09-30 17:04:00+00:00,9.645,9.65,9.645,9.645
2026-09-30 17:05:00+00:00,9.645,9.645,9.64,9.645
2026-09-30 17:06:00+00:00,9.645,9.645,9.645,9.645
2026-09-30 17:07:00+00:00,9.645,9.645,9.645,9.645
2026-09-30 17:08:00+00:00,9.645,9.645,9.645,9.645
2026-09-30 17:09:00+00:00,9.645,9.645,9.645,9.645
2026-09-30 17:10:00+00:00,9.645,9.645,9.64,9.645
2026-09-30 17:11:00+00:00,9.645,9.645,9.64,9.645
2026-09-30 17:12:00+00:00,9.645,9.645,9.645,9.645
2026-09-30 17:13:00+00:00,9.645,9.645,9.64,9.645
2026-09-30 17:14:00+00:00,9.645,9.645,9.64,9.645
2026-09-30 17:15:00+00:00,9.625,9.64,9.625,9.64
2026-09-30 17:16:00+00:00,9.615,9.625,9.615,9.625
2026-09-30 17:17:00+00:00,9.615,9.615,9.615,9.615
2026-09-30 17:18:00+00:00,9.615,9.615,9.615,9.615
2026-09-30 17:19:00+00:00,9.615,9.615,9.615,9.615
2026-09-30 17:20:00+00:00,9.615,9.615,9.615,9.615
2026-09-30 17:21:00+00:00,9.615,9.615,9.615,9.615
2026-09-30 17:22:00+00:00,9.615,9.615,9.615,9.615
2026-09-30 17:23:00+00:00,9.615,9.615,9.615,9.615
2026-09-30 17:24:00+00:00,9.615,9.615,9.615,9.615
2026-09-30 17:25:00+00:00,9.615,9.615,9.61,9.615
2026-09-30 17:26:00+00:00,9.595,9.615,9.595,9.615
2026-09-30 17:27:00+00:00,9.605,9.605,9.595,9.595
2026-09-30 17:28:00+00:00,9.605,9.605,9.605,9.605
2026-09-30 17:29:00+00:00,9.605,9.61,9.605,9.605
2026-09-30 17:30:00+00:00,9.605,9.61,9.605,9.605
2026-09-30 17:31:00+00:00,9.605,9.61,9.605,9.605
2026-09-30 17:32:00+00:00,9.615,9.615,9.605,9.605
2026-09-30 17:33:00+00:00,9.615,9.615,9.615,9.615
2026-09-30 17:34:00+00:00,9.615,9.615,9.615,9.615
2026-09-30 17:35:00+00:00,9.615,9.615,9.615,9.615
2026-09-30 17:36:00+00:00,9.615,9.615,9.615,9.615
2026-09-30 17:37:00+00:00,9.615,9.615,9.615,9.615
2026-09-30 17:38:00+00:00,9.615,9.615,9.615,9.615
2026-09-30 17:39:00+00:00,9.615,9.615,9.615,9.615
2026-09-30 17:40:00+00:00,9.615,9.625,9.615,9.615
2026-09-30 17:41:00+00:00,9.615,9.615,9.615,9.615
2026-09-30 17:42:00+00:00,9.625,9.625,9.615,9.615
2026-09-30 17:43:00+00:00,9.625,9.625,9.625,9.625
2026-09-30 17:44:00+00:00,9.625,9.625,9.625,9.625
2026-09-30 17:45:00+00:00,9.625,9.625,9.62,9.625
2026-09-30 17:46:00+00:00,9.625,9.63,9.625,9.625
2026-09-30 17:47:00+00:00,9.635,9.635,9.625,9.625
2026-09-30 17:48:00+00:00,9.625,9.635,9.625,9.635
2026-09-30 17:49:00+00:00,9.625,9.625,9.625,9.625
2026-09-30 17:50:00+00:00,9.625,9.625,9.625,9.625
2026-09-30 17:51:00+00:00,9.625,9.625,9.625,9.625
2026-09-30 17:52:00+00:00,9.625,9.625,9.62,9.62
2026-09-30 17:53:00+00:00,9.625,9.625,9.625,9.625
2026-09-30 17:54:00+00:00,9.625,9.625,9.625,9.625
2026-09-30 17:55:00+00:00,9.625,9.625,9.625,9.625
2026-09-30 17:56:00+00:00,9.625,9.625,9.625,9.625
2026-09-30 17:57:00+00:00,9.625,9.625,9.625,9.625
2026-09-30 17:58:00+00:00,9.625,9.625,9.62,9.625
2026-09-30 17:59:00+00:00,9.635,9.635,9.625,9.625
2026-09-30 18:00:00+00:00,9.635,9.635,9.635,9.635
2026-09-30 18:01:00+00:00,9.635,9.635,9.63,9.635
2026-09-30 18:02:00+00:00,9.635,9.635,9.63,9.635
2026-09-30 18:03:00+00:00,9.635,9.635,9.63,9.635
2026-09-30 18:04:00+00:00,9.635,9.635,9.63,9.635
2026-09-30 18:05:00+00:00,9.635,9.635,9.63,9.63
2026-09-30 18:06:00+00:00,9.635,9.635,9.63,9.635
2026-09-30 18:07:00+00:00,9.635,9.635,9.63,9.635
2026-09-30 18:08:00+00:00,9.635,9.635,9.63,9.635
2026-09-30 18:09:00+00:00,9.625,9.635,9.625,9.635
2026-09-30 18:10:00+00:00,9.625,9.625,9.625,9.625
2026-09-30 18:11:00+00:00,9.625,9.625,9.625,9.625
2026-09-30 18:12:00+00:00,9.625,9.63,9.625,9.625
2026-09-30 18:13:00+00:00,9.625,9.625,9.625,9.625
2026-09-30 18:14:00+00:00,9.615,9.625,9.615,9.625
2026-09-30 18:15:00+00:00,9.615,9.615,9.615,9.615
2026-09-30 18:16:00+00:00,9.615,9.615,9.615,9.615
2026-09-30 18:17:00+00:00,9.615,9.615,9.61,9.615
2026-09-30 18:18:00+00:00,9.615,9.615,9.61,9.615
2026-09-30 18:19:00+00:00,9.615,9.615,9.615,9.615
2026-09-30 18:20:00+00:00,9.615,9.615,9.615,9.615
2026-09-30 18:21:00+00:00,9.615,9.615,9.615,9.615
2026-09-30 18:22:00+00:00,9.615,9.615,9.615,9.615
2026-09-30 18:23:00+00:00,9.615,9.615,9.61,9.615
2026-09-30 18:24:00+00:00,9.615,9.615,9.61,9.615
2026-09-30 18:25:00+00:00,9.615,9.615,9.61,9.615
2026-09-30 18:26:00+00:00,9.615,9.615,9.61,9.615
2026-09-30 18:27:00+00:00,9.615,9.615,9.61,9.615
2026-09-30 18:28:00+00:00,9.615,9.615,9.61,9.615
2026-09-30 18:29:00+00:00,9.615,9.615,9.61,9.615
2026-09-30 18:30:00+00:00,9.615,9.615,9.61,9.615
2026-09-30 18:31:00+00:00,9.615,9.615,9.61,9.615
2026-09-30 18:32:00+00:00,9.605,9.615,9.605,9.61
2026-09-30 18:33:00+00:00,9.605,9.605,9.6,9.605
2026-09-30 18:34:00+00:00,9.605,9.605,9.6,9.605
2026-09-30 18:35:00+00:00,9.605,9.605,9.6,9.605
2026-09-30 18:36:00+00:00,9.605,9.61,9.6,9.605
2026-09-30 18:37:00+00:00,9.605,9.605,9.605,9.605
2026-09-30 18:38:00+00:00,9.605,9.605,9.605,9.605
2026-09-30 18:39:00+00:00,9.615,9.615,9.605,9.605
2026-09-30 18:40:00+00:00,9.615,9.615,9.615,9.615
2026-09-30 18:41:00+00:00,9.615,9.615,9.61,9.615
2026-09-30 18:42:00+00:00,9.615,9.615,9.61,9.615
2026-09-30 18:43:00+00:00,9.615,9.615,9.615,9.615
2026-09-30 18:44:00+00:00,9.615,9.615,9.615,9.615
2026-09-30 18:45:00+00:00,9.615,9.615,9.615,9.615
2026-09-30 18:46:00+00:00,9.615,9.615,9.615,9.615
2026-09-30 18:47:00+00:00,9.615,9.615,9.61,9.615
2026-09-30 18:48:00+00:00,9.615,9.615,9.61,9.615
2026-09-30 18:49:00+00:00,9.615,9.615,9.61,9.615
2026-09-30 18:50:00+00:00,9.615,9.615,9.61,9.615
2026-09-30 18:51:00+00:00,9.615,9.615,9.61,9.615
2026-09-30 18:52:00+00:00,9.615,9.615,9.61,9.615
2026-09-30 18:53:00+00:00,9.615,9.615,9.61,9.615
2026-09-30 18:54:00+00:00,9.615,9.615,9.61,9.615
2026-09-30 18:55:00+00:00,9.615,9.615,9.61,9.615
2026-09-30 18:56:00+00:00,9.615,9.615,9.61,9.615
2026-09-30 18:57:00+00:00,9.615,9.615,9.61,9.615
2026-09-30 18:58:00+00:00,9.615,9.615,9.61,9.615
2026-09-30 18:59:00+00:00,9.615,9.615,9.61,9.615
2026-09-30 19:00:00+00:00,9.605,9.615,9.605,9.615
2026-09-30 19:01:00+00:00,9.605,9.605,9.605,9.605
2026-09-30 19:02:00+00:00,9.615,9.615,9.605,9.605
2026-09-30 19:03:00+00:00,9.615,9.615,9.615,9.615
2026-09-30 19:04:00+00:00,9.605,9.615,9.605,9.615
2026-09-30 19:05:00+00:00,9.605,9.605,9.605,9.605
2026-09-30 19:06:00+00:00,9.605,9.605,9.605,9.605
2026-09-30 19:07:00+00:00,9.615,9.615,9.605,9.605
2026-09-30 19:08:00+00:00,9.615,9.615,9.615,9.615
2026-09-30 19:09:00+00:00,9.615,9.615,9.615,9.615
2026-09-30 19:10:00+00:00,9.615,9.615,9.615,9.615
2026-09-30 19:11:00+00:00,9.615,9.615,9.615,9.615
2026-09-30 19:12:00+00:00,9.615,9.615,9.615,9.615
2026-09-30 19:13:00+00:00,9.615,9.615,9.615,9.615
2026-09-30 19:14:00+00:00,9.615,9.615,9.615,9.615
2026-09-30 19:15:00+00:00,9.615,9.615,9.615,9.615
2026-09-30 19:16:00+00:00,9.625,9.625,9.615,9.615
2026-09-30 19:17:00+00:00,9.625,9.63,9.625,9.625
2026-09-30 19:18:00+00:00,9.625,9.625,9.625,9.625
2026-09-30 19:19:00+00:00,9.625,9.625,9.625,9.625
2026-09-30 19:20:00+00:00,9.625,9.625,9.625,9.625
2026-09-30 19:21:00+00:00,9.625,9.625,9.625,9.625
2026-09-30 19:22:00+00:00,9.625,9.625,9.625,9.625
2026-09-30 19:23:00+00:00,9.625,9.625,9.62,9.625
2026-09-30 19:24:00+00:00,9.625,9.625,9.62,9.625
2026-09-30 19:25:00+00:00,9.625,9.625,9.625,9.625
2026-09-30 19:26:00+00:00,9.625,9.625,9.62,9.625
2026-09-30 19:27:00+00:00,9.625,9.625,9.625,9.625
2026-09-30 19:28:00+00:00,9.625,9.625,9.62,9.625
2026-09-30 19:29:00+00:00,9.615,9.625,9.61,9.62
2026-09-30 19:30:00+00:00,9.615,9.62,9.615,9.615
2026-09-30 19:31:00+00:00,9.615,9.615,9.615,9.615
2026-09-30 19:32:00+00:00,9.615,9.615,9.615,9.615
2026-09-30 19:33:00+00:00,9.615,9.615,9.615,9.615
2026-09-30 19:34:00+00:00,9.615,9.615,9.615,9.615
2026-09-30 19:35:00+00:00,9.615,9.615,9.615,9.615
2026-09-30 19:36:00+00:00,9.615,9.615,9.615,9.615
2026-09-30 19:37:00+00:00,9.615,9.615,9.615,9.615
2026-09-30 19:38:00+00:00,9.615,9.615,9.615,9.615
2026-09-30 19:39:00+00:00,9.615,9.615,9.615,9.615
2026-09-30 19:40:00+00:00,9.615,9.615,9.615,9.615
2026-09-30 19:41:00+00:00,9.605,9.615,9.605,9.615
2026-09-30 19:42:00+00:00,9.605,9.605,9.605,9.605
2026-09-30 19:43:00+00:00,9.595,9.605,9.595,9.605
2026-09-30 19:44:00+00:00,9.595,9.595,9.59,9.595
2026-09-30 19:45:00+00:00,9.595,9.595,9.595,9.595
2026-09-30 19:46:00+00:00,9.595,9.595,9.595,9.595
2026-09-30 19:47:00+00:00,9.595,9.595,9.595,9.595
2026-09-30 19:48:00+00:00,9.595,9.595,9.595,9.595
2026-09-30 19:49:00+00:00,9.595,9.595,9.59,9.595
2026-09-30 19:50:00+00:00,9.585,9.595,9.585,9.595
2026-09-30 19:51:00+00:00,9.575,9.585,9.57,9.585
2026-09-30 19:52:00+00:00,9.575,9.575,9.575,9.575
2026-09-30 19:53:00+00:00,9.585,9.585,9.575,9.575
2026-09-30 19:54:00+00:00,9.575,9.585,9.575,9.585
2026-09-30 19:55:00+00:00,9.565,9.575,9.56,9.575
2026-09-30 19:56:00+00:00,9.565,9.57,9.565,9.565
2026-09-30 19:57:00+00:00,9.575,9.575,9.565,9.565
2026-09-30 19:58:00+00:00,9.565,9.575,9.565,9.575
2026-09-30 19:59:00+00:00,9.565,9.575,9.56,9.565
2026-10-01 13:30:00+00:00,9.65,9.655,9.6,9.6
2026-10-01 13:31:00+00:00,9.64,9.66,9.625,9.66
2026-10-01 13:32:00+00:00,9.645,9.65,9.625,9.64
2026-10-01 13:33:00+00:00,9.655,9.655,9.645,9.645
2026-10-01 13:34:00+00:00,9.645,9.665,9.645,9.655
2026-10-01 13:35:00+00:00,9.655,9.655,9.635,9.645
2026-10-01 13:36:00+00:00,9.655,9.66,9.655,9.655
2026-10-01 13:37:00+00:00,9.645,9.655,9.645,9.655
2026-10-01 13:38:00+00:00,9.635,9.645,9.63,9.645
2026-10-01 13:39:00+00:00,9.625,9.635,9.625,9.635
2026-10-01 13:40:00+00:00,9.605,9.625,9.605,9.625
2026-10-01 13:41:00+00:00,9.615,9.615,9.605,9.605
2026-10-01 13:42:00+00:00,9.605,9.615,9.605,9.615
2026-10-01 13:43:00+00:00,9.605,9.615,9.605,9.605
2026-10-01 13:44:00+00:00,9.605,9.605,9.6,9.605
2026-10-01 13:45:00+00:00,9.615,9.615,9.595,9.605
2026-10-01 13:46:00+00:00,9.615,9.615,9.61,9.615
2026-10-01 13:47:00+00:00,9.605,9.615,9.595,9.615
2026-10-01 13:48:00+00:00,9.595,9.605,9.595,9.605
2026-10-01 13:49:00+00:00,9.595,9.595,9.59,9.595
2026-10-01 13:50:00+00:00,9.595,9.595,9.585,9.595
2026-10-01 13:51:00+00:00,9.595,9.595,9.595,9.595
2026-10-01 13:52:00+00:00,9.615,9.615,9.595,9.595
2026-10-01 13:53:00+00:00,9.605,9.615,9.6,9.615
2026-10-01 13:54:00+00:00,9.595,9.605,9.595,9.605
2026-10-01 13:55:00+00:00,9.595,9.595,9.59,9.595
2026-10-01 13:56:00+00:00,9.585,9.59,9.585,9.59
2026-10-01 13:57:00+00:00,9.595,9.6,9.585,9.585
2026-10-01 13:58:00+00:00,9.595,9.6,9.59,9.595
2026-10-01 13:59:00+00:00,9.595,9.595,9.595,9.595
2026-10-01 14:00:00+00:00,9.585,9.595,9.58,9.595
2026-10-01 14:01:00+00:00,9.555,9.585,9.555,9.585
2026-10-01 14:02:00+00:00,9.565,9.565,9.55,9.555
2026-10-01 14:03:00+00:00,9.555,9.565,9.555,9.565
2026-10-01 14:04:00+00:00,9.555,9.565,9.555,9.555
2026-10-01 14:05:00+00:00,9.555,9.555,9.555,9.555
2026-10-01 14:06:00+00:00,9.555,9.555,9.545,9.555
2026-10-01 14:07:00+00:00,9.565,9.565,9.555,9.555
2026-10-01 14:08:00+00:00,9.575,9.585,9.565,9.565
2026-10-01 14:09:00+00:00,9.585,9.585,9.575,9.575
2026-10-01 14:10:00+00:00,9.585,9.585,9.575,9.585
2026-10-01 14:11:00+00:00,9.575,9.585,9.575,9.585
2026-10-01 14:12:00+00:00,9.575,9.575,9.565,9.575
2026-10-01 14:13:00+00:00,9.575,9.575,9.57,9.575
2026-10-01 14:14:00+00:00,9.575,9.575,9.575,9.575
2026-10-01 14:15:00+00:00,9.585,9.585,9.575,9.575
2026-10-01 14:16:00+00:00,9.585,9.585,9.58,9.585
2026-10-01 14:17:00+00:00,9.575,9.585,9.575,9.585
2026-10-01 14:18:00+00:00,9.565,9.575,9.56,9.575
2026-10-01 14:19:00+00:00,9.555,9.565,9.55,9.565
2026-10-01 14:20:00+00:00,9.56,9.565,9.555,9.555
2026-10-01 14:21:00+00:00,9.555,9.565,9.555,9.56
2026-10-01 14:22:00+00:00,9.54,9.555,9.54,9.555
2026-10-01 14:23:00+00:00,9.535,9.54,9.535,9.54
2026-10-01 14:24:00+00:00,9.535,9.535,9.53,9.535
2026-10-01 14:25:00+00:00,9.545,9.545,9.535,9.535
2026-10-01 14:26:00+00:00,9.545,9.545,9.545,9.545
2026-10-01 14:27:00+00:00,9.545,9.55,9.545,9.545
2026-10-01 14:28:00+00:00,9.535,9.545,9.53,9.545
2026-10-01 14:29:00+00:00,9.535,9.535,9.53,9.535
2026-10-01 14:30:00+00:00,9.525,9.535,9.52,9.53
2026-10-01 14:31:00+00:00,9.525,9.525,9.525,9.525
2026-10-01 14:32:00+00:00,9.535,9.535,9.525,9.525
2026-10-01 14:33:00+00:00,9.535,9.535,9.535,9.535
2026-10-01 14:34:00+00:00,9.535,9.535,9.525,9.535
2026-10-01 14:35:00+00:00,9.535,9.54,9.535,9.535
2026-10-01 14:36:00+00:00,9.555,9.555,9.535,9.535
2026-10-01 14:37:00+00:00,9.555,9.565,9.555,9.555
2026-10-01 14:38:00+00:00,9.555,9.555,9.555,9.555
2026-10-01 14:39:00+00:00,9.555,9.555,9.555,9.555
2026-10-01 14:40:00+00:00,9.545,9.555,9.545,9.555
2026-10-01 14:41:00+00:00,9.545,9.545,9.545,9.545
2026-10-01 14:42:00+00:00,9.545,9.545,9.545,9.545
2026-10-01 14:43:00+00:00,9.555,9.555,9.545,9.545
2026-10-01 14:44:00+00:00,9.545,9.555,9.545,9.555
2026-10-01 14:45:00+00:00,9.555,9.555,9.545,9.545
2026-10-01 14:46:00+00:00,9.545,9.555,9.545,9.555
2026-10-01 14:47:00+00:00,9.535,9.545,9.535,9.545
2026-10-01 14:48:00+00:00,9.535,9.535,9.535,9.535
2026-10-01 14:49:00+00:00,9.535,9.535,9.535,9.535
2026-10-01 14:50:00+00:00,9.525,9.535,9.525,9.535
2026-10-01 14:51:00+00:00,9.525,9.525,9.52,9.525
2026-10-01 14:52:00+00:00,9.515,9.525,9.515,9.525
2026-10-01 14:53:00+00:00,9.515,9.525,9.515,9.515
2026-10-01 14:54:00+00:00,9.515,9.515,9.515,9.515
2026-10-01 14:55:00+00:00,9.525,9.525,9.515,9.515
2026-10-01 14:56:00+00:00,9.525,9.53,9.525,9.525
2026-10-01 14:57:00+00:00,9.535,9.535,9.525,9.525
2026-10-01 14:58:00+00:00,9.515,9.535,9.515,9.535
2026-10-01 14:59:00+00:00,9.515,9.515,9.515,9.515
2026-10-01 15:00:00+00:00,9.515,9.515,9.515,9.515
2026-10-01 15:01:00+00:00,9.515,9.515,9.51,9.515
2026-10-01 15:02:00+00:00,9.515,9.515,9.51,9.515
2026-10-01 15:03:00+00:00,9.515,9.52,9.515,9.515
2026-10-01 15:04:00+00:00,9.525,9.525,9.515,9.515
2026-10-01 15:05:00+00:00,9.515,9.525,9.515,9.525
2026-10-01 15:06:00+00:00,9.515,9.515,9.515,9.515
2026-10-01 15:07:00+00:00,9.515,9.525,9.515,9.515
2026-10-01 15:08:00+00:00,9.515,9.515,9.515,9.515
2026-10-01 15:09:00+00:00,9.515,9.515,9.51,9.515
2026-10-01 15:10:00+00:00,9.495,9.515,9.49,9.515
2026-10-01 15:11:00+00:00,9.485,9.495,9.485,9.495
2026-10-01 15:12:00+00:00,9.485,9.485,9.48,9.485
2026-10-01 15:13:00+00:00,9.495,9.495,9.485,9.485
2026-10-01 15:14:00+00:00,9.495,9.495,9.495,9.495
2026-10-01 15:15:00+00:00,9.495,9.495,9.495,9.495
2026-10-01 15:16:00+00:00,9.495,9.495,9.495,9.495
2026-10-01 15:17:00+00:00,9.495,9.495,9.495,9.495
2026-10-01 15:18:00+00:00,9.495,9.505,9.495,9.495
2026-10-01 15:19:00+00:00,9.495,9.495,9.495,9.495
2026-10-01 15:20:00+00:00,9.5,9.505,9.495,9.495
2026-10-01 15:21:00+00:00,9.505,9.505,9.495,9.495
2026-10-01 15:22:00+00:00,9.505,9.505,9.505,9.505
2026-10-01 15:23:00+00:00,9.505,9.505,9.505,9.505
2026-10-01 15:24:00+00:00,9.495,9.505,9.495,9.505
2026-10-01 15:25:00+00:00,9.495,9.495,9.49,9.495
2026-10-01 15:26:00+00:00,9.495,9.495,9.49,9.495
2026-10-01 15:27:00+00:00,9.495,9.5,9.495,9.495
2026-10-01 15:28:00+00:00,9.485,9.495,9.485,9.495
2026-10-01 15:29:00+00:00,9.475,9.485,9.475,9.485
2026-10-01 15:30:00+00:00,9.475,9.475,9.47,9.475
2026-10-01 15:31:00+00:00,9.465,9.475,9.465,9.475
2026-10-01 15:32:00+00:00,9.465,9.47,9.465,9.47
2026-10-01 15:33:00+00:00,9.465,9.47,9.465,9.465
2026-10-01 15:34:00+00:00,9.465,9.47,9.465,9.465
2026-10-01 15:35:00+00:00,9.465,9.47,9.465,9.465
2026-10-01 15:36:00+00:00,9.465,9.47,9.465,9.465
2026-10-01 15:37:00+00:00,9.475,9.475,9.465,9.465
2026-10-01 15:38:00+00:00,9.475,9.48,9.475,9.475
2026-10-01 15:39:00+00:00,9.495,9.495,9.475,9.475
2026-10-01 15:40:00+00:00,9.495,9.495,9.495,9.495
2026-10-01 15:41:00+00:00,9.485,9.495,9.485,9.495
2026-10-01 15:42:00+00:00,9.495,9.495,9.485,9.485
2026-10-01 15:43:00+00:00,9.495,9.495,9.49,9.495
2026-10-01 15:44:00+00:00,9.485,9.495,9.485,9.49
2026-10-01 15:45:00+00:00,9.485,9.49,9.485,9.485
2026-10-01 15:46:00+00:00,9.485,9.49,9.485,9.49
2026-10-01 15:47:00+00:00,9.485,9.485,9.485,9.485
2026-10-01 15:48:00+00:00,9.495,9.495,9.485,9.485
2026-10-01 15:49:00+00:00,9.485,9.495,9.485,9.495
2026-10-01 15:50:00+00:00,9.485,9.485,9.485,9.485
2026-10-01 15:51:00+00:00,9.475,9.485,9.475,9.485
2026-10-01 15:52:00+00:00,9.485,9.485,9.475,9.475
2026-10-01 15:53:00+00:00,9.485,9.485,9.485,9.485
2026-10-01 15:54:00+00:00,9.485,9.49,9.485,9.485
2026-10-01 15:55:00+00:00,9.485,9.49,9.485,9.485
2026-10-01 15:56:00+00:00,9.495,9.495,9.485,9.485
2026-10-01 15:57:00+00:00,9.485,9.495,9.485,9.495
2026-10-01 15:58:00+00:00,9.485,9.485,9.485,9.485
2026-10-01 15:59:00+00:00,9.485,9.485,9.485,9.485
2026-10-01 16:00:00+00:00,9.485,9.485,9.485,9.485
2026-10-01 16:01:00+00:00,9.485,9.485,9.485,9.485
2026-10-01 16:02:00+00:00,9.495,9.495,9.485,9.485
2026-10-01 16:03:00+00:00,9.495,9.495,9.495,9.495
2026-10-01 16:04:00+00:00,9.495,9.505,9.495,9.495
2026-10-01 16:05:00+00:00,9.495,9.495,9.495,9.495
2026-10-01 16:06:00+00:00,9.495,9.495,9.49,9.495
2026-10-01 16:07:00+00:00,9.485,9.495,9.485,9.495
2026-10-01 16:08:00+00:00,9.485,9.485,9.485,9.485
2026-10-01 16:09:00+00:00,9.485,9.485,9.485,9.485
2026-10-01 16:10:00+00:00,9.495,9.495,9.485,9.485
2026-10-01 16:11:00+00:00,9.485,9.495,9.485,9.495
2026-10-01 16:12:00+00:00,9.485,9.485,9.485,9.485
2026-10-01 16:13:00+00:00,9.485,9.485,9.485,9.485
2026-10-01 16:14:00+00:00,9.485,9.485,9.48,9.485
2026-10-01 16:15:00+00:00,9.485,9.485,9.48,9.485
2026-10-01 16:16:00+00:00,9.475,9.485,9.475,9.485
2026-10-01 16:17:00+00:00,9.495,9.495,9.475,9.475
2026-10-01 16:18:00+00:00,9.495,9.495,9.495,9.495
2026-10-01 16:19:00+00:00,9.495,9.495,9.495,9.495
2026-10-01 16:20:00+00:00,9.495,9.495,9.495,9.495
2026-10-01 16:21:00+00:00,9.495,9.495,9.495,9.495
2026-10-01 16:22:00+00:00,9.495,9.5,9.495,9.495
2026-10-01 16:23:00+00:00,9.495,9.495,9.495,9.495
2026-10-01 16:24:00+00:00,9.495,9.495,9.495,9.495
2026-10-01 16:25:00+00:00,9.495,9.495,9.495,9.495
2026-10-01 16:26:00+00:00,9.495,9.495,9.49,9.495
2026-10-01 16:27:00+00:00,9.495,9.495,9.49,9.495
2026-10-01 16:28:00+00:00,9.495,9.495,9.49,9.49
2026-10-01 16:29:00+00:00,9.495,9.495,9.49,9.495
2026-10-01 16:30:00+00:00,9.495,9.495,9.49,9.495
2026-10-01 16:31:00+00:00,9.495,9.495,9.495,9.495
2026-10-01 16:32:00+00:00,9.495,9.495,9.495,9.495
2026-10-01 16:33:00+00:00,9.495,9.495,9.495,9.495
2026-10-01 16:34:00+00:00,9.495,9.495,9.495,9.495
2026-10-01 16:35:00+00:00,9.495,9.495,9.49,9.495
2026-10-01 16:36:00+00:00,9.495,9.495,9.495,9.495
2026-10-01 16:37:00+00:00,9.495,9.495,9.495,9.495
2026-10-01 16:38:00+00:00,9.495,9.495,9.49,9.495
2026-10-01 16:39:00+00:00,9.485,9.5,9.485,9.495
2026-10-01 16:40:00+00:00,9.485,9.485,9.485,9.485
2026-10-01 16:41:00+00:00,9.485,9.485,9.48,9.485
2026-10-01 16:42:00+00:00,9.485,9.485,9.48,9.485
2026-10-01 16:43:00+00:00,9.485,9.485,9.485,9.485
2026-10-01 16:44:00+00:00,9.485,9.485,9.485,9.485
2026-10-01 16:45:00+00:00,9.485,9.485,9.485,9.485
2026-10-01 16:46:00+00:00,9.485,9.485,9.485,9.485
2026-10-01 16:47:00+00:00,9.485,9.485,9.485,9.485
2026-10-01 16:48:00+00:00,9.485,9.485,9.485,9.485
2026-10-01 16:49:00+00:00,9.485,9.485,9.485,9.485
2026-10-01 16:50:00+00:00,9.485,9.485,9.48,9.485
2026-10-01 16:51:00+00:00,9.475,9.485,9.475,9.485
2026-10-01 16:52:00+00:00,9.475,9.475,9.475,9.475
2026-10-01 16:53:00+00:00,9.475,9.475,9.475,9.475
2026-10-01 16:54:00+00:00,9.475,9.475,9.47,9.475
2026-10-01 16:55:00+00:00,9.475,9.475,9.47,9.475
2026-10-01 16:56:00+00:00,9.465,9.475,9.465,9.475
2026-10-01 16:57:00+00:00,9.475,9.475,9.465,9.465
2026-10-01 16:58:00+00:00,9.475,9.475,9.475,9.475
2026-10-01 16:59:00+00:00,9.475,9.475,9.475,9.475
2026-10-01 17:00:00+00:00,9.475,9.475,9.475,9.475
2026-10-01 17:01:00+00:00,9.475,9.475,9.47,9.475
2026-10-01 17:02:00+00:00,9.485,9.49,9.475,9.475
2026-10-01 17:03:00+00:00,9.485,9.485,9.485,9.485
2026-10-01 17:04:00+00:00,9.485,9.485,9.485,9.485
2026-10-01 17:05:00+00:00,9.485,9.485,9.485,9.485
2026-10-01 17:06:00+00:00,9.485,9.485,9.485,9.485
2026-10-01 17:07:00+00:00,9.485,9.485,9.485,9.485
2026-10-01 17:08:00+00:00,9.485,9.485,9.485,9.485
2026-10-01 17:09:00+00:00,9.485,9.485,9.48,9.485
2026-10-01 17:10:00+00:00,9.485,9.485,9.48,9.485
2026-10-01 17:11:00+00:00,9.485,9.485,9.485,9.485
2026-10-01 17:12:00+00:00,9.485,9.485,9.485,9.485
2026-10-01 17:13:00+00:00,9.485,9.485,9.485,9.485
2026-10-01 17:14:00+00:00,9.485,9.485,9.485,9.485
2026-10-01 17:15:00+00:00,9.485,9.485,9.485,9.485
2026-10-01 17:16:00+00:00,9.485,9.49,9.485,9.485
2026-10-01 17:17:00+00:00,9.485,9.49,9.485,9.485
2026-10-01 17:18:00+00:00,9.495,9.495,9.485,9.485
2026-10-01 17:19:00+00:00,9.495,9.5,9.495,9.495
2026-10-01 17:20:00+00:00,9.515,9.515,9.495,9.495
2026-10-01 17:21:00+00:00,9.515,9.515,9.51,9.515
2026-10-01 17:22:00+00:00,9.515,9.515,9.515,9.515
2026-10-01 17:23:00+00:00,9.515,9.515,9.51,9.515
2026-10-01 17:24:00+00:00,9.515,9.515,9.515,9.515
2026-10-01 17:25:00+00:00,9.525,9.525,9.515,9.515
2026-10-01 17:26:00+00:00,9.525,9.53,9.525,9.525
2026-10-01 17:27:00+00:00,9.515,9.525,9.515,9.525
2026-10-01 17:28:00+00:00,9.525,9.525,9.515,9.515
2026-10-01 17:29:00+00:00,9.515,9.525,9.515,9.525
2026-10-01 17:30:00+00:00,9.545,9.545,9.515,9.515
2026-10-01 17:31:00+00:00,9.545,9.545,9.545,9.545
2026-10-01 17:32:00+00:00,9.535,9.545,9.535,9.545
2026-10-01 17:33:00+00:00,9.535,9.535,9.535,9.535
2026-10-01 17:34:00+00:00,9.535,9.535,9.535,9.535
2026-10-01 17:35:00+00:00,9.525,9.535,9.525,9.535
2026-10-01 17:36:00+00:00,9.525,9.525,9.525,9.525
2026-10-01 17:37:00+00:00,9.525,9.525,9.525,9.525
2026-10-01 17:38:00+00:00,9.525,9.525,9.525,9.525
2026-10-01 17:39:00+00:00,9.525,9.525,9.52,9.525
2026-10-01 17:40:00+00:00,9.525,9.525,9.515,9.525
2026-10-01 17:41:00+00:00,9.525,9.525,9.525,9.525
2026-10-01 17:42:00+00:00,9.525,9.525,9.525,9.525
2026-10-01 17:43:00+00:00,9.525,9.53,9.525,9.525
2026-10-01 17:44:00+00:00,9.525,9.53,9.525,9.525
2026-10-01 17:45:00+00:00,9.535,9.535,9.525,9.525
2026-10-01 17:46:00+00:00,9.535,9.535,9.535,9.535
2026-10-01 17:47:00+00:00,9.535,9.535,9.535,9.535
2026-10-01 17:48:00+00:00,9.525,9.535,9.525,9.535
2026-10-01 17:49:00+00:00,9.525,9.525,9.525,9.525
2026-10-01 17:50:00+00:00,9.525,9.525,9.52,9.525
2026-10-01 17:51:00+00:00,9.515,9.525,9.515,9.52
2026-10-01 17:52:00+00:00,9.515,9.515,9.515,9.515
2026-10-01 17:53:00+00:00,9.515,9.515,9.515,9.515
2026-10-01 17:54:00+00:00,9.505,9.515,9.505,9.515
2026-10-01 17:55:00+00:00,9.495,9.505,9.495,9.505
2026-10-01 17:56:00+00:00,9.485,9.5,9.485,9.495
2026-10-01 17:57:00+00:00,9.485,9.49,9.485,9.485
2026-10-01 17:58:00+00:00,9.485,9.49,9.485,9.485
2026-10-01 17:59:00+00:00,9.5,9.5,9.485,9.485
2026-10-01 18:00:00+00:00,9.495,9.5,9.495,9.495
2026-10-01 18:01:00+00:00,9.495,9.495,9.495,9.495
2026-10-01 18:02:00+00:00,9.495,9.5,9.495,9.495
2026-10-01 18:03:00+00:00,9.495,9.5,9.495,9.495
2026-10-01 18:04:00+00:00,9.495,9.495,9.495,9.495
2026-10-01 18:05:00+00:00,9.495,9.495,9.49,9.495
2026-10-01 18:06:00+00:00,9.485,9.495,9.48,9.495
2026-10-01 18:07:00+00:00,9.485,9.485,9.48,9.485
2026-10-01 18:08:00+00:00,9.485,9.485,9.485,9.485
2026-10-01 18:09:00+00:00,9.485,9.49,9.485,9.485
2026-10-01 18:10:00+00:00,9.485,9.495,9.485,9.485
2026-10-01 18:11:00+00:00,9.485,9.485,9.485,9.485
2026-10-01 18:12:00+00:00,9.495,9.495,9.485,9.485
2026-10-01 18:13:00+00:00,9.495,9.495,9.495,9.495
2026-10-01 18:14:00+00:00,9.495,9.5,9.495,9.495
2026-10-01 18:15:00+00:00,9.495,9.5,9.495,9.495
2026-10-01 18:16:00+00:00,9.505,9.505,9.495,9.495
2026-10-01 18:17:00+00:00,9.505,9.505,9.505,9.505
2026-10-01 18:18:00+00:00,9.505,9.505,9.505,9.505
2026-10-01 18:19:00+00:00,9.505,9.505,9.505,9.505
2026-10-01 18:20:00+00:00,9.505,9.505,9.505,9.505
2026-10-01 18:21:00+00:00,9.505,9.505,9.5,9.505
2026-10-01 18:22:00+00:00,9.495,9.505,9.495,9.505
2026-10-01 18:23:00+00:00,9.505,9.505,9.495,9.495
2026-10-01 18:24:00+00:00,9.505,9.505,9.505,9.505
2026-10-01 18:25:00+00:00,9.505,9.505,9.505,9.505
2026-10-01 18:26:00+00:00,9.495,9.505,9.495,9.505
2026-10-01 18:27:00+00:00,9.495,9.5,9.495,9.495
2026-10-01 18:28:00+00:00,9.495,9.5,9.495,9.495
2026-10-01 18:29:00+00:00,9.495,9.495,9.495,9.495
2026-10-01 18:30:00+00:00,9.495,9.495,9.49,9.495
2026-10-01 18:31:00+00:00,9.485,9.495,9.485,9.495
2026-10-01 18:32:00+00:00,9.485,9.485,9.485,9.485
2026-10-01 18:33:00+00:00,9.485,9.485,9.485,9.485
2026-10-01 18:34:00+00:00,9.495,9.5,9.485,9.485
2026-10-01 18:35:00+00:00,9.495,9.495,9.495,9.495
2026-10-01 18:36:00+00:00,9.495,9.495,9.495,9.495
2026-10-01 18:37:00+00:00,9.495,9.495,9.495,9.495
2026-10-01 18:38:00+00:00,9.495,9.495,9.495,9.495
2026-10-01 18:39:00+00:00,9.495,9.495,9.495,9.495
2026-10-01 18:40:00+00:00,9.495,9.495,9.495,9.495
2026-10-01 18:41:00+00:00,9.495,9.5,9.495,9.495
2026-10-01 18:42:00+00:00,9.495,9.5,9.495,9.495
2026-10-01 18:43:00+00:00,9.495,9.5,9.495,9.495
2026-10-01 18:44:00+00:00,9.495,9.5,9.495,9.495
2026-10-01 18:45:00+00:00,9.495,9.495,9.495,9.495
2026-10-01 18:46:00+00:00,9.495,9.5,9.495,9.495
2026-10-01 18:47:00+00:00,9.495,9.495,9.495,9.495
2026-10-01 18:48:00+00:00,9.495,9.495,9.495,9.495
2026-10-01 18:49:00+00:00,9.495,9.495,9.495,9.495
2026-10-01 18:50:00+00:00,9.495,9.495,9.49,9.495
2026-10-01 18:51:00+00:00,9.485,9.495,9.485,9.495
2026-10-01 18:52:00+00:00,9.495,9.495,9.485,9.485
2026-10-01 18:53:00+00:00,9.495,9.495,9.495,9.495
2026-10-01 18:54:00+00:00,9.495,9.495,9.495,9.495
2026-10-01 18:55:00+00:00,9.495,9.495,9.49,9.495
2026-10-01 18:56:00+00:00,9.495,9.495,9.49,9.495
2026-10-01 18:57:00+00:00,9.485,9.495,9.485,9.495
2026-10-01 18:58:00+00:00,9.485,9.485,9.485,9.485
2026-10-01 18:59:00+00:00,9.485,9.485,9.485,9.485
2026-10-01 19:00:00+00:00,9.485,9.485,9.485,9.485
2026-10-01 19:01:00+00:00,9.485,9.485,9.485,9.485
2026-10-01 19:02:00+00:00,9.485,9.485,9.485,9.485
2026-10-01 19:03:00+00:00,9.485,9.485,9.485,9.485
2026-10-01 19:04:00+00:00,9.485,9.485,9.485,9.485
2026-10-01 19:05:00+00:00,9.485,9.485,9.485,9.485
2026-10-01 19:06:00+00:00,9.485,9.485,9.485,9.485
2026-10-01 19:07:00+00:00,9.485,9.485,9.485,9.485
2026-10-01 19:08:00+00:00,9.485,9.485,9.485,9.485
2026-10-01 19:09:00+00:00,9.495,9.495,9.485,9.485
2026-10-01 19:10:00+00:00,9.495,9.495,9.495,9.495
2026-10-01 19:11:00+00:00,9.495,9.495,9.49,9.495
2026-10-01 19:12:00+00:00,9.485,9.495,9.485,9.495
2026-10-01 19:13:00+00:00,9.485,9.485,9.485,9.485
2026-10-01 19:14:00+00:00,9.485,9.485,9.485,9.485
2026-10-01 19:15:00+00:00,9.485,9.485,9.485,9.485
2026-10-01 19:16:00+00:00,9.485,9.485,9.485,9.485
2026-10-01 19:17:00+00:00,9.485,9.485,9.485,9.485
2026-10-01 19:18:00+00:00,9.485,9.485,9.485,9.485
2026-10-01 19:19:00+00:00,9.485,9.485,9.485,9.485
2026-10-01 19:20:00+00:00,9.485,9.485,9.485,9.485
2026-10-01 19:21:00+00:00,9.485,9.485,9.485,9.485
2026-10-01 19:22:00+00:00,9.485,9.485,9.485,9.485
2026-10-01 19:23:00+00:00,9.485,9.485,9.485,9.485
2026-10-01 19:24:00+00:00,9.485,9.485,9.485,9.485
2026-10-01 19:25:00+00:00,9.485,9.485,9.48,9.485
2026-10-01 19:26:00+00:00,9.485,9.485,9.485,9.485
2026-10-01 19:27:00+00:00,9.485,9.485,9.485,9.485
2026-10-01 19:28:00+00:00,9.485,9.485,9.485,9.485
2026-10-01 19:29:00+00:00,9.485,9.485,9.485,9.485
2026-10-01 19:30:00+00:00,9.485,9.485,9.485,9.485
2026-10-01 19:31:00+00:00,9.485,9.49,9.485,9.485
2026-10-01 19:32:00+00:00,9.485,9.485,9.485,9.485
2026-10-01 19:33:00+00:00,9.485,9.485,9.485,9.485
2026-10-01 19:34:00+00:00,9.485,9.495,9.485,9.485
2026-10-01 19:35:00+00:00,9.485,9.485,9.485,9.485
2026-10-01 19:36:00+00:00,9.485,9.485,9.485,9.485
2026-10-01 19:37:00+00:00,9.475,9.485,9.47,9.485
2026-10-01 19:38:00+00:00,9.475,9.475,9.475,9.475
2026-10-01 19:39:00+00:00,9.475,9.475,9.475,9.475
2026-10-01 19:40:00+00:00,9.475,9.475,9.475,9.475
2026-10-01 19:41:00+00:00,9.475,9.475,9.475,9.475
2026-10-01 19:42:00+00:00,9.465,9.475,9.465,9.475
2026-10-01 19:43:00+00:00,9.465,9.465,9.46,9.465
2026-10-01 19:44:00+00:00,9.455,9.465,9.45,9.465
2026-10-01 19:45:00+00:00,9.455,9.455,9.45,9.455
2026-10-01 19:46:00+00:00,9.455,9.455,9.455,9.455
2026-10-01 19:47:00+00:00,9.455,9.455,9.455,9.455
2026-10-01 19:48:00+00:00,9.455,9.46,9.455,9.455
2026-10-01 19:49:00+00:00,9.455,9.46,9.455,9.455
2026-10-01 19:50:00+00:00,9.465,9.465,9.455,9.455
2026-10-01 19:51:00+00:00,9.465,9.465,9.465,9.465
2026-10-01 19:52:00+00:00,9.465,9.465,9.465,9.465
2026-10-01 19:53:00+00:00,9.455,9.465,9.455,9.465
2026-10-01 19:54:00+00:00,9.455,9.455,9.455,9.455
2026-10-01 19:55:00+00:00,9.435,9.455,9.435,9.455
2026-10-01 19:56:00+00:00,9.445,9.445,9.435,9.435
2026-10-01 19:57:00+00:00,9.445,9.45,9.445,9.445
2026-10-01 19:58:00+00:00,9.445,9.445,9.445,9.445
2026-10-01 19:59:00+00:00,9.425,9.445,9.425,9.445
2026-10-02 13:30:00+00:00,9.335,9.34,9.305,9.34
2026-10-02 13:31:00+00:00,9.325,9.35,9.325,9.335
2026-10-02 13:32:00+00:00,9.315,9.33,9.305,9.325
2026-10-02 13:33:00+00:00,9.315,9.325,9.315,9.315
2026-10-02 13:34:00+00:00,9.315,9.315,9.31,9.315
2026-10-02 13:35:00+00:00,9.305,9.315,9.295,9.315
2026-10-02 13:36:00+00:00,9.295,9.315,9.295,9.305
2026-10-02 13:37:00+00:00,9.305,9.305,9.295,9.295
2026-10-02 13:38:00+00:00,9.295,9.315,9.295,9.305
2026-10-02 13:39:00+00:00,9.285,9.295,9.285,9.295
2026-10-02 13:40:00+00:00,9.275,9.285,9.27,9.285
2026-10-02 13:41:00+00:00,9.265,9.275,9.265,9.275
2026-10-02 13:42:00+00:00,9.285,9.285,9.26,9.265
2026-10-02 13:43:00+00:00,9.285,9.295,9.285,9.285
2026-10-02 13:44:00+00:00,9.295,9.305,9.285,9.285
2026-10-02 13:45:00+00:00,9.305,9.305,9.295,9.295
2026-10-02 13:46:00+00:00,9.315,9.32,9.305,9.305
2026-10-02 13:47:00+00:00,9.315,9.315,9.315,9.315
2026-10-02 13:48:00+00:00,9.305,9.315,9.3,9.315
2026-10-02 13:49:00+00:00,9.305,9.305,9.305,9.305
2026-10-02 13:50:00+00:00,9.315,9.315,9.305,9.305
2026-10-02 13:51:00+00:00,9.315,9.315,9.31,9.315
2026-10-02 13:52:00+00:00,9.305,9.315,9.3,9.315
2026-10-02 13:53:00+00:00,9.295,9.305,9.29,9.305
2026-10-02 13:54:00+00:00,9.285,9.295,9.285,9.295
2026-10-02 13:55:00+00:00,9.275,9.285,9.275,9.285
2026-10-02 13:56:00+00:00,9.265,9.275,9.265,9.275
2026-10-02 13:57:00+00:00,9.275,9.275,9.26,9.265
2026-10-02 13:58:00+00:00,9.275,9.285,9.275,9.275
2026-10-02 13:59:00+00:00,9.275,9.275,9.275,9.275
2026-10-02 14:00:00+00:00,9.255,9.275,9.255,9.275
2026-10-02 14:01:00+00:00,9.265,9.265,9.255,9.255
2026-10-02 14:02:00+00:00,9.285,9.285,9.265,9.265
2026-10-02 14:03:00+00:00,9.285,9.295,9.28,9.29
2026-10-02 14:04:00+00:00,9.295,9.295,9.285,9.285
2026-10-02 14:05:00+00:00,9.295,9.3,9.295,9.295
2026-10-02 14:06:00+00:00,9.295,9.3,9.295,9.295
2026-10-02 14:07:00+00:00,9.295,9.3,9.295,9.295
2026-10-02 14:08:00+00:00,9.305,9.305,9.295,9.295
2026-10-02 14:09:00+00:00,9.305,9.305,9.305,9.305
2026-10-02 14:10:00+00:00,9.305,9.305,9.295,9.305
2026-10-02 14:11:00+00:00,9.305,9.305,9.295,9.305
2026-10-02 14:12:00+00:00,9.305,9.315,9.305,9.305
2026-10-02 14:13:00+00:00,9.305,9.31,9.305,9.305
2026-10-02 14:14:00+00:00,9.325,9.33,9.305,9.305
2026-10-02 14:15:00+00:00,9.325,9.325,9.325,9.325
2026-10-02 14:16:00+00:00,9.315,9.325,9.315,9.325
2026-10-02 14:17:00+00:00,9.315,9.315,9.315,9.315
2026-10-02 14:18:00+00:00,9.315,9.315,9.315,9.315
2026-10-02 14:19:00+00:00,9.315,9.315,9.315,9.315
2026-10-02 14:20:00+00:00,9.305,9.315,9.305,9.315
2026-10-02 14:21:00+00:00,9.305,9.305,9.305,9.305
2026-10-02 14:22:00+00:00,9.305,9.305,9.305,9.305
2026-10-02 14:23:00+00:00,9.285,9.305,9.285,9.305
2026-10-02 14:24:00+00:00,9.295,9.295,9.285,9.285
2026-10-02 14:25:00+00:00,9.285,9.295,9.285,9.295
2026-10-02 14:26:00+00:00,9.295,9.295,9.285,9.285
2026-10-02 14:27:00+00:00,9.295,9.295,9.295,9.295
2026-10-02 14:28:00+00:00,9.295,9.3,9.295,9.295
2026-10-02 14:29:00+00:00,9.305,9.305,9.295,9.295
2026-10-02 14:30:00+00:00,9.305,9.305,9.295,9.305
2026-10-02 14:31:00+00:00,9.305,9.305,9.3,9.305
2026-10-02 14:32:00+00:00,9.315,9.315,9.305,9.305
2026-10-02 14:33:00+00:00,9.315,9.32,9.315,9.315
2026-10-02 14:34:00+00:00,9.305,9.315,9.305,9.315
2026-10-02 14:35:00+00:00,9.315,9.315,9.305,9.305
2026-10-02 14:36:00+00:00,9.315,9.315,9.315,9.315
2026-10-02 14:37:00+00:00,9.315,9.315,9.315,9.315
2026-10-02 14:38:00+00:00,9.315,9.315,9.315,9.315
2026-10-02 14:39:00+00:00,9.315,9.315,9.315,9.315
2026-10-02 14:40:00+00:00,9.315,9.32,9.315,9.315
2026-10-02 14:41:00+00:00,9.325,9.325,9.315,9.315
2026-10-02 14:42:00+00:00,9.325,9.335,9.325,9.325
2026-10-02 14:43:00+00:00,9.325,9.325,9.325,9.325
2026-10-02 14:44:00+00:00,9.335,9.335,9.325,9.325
2026-10-02 14:45:00+00:00,9.335,9.34,9.335,9.335
2026-10-02 14:46:00+00:00,9.335,9.335,9.335,9.335
2026-10-02 14:47:00+00:00,9.335,9.335,9.335,9.335
2026-10-02 14:48:00+00:00,9.335,9.335,9.335,9.335
2026-10-02 14:49:00+00:00,9.335,9.335,9.33,9.335
2026-10-02 14:50:00+00:00,9.325,9.335,9.325,9.335
2026-10-02 14:51:00+00:00,9.335,9.335,9.325,9.325
2026-10-02 14:52:00+00:00,9.335,9.335,9.335,9.335
2026-10-02 14:53:00+00:00,9.325,9.335,9.325,9.335
2026-10-02 14:54:00+00:00,9.325,9.325,9.325,9.325
2026-10-02 14:55:00+00:00,9.325,9.325,9.325,9.325
2026-10-02 14:56:00+00:00,9.325,9.325,9.325,9.325
2026-10-02 14:57:00+00:00,9.325,9.325,9.325,9.325
2026-10-02 14:58:00+00:00,9.325,9.325,9.325,9.325
2026-10-02 14:59:00+00:00,9.325,9.325,9.32,9.325
2026-10-02 15:00:00+00:00,9.315,9.325,9.315,9.325
2026-10-02 15:01:00+00:00,9.315,9.315,9.315,9.315
2026-10-02 15:02:00+00:00,9.315,9.315,9.315,9.315
2026-10-02 15:03:00+00:00,9.295,9.315,9.295,9.315
2026-10-02 15:04:00+00:00,9.275,9.295,9.275,9.295
2026-10-02 15:05:00+00:00,9.275,9.275,9.275,9.275
2026-10-02 15:06:00+00:00,9.265,9.275,9.265,9.275
2026-10-02 15:07:00+00:00,9.275,9.275,9.265,9.265
2026-10-02 15:08:00+00:00,9.265,9.275,9.265,9.275
2026-10-02 15:09:00+00:00,9.265,9.265,9.265,9.265
2026-10-02 15:10:00+00:00,9.255,9.265,9.255,9.265
2026-10-02 15:11:00+00:00,9.255,9.255,9.255,9.255
2026-10-02 15:12:00+00:00,9.255,9.255,9.255,9.255
2026-10-02 15:13:00+00:00,9.255,9.255,9.255,9.255
2026-10-02 15:14:00+00:00,9.245,9.255,9.245,9.255
2026-10-02 15:15:00+00:00,9.245,9.255,9.245,9.245
2026-10-02 15:16:00+00:00,9.245,9.245,9.245,9.245
2026-10-02 15:17:00+00:00,9.245,9.25,9.245,9.245
2026-10-02 15:18:00+00:00,9.245,9.25,9.245,9.245
2026-10-02 15:19:00+00:00,9.245,9.255,9.245,9.245
2026-10-02 15:20:00+00:00,9.235,9.245,9.235,9.245
2026-10-02 15:21:00+00:00,9.235,9.235,9.235,9.235
2026-10-02 15:22:00+00:00,9.235,9.235,9.235,9.235
2026-10-02 15:23:00+00:00,9.235,9.235,9.235,9.235
2026-10-02 15:24:00+00:00,9.215,9.235,9.215,9.235
2026-10-02 15:25:00+00:00,9.215,9.215,9.205,9.215
2026-10-02 15:26:00+00:00,9.225,9.225,9.215,9.215
2026-10-02 15:27:00+00:00,9.225,9.225,9.225,9.225
2026-10-02 15:28:00+00:00,9.225,9.225,9.225,9.225
2026-10-02 15:29:00+00:00,9.225,9.23,9.225,9.225
2026-10-02 15:30:00+00:00,9.225,9.225,9.225,9.225
2026-10-02 15:31:00+00:00,9.225,9.225,9.225,9.225
2026-10-02 15:32:00+00:00,9.225,9.225,9.225,9.225
2026-10-02 15:33:00+00:00,9.225,9.225,9.225,9.225
2026-10-02 15:34:00+00:00,9.225,9.23,9.225,9.225
2026-10-02 15:35:00+00:00,9.225,9.225,9.225,9.225
2026-10-02 15:36:00+00:00,9.215,9.225,9.21,9.225
2026-10-02 15:37:00+00:00,9.215,9.22,9.215,9.215
2026-10-02 15:38:00+00:00,9.215,9.215,9.215,9.215
2026-10-02 15:39:00+00:00,9.215,9.215,9.215,9.215
2026-10-02 15:40:00+00:00,9.215,9.215,9.215,9.215
2026-10-02 15:41:00+00:00,9.205,9.215,9.205,9.215
2026-10-02 15:42:00+00:00,9.205,9.205,9.2,9.205
2026-10-02 15:43:00+00:00,9.205,9.205,9.205,9.205
2026-10-02 15:44:00+00:00,9.205,9.205,9.205,9.205
2026-10-02 15:45:00+00:00,9.205,9.215,9.205,9.205
2026-10-02 15:46:00+00:00,9.205,9.205,9.205,9.205
2026-10-02 15:47:00+00:00,9.205,9.205,9.205,9.205
2026-10-02 15:48:00+00:00,9.205,9.205,9.205,9.205
2026-10-02 15:49:00+00:00,9.205,9.205,9.205,9.205
2026-10-02 15:50:00+00:00,9.195,9.21,9.19,9.205
2026-10-02 15:51:00+00:00,9.195,9.195,9.195,9.195
2026-10-02 15:52:00+00:00,9.195,9.195,9.195,9.195
2026-10-02 15:53:00+00:00,9.195,9.195,9.195,9.195
2026-10-02 15:54:00+00:00,9.195,9.195,9.195,9.195
2026-10-02 15:55:00+00:00,9.195,9.195,9.195,9.195
2026-10-02 15:56:00+00:00,9.195,9.195,9.18,9.195
2026-10-02 15:57:00+00:00,9.195,9.195,9.19,9.195
2026-10-02 15:58:00+00:00,9.195,9.195,9.195,9.195
2026-10-02 15:59:00+00:00,9.195,9.195,9.195,9.195
2026-10-02 16:00:00+00:00,9.195,9.195,9.195,9.195
2026-10-02 16:01:00+00:00,9.205,9.205,9.195,9.195
2026-10-02 16:02:00+00:00,9.195,9.205,9.195,9.205
2026-10-02 16:03:00+00:00,9.195,9.195,9.195,9.195
2026-10-02 16:04:00+00:00,9.185,9.195,9.185,9.195
2026-10-02 16:05:00+00:00,9.185,9.185,9.185,9.185
2026-10-02 16:06:00+00:00,9.185,9.195,9.185,9.185
2026-10-02 16:07:00+00:00,9.185,9.185,9.185,9.185
2026-10-02 16:08:00+00:00,9.195,9.195,9.185,9.185
2026-10-02 16:09:00+00:00,9.195,9.195,9.19,9.195
2026-10-02 16:10:00+00:00,9.185,9.195,9.185,9.195
2026-10-02 16:11:00+00:00,9.185,9.19,9.185,9.185
2026-10-02 16:12:00+00:00,9.185,9.185,9.185,9.185
2026-10-02 16:13:00+00:00,9.195,9.195,9.185,9.185
2026-10-02 16:14:00+00:00,9.185,9.195,9.185,9.195
2026-10-02 16:15:00+00:00,9.185,9.185,9.18,9.185
2026-10-02 16:16:00+00:00,9.195,9.195,9.185,9.185
2026-10-02 16:17:00+00:00,9.195,9.2,9.195,9.195
2026-10-02 16:18:00+00:00,9.205,9.205,9.195,9.195
2026-10-02 16:19:00+00:00,9.205,9.205,9.205,9.205
2026-10-02 16:20:00+00:00,9.205,9.205,9.205,9.205
2026-10-02 16:21:00+00:00,9.205,9.205,9.205,9.205
2026-10-02 16:22:00+00:00,9.195,9.205,9.195,9.205
2026-10-02 16:23:00+00:00,9.195,9.195,9.195,9.195
2026-10-02 16:24:00+00:00,9.195,9.195,9.195,9.195
2026-10-02 16:25:00+00:00,9.195,9.195,9.195,9.195
2026-10-02 16:26:00+00:00,9.195,9.195,9.195,9.195
2026-10-02 16:27:00+00:00,9.195,9.195,9.195,9.195
2026-10-02 16:28:00+00:00,9.195,9.195,9.195,9.195
2026-10-02 16:29:00+00:00,9.185,9.195,9.185,9.195
2026-10-02 16:30:00+00:00,9.185,9.19,9.185,9.185
2026-10-02 16:31:00+00:00,9.195,9.195,9.185,9.185
2026-10-02 16:32:00+00:00,9.185,9.195,9.185,9.195
2026-10-02 16:33:00+00:00,9.185,9.185,9.185,9.185
2026-10-02 16:34:00+00:00,9.185,9.185,9.185,9.185
2026-10-02 16:35:00+00:00,9.185,9.185,9.185,9.185
2026-10-02 16:36:00+00:00,9.185,9.185,9.185,9.185
2026-10-02 16:37:00+00:00,9.185,9.19,9.185,9.185
2026-10-02 16:38:00+00:00,9.195,9.195,9.185,9.185
2026-10-02 16:39:00+00:00,9.205,9.205,9.195,9.195
2026-10-02 16:40:00+00:00,9.195,9.205,9.195,9.2
2026-10-02 16:41:00+00:00,9.195,9.195,9.195,9.195
2026-10-02 16:42:00+00:00,9.195,9.195,9.19,9.195
2026-10-02 16:43:00+00:00,9.195,9.195,9.195,9.195
2026-10-02 16:44:00+00:00,9.195,9.195,9.19,9.19
2026-10-02 16:45:00+00:00,9.195,9.195,9.195,9.195
2026-10-02 16:46:00+00:00,9.195,9.195,9.195,9.195
2026-10-02 16:47:00+00:00,9.205,9.205,9.195,9.195
2026-10-02 16:48:00+00:00,9.205,9.205,9.205,9.205
2026-10-02 16:49:00+00:00,9.205,9.205,9.205,9.205
2026-10-02 16:50:00+00:00,9.205,9.205,9.205,9.205
2026-10-02 16:51:00+00:00,9.205,9.205,9.205,9.205
2026-10-02 16:52:00+00:00,9.205,9.21,9.205,9.205
2026-10-02 16:53:00+00:00,9.205,9.205,9.205,9.205
2026-10-02 16:54:00+00:00,9.205,9.205,9.205,9.205
2026-10-02 16:55:00+00:00,9.205,9.205,9.205,9.205
2026-10-02 16:56:00+00:00,9.205,9.205,9.205,9.205
2026-10-02 16:57:00+00:00,9.205,9.205,9.205,9.205
2026-10-02 16:58:00+00:00,9.205,9.205,9.205,9.205
2026-10-02 16:59:00+00:00,9.205,9.205,9.205,9.205
2026-10-02 17:00:00+00:00,9.205,9.205,9.205,9.205
2026-10-02 17:01:00+00:00,9.215,9.215,9.205,9.205
2026-10-02 17:02:00+00:00,9.215,9.215,9.205,9.215
2026-10-02 17:03:00+00:00,9.215,9.215,9.215,9.215
2026-10-02 17:04:00+00:00,9.205,9.215,9.205,9.215
2026-10-02 17:05:00+00:00,9.205,9.21,9.205,9.205
2026-10-02 17:06:00+00:00,9.205,9.205,9.205,9.205
2026-10-02 17:07:00+00:00,9.205,9.205,9.205,9.205
2026-10-02 17:08:00+00:00,9.205,9.21,9.205,9.205
2026-10-02 17:09:00+00:00,9.205,9.205,9.205,9.205
2026-10-02 17:10:00+00:00,9.215,9.215,9.205,9.205
2026-10-02 17:11:00+00:00,9.215,9.22,9.215,9.215
2026-10-02 17:12:00+00:00,9.215,9.215,9.215,9.215
2026-10-02 17:13:00+00:00,9.215,9.215,9.215,9.215
2026-10-02 17:14:00+00:00,9.215,9.215,9.215,9.215
2026-10-02 17:15:00+00:00,9.215,9.215,9.215,9.215
2026-10-02 17:16:00+00:00,9.205,9.215,9.205,9.215
2026-10-02 17:17:00+00:00,9.205,9.205,9.205,9.205
2026-10-02 17:18:00+00:00,9.205,9.205,9.205,9.205
2026-10-02 17:19:00+00:00,9.215,9.215,9.205,9.205
2026-10-02 17:20:00+00:00,9.215,9.215,9.215,9.215
2026-10-02 17:21:00+00:00,9.215,9.215,9.215,9.215
2026-10-02 17:22:00+00:00,9.215,9.215,9.215,9.215
2026-10-02 17:23:00+00:00,9.205,9.215,9.205,9.215
2026-10-02 17:24:00+00:00,9.205,9.205,9.205,9.205
2026-10-02 17:25:00+00:00,9.205,9.205,9.205,9.205
2026-10-02 17:26:00+00:00,9.205,9.205,9.205,9.205
2026-10-02 17:27:00+00:00,9.205,9.205,9.205,9.205
2026-10-02 17:28:00+00:00,9.205,9.205,9.205,9.205
2026-10-02 17:29:00+00:00,9.195,9.205,9.195,9.205
2026-10-02 17:30:00+00:00,9.195,9.195,9.195,9.195
2026-10-02 17:31:00+00:00,9.195,9.195,9.195,9.195
2026-10-02 17:32:00+00:00,9.195,9.195,9.195,9.195
2026-10-02 17:33:00+00:00,9.205,9.21,9.2,9.2
2026-10-02 17:34:00+00:00,9.205,9.205,9.205,9.205
2026-10-02 17:35:00+00:00,9.205,9.205,9.205,9.205
2026-10-02 17:36:00+00:00,9.205,9.21,9.2,9.205
2026-10-02 17:37:00+00:00,9.205,9.205,9.205,9.205
2026-10-02 17:38:00+00:00,9.205,9.205,9.205,9.205
2026-10-02 17:39:00+00:00,9.205,9.205,9.205,9.205
2026-10-02 17:40:00+00:00,9.205,9.205,9.205,9.205
2026-10-02 17:41:00+00:00,9.205,9.205,9.2,9.205
2026-10-02 17:42:00+00:00,9.205,9.205,9.2,9.205
2026-10-02 17:43:00+00:00,9.205,9.205,9.205,9.205
2026-10-02 17:44:00+00:00,9.2,9.205,9.2,9.205
2026-10-02 17:45:00+00:00,9.205,9.21,9.205,9.205
2026-10-02 17:46:00+00:00,9.205,9.21,9.205,9.21
2026-10-02 17:47:00+00:00,9.215,9.215,9.205,9.205
2026-10-02 17:48:00+00:00,9.215,9.215,9.205,9.215
2026-10-02 17:49:00+00:00,9.215,9.215,9.215,9.215
2026-10-02 17:50:00+00:00,9.215,9.215,9.205,9.215
2026-10-02 17:51:00+00:00,9.225,9.225,9.215,9.215
2026-10-02 17:52:00+00:00,9.225,9.225,9.225,9.225
2026-10-02 17:53:00+00:00,9.225,9.225,9.225,9.225
2026-10-02 17:54:00+00:00,9.225,9.225,9.225,9.225
2026-10-02 17:55:00+00:00,9.215,9.225,9.21,9.225
2026-10-02 17:56:00+00:00,9.215,9.215,9.215,9.215
2026-10-02 17:57:00+00:00,9.215,9.215,9.215,9.215
2026-10-02 17:58:00+00:00,9.215,9.215,9.215,9.215
2026-10-02 17:59:00+00:00,9.215,9.215,9.215,9.215
2026-10-02 18:00:00+00:00,9.215,9.215,9.215,9.215
2026-10-02 18:01:00+00:00,9.215,9.215,9.215,9.215
2026-10-02 18:02:00+00:00,9.215,9.215,9.215,9.215
2026-10-02 18:03:00+00:00,9.215,9.215,9.215,9.215
2026-10-02 18:04:00+00:00,9.215,9.215,9.215,9.215
2026-10-02 18:05:00+00:00,9.215,9.215,9.215,9.215
2026-10-02 18:06:00+00:00,9.215,9.215,9.215,9.215
2026-10-02 18:07:00+00:00,9.225,9.225,9.215,9.215
2026-10-02 18:08:00+00:00,9.225,9.23,9.225,9.225
2026-10-02 18:09:00+00:00,9.225,9.225,9.225,9.225
2026-10-02 18:10:00+00:00,9.225,9.225,9.225,9.225
2026-10-02 18:11:00+00:00,9.225,9.225,9.225,9.225
2026-10-02 18:12:00+00:00,9.225,9.225,9.225,9.225
2026-10-02 18:13:00+00:00,9.225,9.225,9.225,9.225
2026-10-02 18:14:00+00:00,9.225,9.225,9.225,9.225
2026-10-02 18:15:00+00:00,9.225,9.235,9.225,9.225
2026-10-02 18:16:00+00:00,9.215,9.225,9.215,9.225
2026-10-02 18:17:00+00:00,9.215,9.215,9.215,9.215
2026-10-02 18:18:00+00:00,9.215,9.215,9.215,9.215
2026-10-02 18:19:00+00:00,9.215,9.215,9.21,9.21
2026-10-02 18:20:00+00:00,9.215,9.215,9.215,9.215
2026-10-02 18:21:00+00:00,9.215,9.215,9.215,9.215
2026-10-02 18:22:00+00:00,9.215,9.215,9.215,9.215
2026-10-02 18:23:00+00:00,9.215,9.215,9.215,9.215
2026-10-02 18:24:00+00:00,9.215,9.215,9.215,9.215
2026-10-02 18:25:00+00:00,9.215,9.215,9.215,9.215
2026-10-02 18:26:00+00:00,9.215,9.22,9.215,9.22
2026-10-02 18:27:00+00:00,9.215,9.215,9.215,9.215
2026-10-02 18:28:00+00:00,9.215,9.215,9.215,9.215
2026-10-02 18:29:00+00:00,9.215,9.22,9.215,9.22
2026-10-02 18:30:00+00:00,9.215,9.22,9.215,9.22
2026-10-02 18:31:00+00:00,9.215,9.22,9.215,9.215
2026-10-02 18:32:00+00:00,9.215,9.215,9.215,9.215
2026-10-02 18:33:00+00:00,9.22,9.22,9.215,9.215
2026-10-02 18:34:00+00:00,9.215,9.215,9.215,9.215
2026-10-02 18:35:00+00:00,9.205,9.215,9.205,9.215
2026-10-02 18:36:00+00:00,9.215,9.215,9.205,9.205
2026-10-02 18:37:00+00:00,9.215,9.215,9.215,9.215
2026-10-02 18:38:00+00:00,9.215,9.215,9.215,9.215
2026-10-02 18:39:00+00:00,9.215,9.215,9.21,9.215
2026-10-02 18:40:00+00:00,9.215,9.215,9.215,9.215
2026-10-02 18:41:00+00:00,9.215,9.215,9.215,9.215
2026-10-02 18:42:00+00:00,9.215,9.22,9.215,9.22
2026-10-02 18:43:00+00:00,9.225,9.225,9.215,9.215
2026-10-02 18:44:00+00:00,9.225,9.225,9.225,9.225
2026-10-02 18:45:00+00:00,9.225,9.23,9.225,9.225
2026-10-02 18:46:00+00:00,9.225,9.23,9.225,9.225
2026-10-02 18:47:00+00:00,9.235,9.235,9.225,9.225
2026-10-02 18:48:00+00:00,9.235,9.235,9.235,9.235
2026-10-02 18:49:00+00:00,9.235,9.235,9.23,9.235
2026-10-02 18:50:00+00:00,9.235,9.235,9.235,9.235
2026-10-02 18:51:00+00:00,9.235,9.235,9.235,9.235
2026-10-02 18:52:00+00:00,9.235,9.235,9.235,9.235
2026-10-02 18:53:00+00:00,9.235,9.235,9.235,9.235
2026-10-02 18:54:00+00:00,9.235,9.24,9.235,9.235
2026-10-02 18:55:00+00:00,9.235,9.235,9.235,9.235
2026-10-02 18:56:00+00:00,9.235,9.235,9.235,9.235
2026-10-02 18:57:00+00:00,9.235,9.235,9.235,9.235
2026-10-02 18:58:00+00:00,9.235,9.235,9.235,9.235
2026-10-02 18:59:00+00:00,9.235,9.235,9.235,9.235
2026-10-02 19:00:00+00:00,9.245,9.245,9.235,9.235
2026-10-02 19:01:00+00:00,9.245,9.245,9.245,9.245
2026-10-02 19:02:00+00:00,9.245,9.245,9.245,9.245
2026-10-02 19:03:00+00:00,9.245,9.245,9.245,9.245
2026-10-02 19:04:00+00:00,9.245,9.245,9.245,9.245
2026-10-02 19:05:00+00:00,9.245,9.245,9.245,9.245
2026-10-02 19:06:00+00:00,9.245,9.245,9.245,9.245
2026-10-02 19:07:00+00:00,9.245,9.245,9.24,9.245
2026-10-02 19:08:00+00:00,9.245,9.245,9.24,9.245
2026-10-02 19:09:00+00:00,9.245,9.245,9.24,9.245
2026-10-02 19:10:00+00:00,9.245,9.245,9.245,9.245
2026-10-02 19:11:00+00:00,9.245,9.245,9.245,9.245
2026-10-02 19:12:00+00:00,9.245,9.245,9.24,9.245
2026-10-02 19:13:00+00:00,9.245,9.245,9.245,9.245
2026-10-02 19:14:00+00:00,9.245,9.245,9.245,9.245
2026-10-02 19:15:00+00:00,9.245,9.245,9.245,9.245
2026-10-02 19:16:00+00:00,9.245,9.245,9.245,9.245
2026-10-02 19:17:00+00:00,9.245,9.25,9.245,9.245
2026-10-02 19:18:00+00:00,9.255,9.26,9.245,9.245
2026-10-02 19:19:00+00:00,9.265,9.27,9.26,9.26
2026-10-02 19:20:00+00:00,9.265,9.265,9.265,9.265
2026-10-02 19:21:00+00:00,9.265,9.265,9.265,9.265
2026-10-02 19:22:00+00:00,9.265,9.265,9.265,9.265
2026-10-02 19:23:00+00:00,9.265,9.27,9.265,9.265
2026-10-02 19:24:00+00:00,9.265,9.27,9.265,9.265
2026-10-02 19:25:00+00:00,9.275,9.275,9.265,9.265
2026-10-02 19:26:00+00:00,9.275,9.275,9.275,9.275
2026-10-02 19:27:00+00:00,9.275,9.275,9.275,9.275
2026-10-02 19:28:00+00:00,9.265,9.275,9.265,9.275
2026-10-02 19:29:00+00:00,9.265,9.265,9.265,9.265
2026-10-02 19:30:00+00:00,9.265,9.27,9.265,9.265
2026-10-02 19:31:00+00:00,9.265,9.265,9.265,9.265
2026-10-02 19:32:00+00:00,9.275,9.275,9.265,9.265
2026-10-02 19:33:00+00:00,9.275,9.275,9.275,9.275
2026-10-02 19:34:00+00:00,9.275,9.275,9.27,9.275
2026-10-02 19:35:00+00:00,9.275,9.275,9.265,9.275
2026-10-02 19:36:00+00:00,9.275,9.275,9.27,9.27
2026-10-02 19:37:00+00:00,9.275,9.275,9.27,9.275
2026-10-02 19:38:00+00:00,9.275,9.275,9.27,9.275
2026-10-02 19:39:00+00:00,9.265,9.275,9.265,9.275
2026-10-02 19:40:00+00:00,9.265,9.265,9.26,9.265
2026-10-02 19:41:00+00:00,9.265,9.265,9.26,9.265
2026-10-02 19:42:00+00:00,9.255,9.265,9.255,9.26
2026-10-02 19:43:00+00:00,9.255,9.255,9.25,9.255
2026-10-02 19:44:00+00:00,9.245,9.255,9.245,9.255
2026-10-02 19:45:00+00:00,9.255,9.255,9.245,9.245
2026-10-02 19:46:00+00:00,9.245,9.255,9.245,9.255
2026-10-02 19:47:00+00:00,9.245,9.245,9.24,9.245
2026-10-02 19:48:00+00:00,9.245,9.245,9.235,9.245
2026-10-02 19:49:00+00:00,9.245,9.245,9.245,9.245
2026-10-02 19:50:00+00:00,9.245,9.245,9.245,9.245
2026-10-02 19:51:00+00:00,9.245,9.245,9.245,9.245
2026-10-02 19:52:00+00:00,9.245,9.245,9.24,9.245
2026-10-02 19:53:00+00:00,9.235,9.245,9.23,9.245
2026-10-02 19:54:00+00:00,9.225,9.235,9.225,9.235
2026-10-02 19:55:00+00:00,9.225,9.225,9.225,9.225
2026-10-02 19:56:00+00:00,9.225,9.225,9.225,9.225
2026-10-02 19:57:00+00:00,9.235,9.235,9.225,9.23
2026-10-02 19:58:00+00:00,9.245,9.245,9.235,9.235
2026-10-02 19:59:00+00:00,9.245,9.255,9.24,9.245
