symbol,dt,open,close,high,low,vol,amount
MSFT,2026-03-02 14:30:00,392.855,393.45,394.885,390.84,5363.0,0.0
MSFT,2026-03-02 14:35:00,393.5,394.43,395.625,393.46,4178.0,0.0
MSFT,2026-03-02 14:40:00,395.35,395.525,396.735,394.67,1454.0,0.0
MSFT,2026-03-02 14:45:00,395.38,396.345,397.045,395.21,9863.0,0.0
MSFT,2026-03-02 14:50:00,396.32,395.86,396.595,394.6,7915.0,0.0
MSFT,2026-03-02 14:55:00,396.14,398.075,398.3,396.14,10382.0,0.0
MSFT,2026-03-02 15:00:00,397.86,396.87,397.89,396.495,3271.0,0.0
MSFT,2026-03-02 15:05:00,397.16,397.7,398.1,396.315,3988.0,0.0
MSFT,2026-03-02 15:10:00,397.76,399.1,399.48,397.76,3563.0,0.0
MSFT,2026-03-02 15:15:00,399.11,399.39,399.595,398.5,1832.0,0.0
MSFT,2026-03-02 15:20:00,399.37,398.925,399.7,398.22,3387.0,0.0
MSFT,2026-03-02 15:25:00,398.9,398.43,399.41,398.17,5063.0,0.0
MSFT,2026-03-02 15:30:00,398.52,397.69,398.8,397.635,3167.0,0.0
MSFT,2026-03-02 15:35:00,397.64,399.41,399.665,397.51,3843.0,0.0
MSFT,2026-03-02 15:40:00,399.16,399.36,399.85,399.08,2775.0,0.0
MSFT,2026-03-02 15:45:00,399.195,399.21,399.825,398.57,3007.0,0.0
MSFT,2026-03-02 15:50:00,399.12,398.765,399.66,398.29,7284.0,0.0
MSFT,2026-03-02 15:55:00,398.77,399.445,399.45,398.535,8968.0,0.0
MSFT,2026-03-02 16:00:00,399.25,399.015,399.37,398.35,3919.0,0.0
MSFT,2026-03-02 16:05:00,399.015,399.94,400.045,398.515,6449.0,0.0
MSFT,2026-03-02 16:10:00,399.945,399.355,400.12,399.08,11168.0,0.0
MSFT,2026-03-02 16:15:00,399.26,398.84,399.505,398.84,7734.0,0.0
MSFT,2026-03-02 16:20:00,398.89,398.08,398.89,398.01,7944.0,0.0
MSFT,2026-03-02 16:25:00,398.08,397.215,398.45,396.87,6505.0,0.0
MSFT,2026-03-02 16:30:00,397.145,397.015,397.58,396.34,7304.0,0.0
MSFT,2026-03-02 16:35:00,396.98,399.09,399.09,396.735,4835.0,0.0
MSFT,2026-03-02 16:40:00,399.1,399.68,399.9,399.065,3586.0,0.0
MSFT,2026-03-02 16:45:00,399.65,399.28,399.75,399.11,5847.0,0.0
MSFT,2026-03-02 16:50:00,399.26,399.49,399.845,399.16,4268.0,0.0
MSFT,2026-03-02 16:55:00,399.45,400.835,401.1,399.28,7492.0,0.0
MSFT,2026-03-02 17:00:00,400.815,400.88,401.01,399.9,6371.0,0.0
MSFT,2026-03-02 17:05:00,400.88,400.71,401.115,400.115,3710.0,0.0
MSFT,2026-03-02 17:10:00,400.66,400.65,400.88,400.41,3120.0,0.0
MSFT,2026-03-02 17:15:00,400.54,401.04,401.18,400.53,2515.0,0.0
MSFT,2026-03-02 17:20:00,401.07,400.95,401.15,400.83,1470.0,0.0
MSFT,2026-03-02 17:25:00,400.9,400.2,400.9,400.165,4228.0,0.0
MSFT,2026-03-02 17:30:00,400.14,399.93,400.14,399.66,2892.0,0.0
MSFT,2026-03-02 17:35:00,399.825,400.03,400.18,398.79,3388.0,0.0
MSFT,2026-03-02 17:40:00,400.05,400.555,400.72,399.84,3989.0,0.0
MSFT,2026-03-02 17:45:00,400.55,400.075,402.25,400.04,8462.0,0.0
MSFT,2026-03-02 17:50:00,400.085,400.17,400.515,399.86,6539.0,0.0
MSFT,2026-03-02 17:55:00,400.15,399.385,400.43,399.355,5129.0,0.0
MSFT,2026-03-02 18:00:00,399.55,400.155,400.455,399.35,3889.0,0.0
MSFT,2026-03-02 18:05:00,400.08,399.815,400.83,399.815,3840.0,0.0
MSFT,2026-03-02 18:10:00,399.83,400.45,400.63,399.72,8742.0,0.0
MSFT,2026-03-02 18:15:00,400.45,400.49,400.825,399.95,4817.0,0.0
MSFT,2026-03-02 18:20:00,400.56,400.29,400.825,400.23,5015.0,0.0
MSFT,2026-03-02 18:25:00,400.265,400.255,400.72,399.76,6231.0,0.0
MSFT,2026-03-02 18:30:00,400.305,400.05,400.52,399.79,1878.0,0.0
MSFT,2026-03-02 18:35:00,399.99,399.985,400.39,399.83,3415.0,0.0
MSFT,2026-03-02 18:40:00,399.96,399.81,400.0,399.61,4138.0,0.0
MSFT,2026-03-02 18:45:00,399.71,399.1,399.84,398.745,4957.0,0.0
MSFT,2026-03-02 18:50:00,399.17,398.86,399.335,398.755,4475.0,0.0
MSFT,2026-03-02 18:55:00,398.795,398.73,399.055,398.57,3001.0,0.0
MSFT,2026-03-02 19:00:00,398.69,398.94,399.08,398.69,2030.0,0.0
MSFT,2026-03-02 19:05:00,399.01,399.4,400.09,398.81,2712.0,0.0
MSFT,2026-03-02 19:10:00,399.41,399.65,400.31,399.3,3457.0,0.0
MSFT,2026-03-02 19:15:00,399.65,400.445,400.52,399.345,2973.0,0.0
MSFT,2026-03-02 19:20:00,400.405,400.065,400.805,400.04,3197.0,0.0
MSFT,2026-03-02 19:25:00,400.055,399.87,400.26,399.845,3142.0,0.0
MSFT,2026-03-02 19:30:00,399.85,399.31,400.335,399.31,2679.0,0.0
MSFT,2026-03-02 19:35:00,399.31,399.74,400.26,399.25,1442.0,0.0
MSFT,2026-03-02 19:40:00,399.74,399.54,400.435,399.265,3736.0,0.0
MSFT,2026-03-02 19:45:00,399.565,399.83,400.185,399.51,3532.0,0.0
MSFT,2026-03-02 19:50:00,399.84,399.27,399.94,399.145,4776.0,0.0
MSFT,2026-03-02 19:55:00,399.27,399.56,400.185,399.18,2841.0,0.0
MSFT,2026-03-02 20:00:00,399.555,399.07,399.56,398.8,2007.0,0.0
MSFT,2026-03-02 20:05:00,399.06,397.94,399.765,397.71,1453.0,0.0
MSFT,2026-03-02 20:10:00,397.76,397.85,399.635,397.62,1452.0,0.0
MSFT,2026-03-02 20:15:00,397.74,398.26,398.65,397.72,1583.0,0.0
MSFT,2026-03-02 20:20:00,398.355,397.89,398.49,397.88,1903.0,0.0
MSFT,2026-03-02 20:25:00,397.86,397.27,397.96,397.2,3064.0,0.0
MSFT,2026-03-02 20:30:00,397.22,397.895,397.9,397.11,3585.0,0.0
MSFT,2026-03-02 20:35:00,397.9,397.03,397.905,396.99,3727.0,0.0
MSFT,2026-03-02 20:40:00,397.02,397.41,397.485,396.625,4824.0,0.0
MSFT,2026-03-02 20:45:00,397.41,397.36,397.66,397.17,2547.0,0.0
MSFT,2026-03-02 20:50:00,397.36,398.415,398.5,397.19,7667.0,0.0
MSFT,2026-03-02 20:55:00,398.5,398.49,399.245,398.17,27949.0,0.0
MSFT,2026-03-03 14:30:00,393.095,395.19,398.97,393.04,10145.0,0.0
MSFT,2026-03-03 14:35:00,394.71,395.39,395.74,394.31,3616.0,0.0
MSFT,2026-03-03 14:40:00,395.385,395.485,396.22,394.68,6304.0,0.0
MSFT,2026-03-03 14:45:00,395.375,395.11,397.06,395.11,4625.0,0.0
MSFT,2026-03-03 14:50:00,394.745,395.06,395.335,394.375,6163.0,0.0
MSFT,2026-03-03 14:55:00,394.855,394.45,395.37,393.71,3738.0,0.0
MSFT,2026-03-03 15:00:00,394.41,393.26,395.2,393.065,2982.0,0.0
MSFT,2026-03-03 15:05:00,393.49,393.19,393.64,392.74,2160.0,0.0
MSFT,2026-03-03 15:10:00,393.07,394.185,394.7,393.07,2784.0,0.0
MSFT,2026-03-03 15:15:00,394.3,394.26,394.8,393.6,1718.0,0.0
MSFT,2026-03-03 15:20:00,394.255,393.95,394.53,393.81,4081.0,0.0
MSFT,2026-03-03 15:25:00,393.58,393.79,394.41,393.49,2362.0,0.0
MSFT,2026-03-03 15:30:00,393.83,395.745,395.75,393.83,4677.0,0.0
MSFT,2026-03-03 15:35:00,395.55,397.145,397.215,395.55,8612.0,0.0
MSFT,2026-03-03 15:40:00,397.065,396.21,398.065,396.19,8814.0,0.0
MSFT,2026-03-03 15:45:00,396.345,395.89,397.27,395.62,1879.0,0.0
MSFT,2026-03-03 15:50:00,396.14,395.48,396.75,395.44,5085.0,0.0
MSFT,2026-03-03 15:55:00,395.64,396.065,396.65,395.33,3060.0,0.0
MSFT,2026-03-03 16:00:00,396.15,397.0,397.0,395.9,2456.0,0.0
MSFT,2026-03-03 16:05:00,397.54,398.46,398.7,395.77,2964.0,0.0
MSFT,2026-03-03 16:10:00,398.55,398.405,399.59,398.3,29009.0,0.0
MSFT,2026-03-03 16:15:00,398.42,399.435,399.84,398.42,10891.0,0.0
MSFT,2026-03-03 16:20:00,399.24,399.85,400.11,399.06,2528.0,0.0
MSFT,2026-03-03 16:25:00,400.02,400.1,400.39,399.735,10476.0,0.0
MSFT,2026-03-03 16:30:00,399.97,400.205,400.23,399.335,3481.0,0.0
MSFT,2026-03-03 16:35:00,400.23,399.84,400.525,399.005,7225.0,0.0
MSFT,2026-03-03 16:40:00,399.85,399.9,399.99,399.195,7918.0,0.0
MSFT,2026-03-03 16:45:00,400.03,401.15,401.31,399.2,8147.0,0.0
MSFT,2026-03-03 16:50:00,401.39,401.3,401.615,401.0,8801.0,0.0
MSFT,2026-03-03 16:55:00,401.38,400.945,401.405,400.92,8258.0,0.0
MSFT,2026-03-03 17:00:00,400.955,401.735,401.76,400.89,4684.0,0.0
MSFT,2026-03-03 17:05:00,401.85,400.8,402.32,400.535,5469.0,0.0
MSFT,2026-03-03 17:10:00,400.87,401.1,401.28,400.5,2284.0,0.0
MSFT,2026-03-03 17:15:00,400.87,401.02,401.04,400.365,2992.0,0.0
MSFT,2026-03-03 17:20:00,401.135,401.21,401.32,400.52,3397.0,0.0
MSFT,2026-03-03 17:25:00,401.215,401.985,402.03,401.11,7247.0,0.0
MSFT,2026-03-03 17:30:00,401.86,401.0,401.98,400.99,6733.0,0.0
MSFT,2026-03-03 17:35:00,400.89,401.45,402.025,400.69,5530.0,0.0
MSFT,2026-03-03 17:40:00,401.49,402.42,402.6,399.755,3762.0,0.0
MSFT,2026-03-03 17:45:00,402.41,401.825,402.605,400.72,4533.0,0.0
MSFT,2026-03-03 17:50:00,401.845,401.65,402.315,401.63,3072.0,0.0
MSFT,2026-03-03 17:55:00,401.67,401.735,402.185,400.71,8118.0,0.0
MSFT,2026-03-03 18:00:00,401.715,402.49,402.895,401.7,2330.0,0.0
MSFT,2026-03-03 18:05:00,402.6,402.895,403.08,402.265,4685.0,0.0
MSFT,2026-03-03 18:10:00,402.94,402.755,403.48,402.455,4287.0,0.0
MSFT,2026-03-03 18:15:00,402.74,403.15,403.405,402.685,1702.0,0.0
MSFT,2026-03-03 18:20:00,403.13,404.445,404.51,403.13,4671.0,0.0
MSFT,2026-03-03 18:25:00,404.5,404.58,405.26,403.995,6709.0,0.0
MSFT,2026-03-03 18:30:00,404.58,405.76,405.84,404.435,4019.0,0.0
MSFT,2026-03-03 18:35:00,405.755,406.08,406.33,405.57,5879.0,0.0
MSFT,2026-03-03 18:40:00,406.23,405.61,406.675,405.39,3550.0,0.0
MSFT,2026-03-03 18:45:00,405.61,405.525,405.63,405.125,3224.0,0.0
MSFT,2026-03-03 18:50:00,405.57,405.7,406.15,405.21,4524.0,0.0
MSFT,2026-03-03 18:55:00,405.61,405.5,405.865,405.3,4779.0,0.0
MSFT,2026-03-03 19:00:00,405.495,405.525,405.725,405.33,2690.0,0.0
MSFT,2026-03-03 19:05:00,405.55,404.52,405.59,404.36,3766.0,0.0
MSFT,2026-03-03 19:10:00,404.46,404.63,404.75,404.27,1548.0,0.0
MSFT,2026-03-03 19:15:00,404.59,405.225,405.36,404.59,4311.0,0.0
MSFT,2026-03-03 19:20:00,405.22,405.61,405.875,405.19,2775.0,0.0
MSFT,2026-03-03 19:25:00,405.6,405.785,405.865,405.245,5868.0,0.0
MSFT,2026-03-03 19:30:00,405.8,404.97,406.39,404.81,6731.0,0.0
MSFT,2026-03-03 19:35:00,404.94,404.78,405.3,404.53,16159.0,0.0
MSFT,2026-03-03 19:40:00,404.82,405.55,405.67,404.49,8310.0,0.0
MSFT,2026-03-03 19:45:00,405.58,405.25,405.93,405.08,3866.0,0.0
MSFT,2026-03-03 19:50:00,405.25,404.98,405.575,404.6,19852.0,0.0
MSFT,2026-03-03 19:55:00,404.985,404.16,404.99,404.16,11570.0,0.0
MSFT,2026-03-03 20:00:00,404.195,405.26,405.41,404.14,11785.0,0.0
MSFT,2026-03-03 20:05:00,405.31,405.675,406.03,405.08,2582.0,0.0
MSFT,2026-03-03 20:10:00,405.68,404.81,405.75,404.81,9044.0,0.0
MSFT,2026-03-03 20:15:00,404.81,403.835,404.93,403.52,16004.0,0.0
MSFT,2026-03-03 20:20:00,403.89,403.655,404.17,403.22,8556.0,0.0
MSFT,2026-03-03 20:25:00,403.63,403.725,405.005,403.21,20817.0,0.0
MSFT,2026-03-03 20:30:00,403.745,403.17,405.135,403.055,6075.0,0.0
MSFT,2026-03-03 20:35:00,403.125,403.06,404.88,402.675,4379.0,0.0
MSFT,2026-03-03 20:40:00,403.065,403.815,405.185,403.06,4188.0,0.0
MSFT,2026-03-03 20:45:00,403.87,403.54,405.25,403.1,4655.0,0.0
MSFT,2026-03-03 20:50:00,403.58,404.125,405.165,402.905,13514.0,0.0
MSFT,2026-03-03 20:55:00,403.85,404.04,404.09,403.38,14498.0,0.0
MSFT,2026-03-04 14:30:00,401.265,404.08,405.38,400.755,13578.0,0.0
MSFT,2026-03-04 14:35:00,404.705,405.085,405.57,403.59,9146.0,0.0
MSFT,2026-03-04 14:40:00,404.49,403.36,404.49,402.455,4988.0,0.0
MSFT,2026-03-04 14:45:00,403.4,403.695,404.25,402.825,3953.0,0.0
MSFT,2026-03-04 14:50:00,403.51,405.38,405.645,403.05,4428.0,0.0
MSFT,2026-03-04 14:55:00,405.365,405.775,406.15,405.01,5983.0,0.0
MSFT,2026-03-04 15:00:00,405.985,404.305,406.54,403.675,11712.0,0.0
MSFT,2026-03-04 15:05:00,404.41,404.75,404.95,403.885,3964.0,0.0
MSFT,2026-03-04 15:10:00,404.76,403.525,405.775,403.33,6065.0,0.0
MSFT,2026-03-04 15:15:00,403.48,404.49,404.67,403.09,4577.0,0.0
MSFT,2026-03-04 15:20:00,404.08,405.17,405.42,404.08,5364.0,0.0
MSFT,2026-03-04 15:25:00,405.12,405.325,405.49,404.085,8964.0,0.0
MSFT,2026-03-04 15:30:00,405.46,404.41,405.49,404.07,6329.0,0.0
MSFT,2026-03-04 15:35:00,404.39,404.42,405.135,404.15,5047.0,0.0
MSFT,2026-03-04 15:40:00,404.46,403.54,405.01,403.115,12863.0,0.0
MSFT,2026-03-04 15:45:00,403.46,404.08,405.185,403.135,9163.0,0.0
MSFT,2026-03-04 15:50:00,404.095,404.23,404.315,403.575,6788.0,0.0
MSFT,2026-03-04 15:55:00,404.3,405.13,405.21,403.69,5993.0,0.0
MSFT,2026-03-04 16:00:00,405.165,404.91,405.36,404.905,3752.0,0.0
MSFT,2026-03-04 16:05:00,404.88,405.025,405.05,403.965,6057.0,0.0
MSFT,2026-03-04 16:10:00,404.92,404.49,405.275,404.02,5385.0,0.0
MSFT,2026-03-04 16:15:00,404.49,405.22,405.38,404.24,6551.0,0.0
MSFT,2026-03-04 16:20:00,405.26,405.235,405.68,404.255,8815.0,0.0
MSFT,2026-03-04 16:25:00,405.15,405.7,405.73,404.255,5191.0,0.0
MSFT,2026-03-04 16:30:00,405.6,405.865,406.01,404.32,5493.0,0.0
MSFT,2026-03-04 16:35:00,405.865,405.975,406.31,405.555,8551.0,0.0
MSFT,2026-03-04 16:40:00,405.95,406.36,406.945,405.355,9836.0,0.0
MSFT,2026-03-04 16:45:00,406.44,406.41,407.35,406.305,10037.0,0.0
MSFT,2026-03-04 16:50:00,406.33,405.77,406.385,404.73,4262.0,0.0
MSFT,2026-03-04 16:55:00,405.76,405.135,405.9,404.3,5109.0,0.0
MSFT,2026-03-04 17:00:00,405.14,406.0,406.0,404.085,8766.0,0.0
MSFT,2026-03-04 17:05:00,406.0,407.465,407.805,405.985,18726.0,0.0
MSFT,2026-03-04 17:10:00,407.54,407.81,408.31,407.22,21211.0,0.0
MSFT,2026-03-04 17:15:00,407.78,408.33,408.995,407.15,7124.0,0.0
MSFT,2026-03-04 17:20:00,408.23,408.655,409.065,407.63,5152.0,0.0
MSFT,2026-03-04 17:25:00,408.655,407.265,408.94,407.265,5351.0,0.0
MSFT,2026-03-04 17:30:00,407.31,408.21,408.36,406.945,5405.0,0.0
MSFT,2026-03-04 17:35:00,408.28,408.775,408.82,408.15,4237.0,0.0
MSFT,2026-03-04 17:40:00,408.77,408.315,409.11,408.225,5062.0,0.0
MSFT,2026-03-04 17:45:00,408.32,408.53,408.74,408.14,4497.0,0.0
MSFT,2026-03-04 17:50:00,408.5,406.765,408.615,406.485,13519.0,0.0
MSFT,2026-03-04 17:55:00,406.805,407.925,408.62,406.23,10332.0,0.0
MSFT,2026-03-04 18:00:00,407.895,408.97,409.3,407.895,17611.0,0.0
MSFT,2026-03-04 18:05:00,408.935,409.635,409.895,408.87,11584.0,0.0
MSFT,2026-03-04 18:10:00,409.755,409.995,410.485,409.335,11065.0,0.0
MSFT,2026-03-04 18:15:00,409.965,410.06,410.215,409.65,5135.0,0.0
MSFT,2026-03-04 18:20:00,410.1,409.89,410.15,408.855,9430.0,0.0
MSFT,2026-03-04 18:25:00,409.825,410.05,410.395,409.725,11720.0,0.0
MSFT,2026-03-04 18:30:00,410.08,410.48,410.66,409.245,4927.0,0.0
MSFT,2026-03-04 18:35:00,410.49,410.51,410.97,410.19,6218.0,0.0
MSFT,2026-03-04 18:40:00,410.51,410.22,410.66,410.105,4171.0,0.0
MSFT,2026-03-04 18:45:00,410.24,410.515,410.515,409.06,4184.0,0.0
MSFT,2026-03-04 18:50:00,410.46,410.035,410.63,409.98,4224.0,0.0
MSFT,2026-03-04 18:55:00,410.03,409.205,410.03,407.55,7426.0,0.0
MSFT,2026-03-04 19:00:00,409.23,409.68,409.83,409.195,4107.0,0.0
MSFT,2026-03-04 19:05:00,409.685,409.75,410.13,409.565,6683.0,0.0
MSFT,2026-03-04 19:10:00,409.765,409.415,410.04,409.36,5464.0,0.0
MSFT,2026-03-04 19:15:00,409.385,409.295,409.61,407.64,6662.0,0.0
MSFT,2026-03-04 19:20:00,409.34,409.275,409.37,407.63,2850.0,0.0
MSFT,2026-03-04 19:25:00,409.295,409.03,409.315,407.49,4288.0,0.0
MSFT,2026-03-04 19:30:00,409.01,409.06,409.495,408.82,2862.0,0.0
MSFT,2026-03-04 19:35:00,409.06,409.46,409.55,408.95,3937.0,0.0
MSFT,2026-03-04 19:40:00,409.515,409.69,409.72,409.325,5509.0,0.0
MSFT,2026-03-04 19:45:00,409.71,409.6,409.75,408.74,4082.0,0.0
MSFT,2026-03-04 19:50:00,409.6,409.615,409.92,409.545,3590.0,0.0
MSFT,2026-03-04 19:55:00,409.61,409.27,409.645,409.2,8601.0,0.0
MSFT,2026-03-04 20:00:00,409.255,409.155,410.095,408.64,3953.0,0.0
MSFT,2026-03-04 20:05:00,409.155,408.505,409.215,407.175,8414.0,0.0
MSFT,2026-03-04 20:10:00,408.5,408.49,409.395,408.075,8279.0,0.0
MSFT,2026-03-04 20:15:00,408.47,407.73,409.41,407.67,6738.0,0.0
MSFT,2026-03-04 20:20:00,407.68,407.935,408.915,407.47,4387.0,0.0
MSFT,2026-03-04 20:25:00,407.96,407.97,408.155,407.0,7106.0,0.0
MSFT,2026-03-04 20:30:00,407.9,407.25,408.19,407.25,5820.0,0.0
MSFT,2026-03-04 20:35:00,407.285,406.935,407.735,406.84,10328.0,0.0
MSFT,2026-03-04 20:40:00,406.93,406.9,407.225,406.755,15389.0,0.0
MSFT,2026-03-04 20:45:00,406.8,406.89,407.08,406.46,9187.0,0.0
MSFT,2026-03-04 20:50:00,406.92,406.195,407.085,405.915,62680.0,0.0
MSFT,2026-03-04 20:55:00,405.57,405.0,405.725,405.0,56224.0,0.0
MSFT,2026-03-05 14:30:00,404.55,407.25,408.255,404.45,9958.0,0.0
MSFT,2026-03-05 14:35:00,407.18,407.5,408.69,406.42,6614.0,0.0
MSFT,2026-03-05 14:40:00,407.835,409.015,409.35,407.455,6676.0,0.0
MSFT,2026-03-05 14:45:00,408.88,409.23,410.375,408.72,9711.0,0.0
MSFT,2026-03-05 14:50:00,409.18,410.875,410.915,408.765,5919.0,0.0
MSFT,2026-03-05 14:55:00,410.785,410.69,411.04,409.705,11073.0,0.0
MSFT,2026-03-05 15:00:00,410.91,410.43,411.495,409.99,10097.0,0.0
MSFT,2026-03-05 15:05:00,410.425,410.605,411.19,410.1,4475.0,0.0
MSFT,2026-03-05 15:10:00,410.55,411.09,411.2,409.885,7004.0,0.0
MSFT,2026-03-05 15:15:00,411.09,409.88,412.12,409.8,10802.0,0.0
MSFT,2026-03-05 15:20:00,409.64,407.92,409.83,407.77,12816.0,0.0
MSFT,2026-03-05 15:25:00,407.83,407.375,408.24,407.02,8587.0,0.0
MSFT,2026-03-05 15:30:00,407.33,406.27,407.705,405.92,6142.0,0.0
MSFT,2026-03-05 15:35:00,406.245,407.545,407.6,405.97,3019.0,0.0
MSFT,2026-03-05 15:40:00,407.73,407.55,408.33,406.97,2271.0,0.0
MSFT,2026-03-05 15:45:00,407.55,407.885,408.58,407.52,2250.0,0.0
MSFT,2026-03-05 15:50:00,407.95,408.14,408.63,407.95,4370.0,0.0
MSFT,2026-03-05 15:55:00,408.4,407.03,408.54,406.68,7900.0,0.0
MSFT,2026-03-05 16:00:00,407.065,407.05,407.94,406.82,5230.0,0.0
MSFT,2026-03-05 16:05:00,407.06,406.38,407.77,406.32,5004.0,0.0
MSFT,2026-03-05 16:10:00,406.25,405.94,407.195,404.43,3848.0,0.0
MSFT,2026-03-05 16:15:00,405.9,405.615,407.325,405.585,5874.0,0.0
MSFT,2026-03-05 16:20:00,405.785,406.83,407.565,405.7,6357.0,0.0
MSFT,2026-03-05 16:25:00,406.77,406.63,407.99,406.59,4394.0,0.0
MSFT,2026-03-05 16:30:00,406.695,407.06,407.975,406.56,8016.0,0.0
MSFT,2026-03-05 16:35:00,407.25,408.915,409.14,407.245,4046.0,0.0
MSFT,2026-03-05 16:40:00,408.925,407.74,408.945,407.72,3270.0,0.0
MSFT,2026-03-05 16:45:00,407.79,408.04,408.44,407.79,3466.0,0.0
MSFT,2026-03-05 16:50:00,408.13,408.19,408.585,407.94,2923.0,0.0
MSFT,2026-03-05 16:55:00,408.19,410.4,410.575,408.19,5262.0,0.0
MSFT,2026-03-05 17:00:00,410.45,411.24,411.28,409.93,5323.0,0.0
MSFT,2026-03-05 17:05:00,411.185,410.735,413.205,410.735,9596.0,0.0
MSFT,2026-03-05 17:10:00,410.675,410.78,411.27,409.87,7602.0,0.0
MSFT,2026-03-05 17:15:00,410.745,409.43,410.75,409.22,10734.0,0.0
MSFT,2026-03-05 17:20:00,409.27,409.85,409.99,409.17,7682.0,0.0
MSFT,2026-03-05 17:25:00,409.795,409.28,410.2,409.065,6698.0,0.0
MSFT,2026-03-05 17:30:00,409.535,409.31,409.965,408.775,6704.0,0.0
MSFT,2026-03-05 17:35:00,409.36,410.48,410.63,409.36,2501.0,0.0
MSFT,2026-03-05 17:40:00,410.56,409.92,411.045,409.695,2253.0,0.0
MSFT,2026-03-05 17:45:00,409.955,409.12,410.25,409.1,3535.0,0.0
MSFT,2026-03-05 17:50:00,409.205,409.37,410.56,408.965,12290.0,0.0
MSFT,2026-03-05 17:55:00,409.31,408.725,409.935,408.47,12701.0,0.0
MSFT,2026-03-05 18:00:00,408.725,409.6,409.8,408.14,3113.0,0.0
MSFT,2026-03-05 18:05:00,409.455,409.74,410.27,409.3,5751.0,0.0
MSFT,2026-03-05 18:10:00,409.99,410.09,410.11,409.135,5347.0,0.0
MSFT,2026-03-05 18:15:00,410.0,408.435,410.17,408.415,3782.0,0.0
MSFT,2026-03-05 18:20:00,408.735,409.06,409.49,408.395,3923.0,0.0
MSFT,2026-03-05 18:25:00,409.12,408.53,409.19,408.255,4424.0,0.0
MSFT,2026-03-05 18:30:00,408.5,408.27,408.91,407.895,3198.0,0.0
MSFT,2026-03-05 18:35:00,408.25,407.76,409.095,407.56,6152.0,0.0
MSFT,2026-03-05 18:40:00,407.765,409.465,409.64,407.765,7720.0,0.0
MSFT,2026-03-05 18:45:00,409.465,409.14,409.99,408.69,5243.0,0.0
MSFT,2026-03-05 18:50:00,409.075,407.85,409.8,407.81,2765.0,0.0
MSFT,2026-03-05 18:55:00,407.9,408.155,409.22,407.805,7957.0,0.0
MSFT,2026-03-05 19:00:00,408.2,408.09,409.31,407.99,2366.0,0.0
MSFT,2026-03-05 19:05:00,408.155,408.88,409.375,408.155,2825.0,0.0
MSFT,2026-03-05 19:10:00,408.9,409.325,409.87,408.6,3621.0,0.0
MSFT,2026-03-05 19:15:00,409.325,409.02,409.78,408.26,3230.0,0.0
MSFT,2026-03-05 19:20:00,409.03,408.99,409.615,408.61,4836.0,0.0
MSFT,2026-03-05 19:25:00,409.06,409.19,409.615,408.69,3329.0,0.0
MSFT,2026-03-05 19:30:00,409.145,408.48,409.67,408.115,4726.0,0.0
MSFT,2026-03-05 19:35:00,408.49,408.76,409.45,407.92,3757.0,0.0
MSFT,2026-03-05 19:40:00,408.78,409.085,409.555,408.62,6212.0,0.0
MSFT,2026-03-05 19:45:00,409.26,409.625,409.86,408.92,7182.0,0.0
MSFT,2026-03-05 19:50:00,409.63,409.29,410.14,409.27,5390.0,0.0
MSFT,2026-03-05 19:55:00,409.265,409.62,409.71,408.79,10733.0,0.0
MSFT,2026-03-05 20:00:00,409.6,409.7,410.18,408.8,7076.0,0.0
MSFT,2026-03-05 20:05:00,409.66,410.395,410.475,409.145,4935.0,0.0
MSFT,2026-03-05 20:10:00,410.395,409.215,410.59,408.355,3815.0,0.0
MSFT,2026-03-05 20:15:00,409.24,409.23,409.835,408.775,5340.0,0.0
MSFT,2026-03-05 20:20:00,409.17,409.735,409.805,409.02,7085.0,0.0
MSFT,2026-03-05 20:25:00,409.74,409.9,410.51,409.7,7487.0,0.0
MSFT,2026-03-05 20:30:00,409.905,410.31,410.595,409.685,7067.0,0.0
MSFT,2026-03-05 20:35:00,410.33,409.97,410.575,409.905,9003.0,0.0
MSFT,2026-03-05 20:40:00,410.07,409.74,410.28,409.505,12570.0,0.0
MSFT,2026-03-05 20:45:00,409.705,410.505,410.575,409.085,12183.0,0.0
MSFT,2026-03-05 20:50:00,410.595,410.45,411.08,409.815,27998.0,0.0
MSFT,2026-03-05 20:55:00,410.405,410.6,411.03,409.94,80613.0,0.0
MSFT,2026-03-06 14:30:00,409.3,411.82,412.58,409.08,28643.0,0.0
MSFT,2026-03-06 14:35:00,411.835,411.945,412.22,409.59,6025.0,0.0
MSFT,2026-03-06 14:40:00,412.22,411.165,413.035,411.165,6624.0,0.0
MSFT,2026-03-06 14:45:00,411.15,409.8,411.15,409.27,3530.0,0.0
MSFT,2026-03-06 14:50:00,409.92,410.27,412.275,409.62,2161.0,0.0
MSFT,2026-03-06 14:55:00,410.24,410.47,410.905,409.455,3832.0,0.0
MSFT,2026-03-06 15:00:00,410.59,410.65,412.48,410.085,3108.0,0.0
MSFT,2026-03-06 15:05:00,410.765,409.45,412.235,409.14,2826.0,0.0
MSFT,2026-03-06 15:10:00,409.38,411.305,411.57,409.38,4418.0,0.0
MSFT,2026-03-06 15:15:00,411.32,410.4,412.57,410.335,5134.0,0.0
MSFT,2026-03-06 15:20:00,410.385,410.77,412.525,410.2,2709.0,0.0
MSFT,2026-03-06 15:25:00,410.715,410.98,412.27,410.44,2777.0,0.0
MSFT,2026-03-06 15:30:00,411.37,412.25,412.75,411.34,3679.0,0.0
MSFT,2026-03-06 15:35:00,412.23,412.735,412.885,411.83,8902.0,0.0
MSFT,2026-03-06 15:40:00,412.39,411.43,412.41,410.64,2620.0,0.0
MSFT,2026-03-06 15:45:00,411.35,410.57,411.66,410.54,2419.0,0.0
MSFT,2026-03-06 15:50:00,410.495,409.59,410.495,409.47,3455.0,0.0
MSFT,2026-03-06 15:55:00,409.945,411.06,412.08,409.945,3327.0,0.0
MSFT,2026-03-06 16:00:00,411.105,412.7,412.845,411.0,6551.0,0.0
MSFT,2026-03-06 16:05:00,412.7,412.15,412.705,412.04,6793.0,0.0
MSFT,2026-03-06 16:10:00,412.075,412.29,412.46,411.76,4268.0,0.0
MSFT,2026-03-06 16:15:00,412.21,412.67,412.8,411.9,6696.0,0.0
MSFT,2026-03-06 16:20:00,412.53,412.15,412.69,411.52,8040.0,0.0
MSFT,2026-03-06 16:25:00,412.26,412.08,412.31,411.7,3958.0,0.0
MSFT,2026-03-06 16:30:00,412.05,411.56,412.945,411.48,3783.0,0.0
MSFT,2026-03-06 16:35:00,411.56,412.25,412.94,411.475,1280.0,0.0
MSFT,2026-03-06 16:40:00,412.31,411.255,412.705,411.195,4086.0,0.0
MSFT,2026-03-06 16:45:00,411.095,412.295,412.85,411.095,4052.0,0.0
MSFT,2026-03-06 16:50:00,412.28,411.935,413.2,411.78,5684.0,0.0
MSFT,2026-03-06 16:55:00,411.9,411.91,412.765,411.585,2406.0,0.0
MSFT,2026-03-06 17:00:00,411.91,412.4,412.615,411.52,4707.0,0.0
MSFT,2026-03-06 17:05:00,412.4,411.44,412.68,411.18,2311.0,0.0
MSFT,2026-03-06 17:10:00,411.32,410.905,411.865,410.63,4314.0,0.0
MSFT,2026-03-06 17:15:00,410.96,410.795,411.635,410.625,4717.0,0.0
MSFT,2026-03-06 17:20:00,410.845,410.93,411.83,410.495,1836.0,0.0
MSFT,2026-03-06 17:25:00,410.93,410.815,411.195,410.25,1536.0,0.0
MSFT,2026-03-06 17:30:00,410.67,410.46,410.895,410.34,3655.0,0.0
MSFT,2026-03-06 17:35:00,410.43,409.5,410.54,409.38,7035.0,0.0
MSFT,2026-03-06 17:40:00,409.53,409.31,410.195,408.81,6415.0,0.0
MSFT,2026-03-06 17:45:00,409.24,409.93,410.045,408.87,6850.0,0.0
MSFT,2026-03-06 17:50:00,409.96,409.89,410.465,409.71,4670.0,0.0
MSFT,2026-03-06 17:55:00,409.91,409.74,410.38,409.655,3156.0,0.0
MSFT,2026-03-06 18:00:00,409.73,409.77,410.33,409.7,3266.0,0.0
MSFT,2026-03-06 18:05:00,409.79,409.855,410.49,409.695,4587.0,0.0
MSFT,2026-03-06 18:10:00,409.91,410.95,411.04,409.46,5416.0,0.0
MSFT,2026-03-06 18:15:00,410.935,410.985,411.52,410.44,3358.0,0.0
MSFT,2026-03-06 18:20:00,410.99,410.44,411.445,410.1,1918.0,0.0
MSFT,2026-03-06 18:25:00,410.53,409.805,410.53,409.595,2051.0,0.0
MSFT,2026-03-06 18:30:00,409.815,410.16,411.11,409.72,11219.0,0.0
MSFT,2026-03-06 18:35:00,410.16,410.07,411.05,409.64,1201.0,0.0
MSFT,2026-03-06 18:40:00,410.07,410.42,411.035,410.0,4146.0,0.0
MSFT,2026-03-06 18:45:00,410.43,410.39,411.25,410.035,4635.0,0.0
MSFT,2026-03-06 18:50:00,410.4,410.07,410.5,409.61,3474.0,0.0
MSFT,2026-03-06 18:55:00,410.065,409.775,410.795,409.585,3424.0,0.0
MSFT,2026-03-06 19:00:00,409.82,409.98,410.915,409.82,8294.0,0.0
MSFT,2026-03-06 19:05:00,409.965,410.605,411.415,409.9,3256.0,0.0
MSFT,2026-03-06 19:10:00,410.6,411.28,411.49,410.55,3815.0,0.0
MSFT,2026-03-06 19:15:00,411.11,410.605,411.355,410.25,3479.0,0.0
MSFT,2026-03-06 19:20:00,410.54,409.9,411.245,409.89,4069.0,0.0
MSFT,2026-03-06 19:25:00,409.87,409.91,411.075,409.675,6114.0,0.0
MSFT,2026-03-06 19:30:00,409.85,410.305,411.185,409.845,2980.0,0.0
MSFT,2026-03-06 19:35:00,410.305,410.07,411.13,409.68,3724.0,0.0
MSFT,2026-03-06 19:40:00,410.07,409.89,411.285,409.885,2518.0,0.0
MSFT,2026-03-06 19:45:00,409.9,409.7,410.045,409.345,2806.0,0.0
MSFT,2026-03-06 19:50:00,409.715,410.2,410.22,409.44,3638.0,0.0
MSFT,2026-03-06 19:55:00,410.2,410.45,411.255,410.185,2517.0,0.0
MSFT,2026-03-06 20:00:00,410.4,411.27,411.715,410.39,3699.0,0.0
MSFT,2026-03-06 20:05:00,411.35,411.0,411.525,411.0,3629.0,0.0
MSFT,2026-03-06 20:10:00,411.12,410.71,411.28,410.25,6080.0,0.0
MSFT,2026-03-06 20:15:00,410.695,410.65,411.3,410.075,7079.0,0.0
MSFT,2026-03-06 20:20:00,410.63,409.88,411.055,409.645,5752.0,0.0
MSFT,2026-03-06 20:25:00,409.88,409.37,410.665,409.255,6353.0,0.0
MSFT,2026-03-06 20:30:00,409.325,409.12,410.635,408.93,6716.0,0.0
MSFT,2026-03-06 20:35:00,408.885,409.38,409.725,408.52,6675.0,0.0
MSFT,2026-03-06 20:40:00,409.18,409.58,410.09,408.995,5436.0,0.0
MSFT,2026-03-06 20:45:00,409.76,409.255,409.935,409.14,6013.0,0.0
MSFT,2026-03-06 20:50:00,409.34,409.455,410.515,408.865,7775.0,0.0
MSFT,2026-03-06 20:55:00,409.4,408.75,410.455,408.655,21377.0,0.0
MSFT,2026-03-09 13:30:00,404.915,407.45,408.4,404.67,11175.0,0.0
MSFT,2026-03-09 13:35:00,407.535,404.92,407.535,404.81,16555.0,0.0
MSFT,2026-03-09 13:40:00,404.905,404.725,405.24,403.67,8155.0,0.0
MSFT,2026-03-09 13:45:00,405.125,403.655,405.125,403.61,8998.0,0.0
MSFT,2026-03-09 13:50:00,403.935,404.675,404.97,403.89,4690.0,0.0
MSFT,2026-03-09 13:55:00,404.62,405.47,405.78,404.39,3214.0,0.0
MSFT,2026-03-09 14:00:00,405.43,407.38,407.38,404.275,2601.0,0.0
MSFT,2026-03-09 14:05:00,407.635,405.63,407.635,405.03,1994.0,0.0
MSFT,2026-03-09 14:10:00,405.73,405.1,406.15,404.32,6308.0,0.0
MSFT,2026-03-09 14:15:00,404.92,404.915,405.385,404.24,3016.0,0.0
MSFT,2026-03-09 14:20:00,405.0,405.51,407.02,404.665,2138.0,0.0
MSFT,2026-03-09 14:25:00,405.79,405.045,406.33,404.91,4948.0,0.0
MSFT,2026-03-09 14:30:00,405.07,405.515,405.96,404.76,5125.0,0.0
MSFT,2026-03-09 14:35:00,405.64,406.29,406.68,404.46,2051.0,0.0
MSFT,2026-03-09 14:40:00,406.4,406.5,406.5,404.7,1659.0,0.0
MSFT,2026-03-09 14:45:00,406.73,407.7,407.83,406.595,6886.0,0.0
MSFT,2026-03-09 14:50:00,407.6,408.45,408.45,407.5,5381.0,0.0
MSFT,2026-03-09 14:55:00,408.41,407.5,409.045,407.33,7596.0,0.0
MSFT,2026-03-09 15:00:00,407.71,407.48,408.835,407.28,9346.0,0.0
MSFT,2026-03-09 15:05:00,407.59,406.965,407.745,406.965,12710.0,0.0
MSFT,2026-03-09 15:10:00,407.04,408.18,408.485,406.71,3637.0,0.0
MSFT,2026-03-09 15:15:00,408.545,408.35,409.11,408.07,17080.0,0.0
MSFT,2026-03-09 15:20:00,408.4,408.595,409.155,408.2,3200.0,0.0
MSFT,2026-03-09 15:25:00,408.6,408.575,409.335,408.28,5771.0,0.0
MSFT,2026-03-09 15:30:00,408.565,408.4,409.38,408.27,1724.0,0.0
MSFT,2026-03-09 15:35:00,408.26,408.46,408.81,408.115,6311.0,0.0
MSFT,2026-03-09 15:40:00,408.375,408.69,408.995,408.265,3487.0,0.0
MSFT,2026-03-09 15:45:00,408.61,408.28,409.025,408.24,5085.0,0.0
MSFT,2026-03-09 15:50:00,408.345,408.18,408.35,407.8,6450.0,0.0
MSFT,2026-03-09 15:55:00,408.31,408.13,408.48,407.98,5568.0,0.0
MSFT,2026-03-09 16:00:00,408.155,408.22,408.51,407.92,11085.0,0.0
MSFT,2026-03-09 16:05:00,408.39,408.23,408.635,408.07,5229.0,0.0
MSFT,2026-03-09 16:10:00,408.21,407.64,408.63,407.53,8592.0,0.0
MSFT,2026-03-09 16:15:00,407.63,407.83,408.04,407.5,3433.0,0.0
MSFT,2026-03-09 16:20:00,407.94,407.405,408.305,407.11,14825.0,0.0
MSFT,2026-03-09 16:25:00,407.405,406.87,408.545,406.84,5074.0,0.0
MSFT,2026-03-09 16:30:00,406.92,406.825,407.755,404.645,4111.0,0.0
MSFT,2026-03-09 16:35:00,406.92,407.195,407.25,406.12,3107.0,0.0
MSFT,2026-03-09 16:40:00,407.19,407.365,407.75,407.19,2575.0,0.0
MSFT,2026-03-09 16:45:00,407.37,407.225,407.715,407.09,4223.0,0.0
MSFT,2026-03-09 16:50:00,407.175,407.14,407.425,406.92,3065.0,0.0
MSFT,2026-03-09 16:55:00,407.135,407.13,407.9,407.04,2313.0,0.0
MSFT,2026-03-09 17:00:00,407.185,406.88,407.62,406.54,3862.0,0.0
MSFT,2026-03-09 17:05:00,406.87,407.09,407.15,406.715,2285.0,0.0
MSFT,2026-03-09 17:10:00,407.01,406.895,407.185,406.74,1207.0,0.0
MSFT,2026-03-09 17:15:00,406.87,406.1,407.15,405.93,2674.0,0.0
MSFT,2026-03-09 17:20:00,405.95,405.65,406.1,404.565,1888.0,0.0
MSFT,2026-03-09 17:25:00,405.595,405.165,405.92,405.07,2690.0,0.0
MSFT,2026-03-09 17:30:00,405.215,405.115,405.34,404.13,5035.0,0.0
MSFT,2026-03-09 17:35:00,405.31,405.115,405.365,404.09,2874.0,0.0
MSFT,2026-03-09 17:40:00,405.105,404.71,405.155,404.025,6378.0,0.0
MSFT,2026-03-09 17:45:00,404.59,405.04,405.45,404.59,2148.0,0.0
MSFT,2026-03-09 17:50:00,404.88,405.295,405.34,404.55,3575.0,0.0
MSFT,2026-03-09 17:55:00,405.13,405.0,405.78,404.65,1637.0,0.0
MSFT,2026-03-09 18:00:00,404.9,405.14,405.92,404.85,4043.0,0.0
MSFT,2026-03-09 18:05:00,405.18,404.58,405.445,404.545,3385.0,0.0
MSFT,2026-03-09 18:10:00,404.58,405.08,405.65,404.55,11724.0,0.0
MSFT,2026-03-09 18:15:00,405.09,405.33,405.765,404.95,1517.0,0.0
MSFT,2026-03-09 18:20:00,405.265,405.195,405.695,404.585,2035.0,0.0
MSFT,2026-03-09 18:25:00,405.17,404.925,405.65,404.77,14034.0,0.0
MSFT,2026-03-09 18:30:00,404.92,405.96,405.96,404.89,3432.0,0.0
MSFT,2026-03-09 18:35:00,405.855,405.49,406.15,405.2,3042.0,0.0
MSFT,2026-03-09 18:40:00,405.475,405.325,405.51,405.07,2961.0,0.0
MSFT,2026-03-09 18:45:00,405.41,405.51,405.805,405.125,4135.0,0.0
MSFT,2026-03-09 18:50:00,405.47,405.515,405.545,405.105,2125.0,0.0
MSFT,2026-03-09 18:55:00,405.515,404.95,405.515,404.835,1369.0,0.0
MSFT,2026-03-09 19:00:00,405.03,404.8,405.17,404.8,1987.0,0.0
MSFT,2026-03-09 19:05:00,404.87,404.98,405.02,404.095,3720.0,0.0
MSFT,2026-03-09 19:10:00,404.95,404.905,405.31,404.525,3831.0,0.0
MSFT,2026-03-09 19:15:00,404.905,406.515,406.515,404.75,2915.0,0.0
MSFT,2026-03-09 19:20:00,406.45,406.74,408.655,406.45,4173.0,0.0
MSFT,2026-03-09 19:25:00,406.725,407.89,408.655,406.725,1300.0,0.0
MSFT,2026-03-09 19:30:00,407.88,408.81,408.81,406.87,3665.0,0.0
MSFT,2026-03-09 19:35:00,408.825,409.56,409.56,408.115,2899.0,0.0
MSFT,2026-03-09 19:40:00,409.39,408.83,409.42,408.105,4729.0,0.0
MSFT,2026-03-09 19:45:00,408.81,408.86,409.535,408.565,2275.0,0.0
MSFT,2026-03-09 19:50:00,408.81,409.07,409.505,408.81,4321.0,0.0
MSFT,2026-03-09 19:55:00,409.1,409.42,410.185,409.09,20540.0,0.0
MSFT,2026-03-10 13:30:00,410.03,407.715,410.03,407.16,20134.0,0.0
MSFT,2026-03-10 13:35:00,407.67,406.32,407.67,406.32,5203.0,0.0
MSFT,2026-03-10 13:40:00,406.0,406.11,406.19,404.4,6571.0,0.0
MSFT,2026-03-10 13:45:00,405.93,405.34,406.175,404.54,7838.0,0.0
MSFT,2026-03-10 13:50:00,405.59,405.955,406.195,405.155,1755.0,0.0
MSFT,2026-03-10 13:55:00,405.87,404.85,406.17,404.755,1667.0,0.0
MSFT,2026-03-10 14:00:00,404.86,404.6,404.88,403.435,8274.0,0.0
MSFT,2026-03-10 14:05:00,404.57,403.29,404.935,401.995,5652.0,0.0
MSFT,2026-03-10 14:10:00,403.325,404.11,404.18,402.095,7467.0,0.0
MSFT,2026-03-10 14:15:00,404.07,403.765,404.255,403.355,5571.0,0.0
MSFT,2026-03-10 14:20:00,403.62,403.38,404.31,402.24,12946.0,0.0
MSFT,2026-03-10 14:25:00,403.365,404.37,404.68,403.2,12289.0,0.0
MSFT,2026-03-10 14:30:00,404.44,404.94,405.0,403.665,6190.0,0.0
MSFT,2026-03-10 14:35:00,404.89,405.655,405.72,404.485,11605.0,0.0
MSFT,2026-03-10 14:40:00,405.595,405.61,406.085,405.06,4797.0,0.0
MSFT,2026-03-10 14:45:00,405.62,405.585,405.825,405.145,6676.0,0.0
MSFT,2026-03-10 14:50:00,405.715,405.73,405.95,405.38,4613.0,0.0
MSFT,2026-03-10 14:55:00,405.76,405.93,406.19,405.405,3505.0,0.0
MSFT,2026-03-10 15:00:00,405.9,406.27,406.61,405.8,5231.0,0.0
MSFT,2026-03-10 15:05:00,406.28,405.13,406.385,405.1,10988.0,0.0
MSFT,2026-03-10 15:10:00,405.145,405.785,405.98,404.835,4510.0,0.0
MSFT,2026-03-10 15:15:00,405.76,406.605,406.635,404.91,5033.0,0.0
MSFT,2026-03-10 15:20:00,406.585,406.135,406.66,405.055,4175.0,0.0
MSFT,2026-03-10 15:25:00,406.185,406.025,406.35,405.87,9178.0,0.0
MSFT,2026-03-10 15:30:00,406.03,405.665,406.045,405.27,4951.0,0.0
MSFT,2026-03-10 15:35:00,405.73,406.165,406.185,405.23,4773.0,0.0
MSFT,2026-03-10 15:40:00,406.19,406.32,406.92,405.72,9447.0,0.0
MSFT,2026-03-10 15:45:00,406.2,406.055,406.72,405.83,5012.0,0.0
MSFT,2026-03-10 15:50:00,406.115,406.21,406.32,405.78,5654.0,0.0
MSFT,2026-03-10 15:55:00,406.18,406.525,406.835,405.805,4991.0,0.0
MSFT,2026-03-10 16:00:00,406.365,406.44,406.785,405.66,5761.0,0.0
MSFT,2026-03-10 16:05:00,406.44,405.7,406.62,405.42,15828.0,0.0
MSFT,2026-03-10 16:10:00,405.69,405.81,405.94,404.98,15960.0,0.0
MSFT,2026-03-10 16:15:00,405.75,406.1,406.245,405.26,15252.0,0.0
MSFT,2026-03-10 16:20:00,406.12,406.65,406.685,405.14,19916.0,0.0
MSFT,2026-03-10 16:25:00,406.66,406.985,407.36,405.595,17780.0,0.0
MSFT,2026-03-10 16:30:00,407.31,407.655,407.815,406.085,12188.0,0.0
MSFT,2026-03-10 16:35:00,407.65,407.865,407.91,406.185,5389.0,0.0
MSFT,2026-03-10 16:40:00,407.865,407.6,407.895,406.085,9886.0,0.0
MSFT,2026-03-10 16:45:00,407.61,406.63,407.68,405.79,7809.0,0.0
MSFT,2026-03-10 16:50:00,406.51,406.845,407.06,405.605,3117.0,0.0
MSFT,2026-03-10 16:55:00,406.845,406.12,406.86,405.7,2337.0,0.0
MSFT,2026-03-10 17:00:00,405.995,406.45,406.785,405.475,4378.0,0.0
MSFT,2026-03-10 17:05:00,406.395,406.495,408.195,405.64,1611.0,0.0
MSFT,2026-03-10 17:10:00,406.385,406.02,406.555,405.54,2851.0,0.0
MSFT,2026-03-10 17:15:00,406.03,406.66,406.66,405.35,4216.0,0.0
MSFT,2026-03-10 17:20:00,406.63,406.355,406.65,405.43,4080.0,0.0
MSFT,2026-03-10 17:25:00,406.37,406.37,408.17,405.595,2736.0,0.0
MSFT,2026-03-10 17:30:00,406.25,405.415,406.34,405.215,2773.0,0.0
MSFT,2026-03-10 17:35:00,405.505,405.13,405.505,404.435,1415.0,0.0
MSFT,2026-03-10 17:40:00,405.11,405.31,405.55,404.64,3191.0,0.0
MSFT,2026-03-10 17:45:00,405.365,405.55,405.8,404.78,4322.0,0.0
MSFT,2026-03-10 17:50:00,405.48,405.925,405.96,404.865,3116.0,0.0
MSFT,2026-03-10 17:55:00,405.885,405.99,406.08,405.52,3038.0,0.0
MSFT,2026-03-10 18:00:00,406.0,406.085,406.13,405.46,2204.0,0.0
MSFT,2026-03-10 18:05:00,406.075,405.53,406.125,405.48,4264.0,0.0
MSFT,2026-03-10 18:10:00,405.62,404.41,406.12,404.24,7540.0,0.0
MSFT,2026-03-10 18:15:00,404.58,404.35,405.09,404.12,2366.0,0.0
MSFT,2026-03-10 18:20:00,404.385,405.06,405.4,404.095,2850.0,0.0
MSFT,2026-03-10 18:25:00,405.0,405.65,405.93,405.0,2930.0,0.0
MSFT,2026-03-10 18:30:00,405.8,405.23,405.93,404.67,2463.0,0.0
MSFT,2026-03-10 18:35:00,405.235,404.995,405.505,404.79,2351.0,0.0
MSFT,2026-03-10 18:40:00,404.66,404.71,405.23,404.58,4116.0,0.0
MSFT,2026-03-10 18:45:00,404.675,404.635,405.0,404.335,3975.0,0.0
MSFT,2026-03-10 18:50:00,404.62,404.81,405.105,404.46,1936.0,0.0
MSFT,2026-03-10 18:55:00,404.81,404.625,405.0,404.15,6241.0,0.0
MSFT,2026-03-10 19:00:00,404.595,404.165,404.645,403.575,7696.0,0.0
MSFT,2026-03-10 19:05:00,404.095,404.445,404.695,403.6,3780.0,0.0
MSFT,2026-03-10 19:10:00,404.41,404.665,404.695,403.67,3475.0,0.0
MSFT,2026-03-10 19:15:00,404.62,404.49,404.815,403.705,10771.0,0.0
MSFT,2026-03-10 19:20:00,404.495,404.57,404.84,403.795,2986.0,0.0
MSFT,2026-03-10 19:25:00,404.55,404.72,405.14,403.76,3912.0,0.0
MSFT,2026-03-10 19:30:00,404.74,404.715,404.84,403.785,3299.0,0.0
MSFT,2026-03-10 19:35:00,404.58,404.53,404.81,403.84,6248.0,0.0
MSFT,2026-03-10 19:40:00,404.555,404.81,405.06,403.82,3082.0,0.0
MSFT,2026-03-10 19:45:00,404.82,404.88,405.065,403.88,5029.0,0.0
MSFT,2026-03-10 19:50:00,404.89,405.33,406.14,404.395,9388.0,0.0
MSFT,2026-03-10 19:55:00,405.275,405.68,406.095,405.075,25159.0,0.0
MSFT,2026-03-11 13:30:00,405.96,407.31,408.42,405.96,15085.0,0.0
MSFT,2026-03-11 13:35:00,407.59,407.365,408.84,406.52,5436.0,0.0
MSFT,2026-03-11 13:40:00,407.85,407.71,408.95,406.44,4268.0,0.0
MSFT,2026-03-11 13:45:00,407.57,407.24,408.42,406.475,1795.0,0.0
MSFT,2026-03-11 13:50:00,407.135,406.62,407.25,405.81,1772.0,0.0
MSFT,2026-03-11 13:55:00,406.74,407.24,407.355,405.935,3009.0,0.0
MSFT,2026-03-11 14:00:00,407.09,407.345,408.15,407.025,4137.0,0.0
MSFT,2026-03-11 14:05:00,407.21,406.925,407.96,406.7,1287.0,0.0
MSFT,2026-03-11 14:10:00,406.72,406.175,407.12,405.795,4764.0,0.0
MSFT,2026-03-11 14:15:00,406.11,405.655,406.275,405.18,1044.0,0.0
MSFT,2026-03-11 14:20:00,405.5,404.405,405.5,402.89,2088.0,0.0
MSFT,2026-03-11 14:25:00,404.415,404.45,404.73,402.595,4269.0,0.0
MSFT,2026-03-11 14:30:00,404.46,403.665,404.825,403.14,5456.0,0.0
MSFT,2026-03-11 14:35:00,403.67,404.01,404.585,403.67,3842.0,0.0
MSFT,2026-03-11 14:40:00,403.885,404.62,405.0,403.29,3044.0,0.0
MSFT,2026-03-11 14:45:00,404.65,404.18,404.665,403.775,2325.0,0.0
MSFT,2026-03-11 14:50:00,404.17,404.32,405.12,403.355,5222.0,0.0
MSFT,2026-03-11 14:55:00,404.3,404.275,404.715,403.43,9007.0,0.0
MSFT,2026-03-11 15:00:00,404.3,403.995,405.215,403.62,4040.0,0.0
MSFT,2026-03-11 15:05:00,404.08,403.175,404.095,403.145,3454.0,0.0
MSFT,2026-03-11 15:10:00,403.165,401.96,403.34,401.62,6659.0,0.0
MSFT,2026-03-11 15:15:00,401.94,402.35,403.35,401.525,2238.0,0.0
MSFT,2026-03-11 15:20:00,402.34,403.05,403.625,402.325,2038.0,0.0
MSFT,2026-03-11 15:25:00,403.08,402.69,403.545,402.675,3885.0,0.0
MSFT,2026-03-11 15:30:00,402.68,403.37,403.41,402.39,2990.0,0.0
MSFT,2026-03-11 15:35:00,403.36,402.755,403.9,402.565,4912.0,0.0
MSFT,2026-03-11 15:40:00,402.73,402.7,403.085,402.63,5345.0,0.0
MSFT,2026-03-11 15:45:00,402.71,402.495,403.6,402.145,3213.0,0.0
MSFT,2026-03-11 15:50:00,402.65,403.36,403.8,402.65,4725.0,0.0
MSFT,2026-03-11 15:55:00,403.3,403.025,403.475,402.575,5411.0,0.0
MSFT,2026-03-11 16:00:00,403.03,402.095,403.26,402.06,7035.0,0.0
MSFT,2026-03-11 16:05:00,402.045,402.62,403.53,401.945,2542.0,0.0
MSFT,2026-03-11 16:10:00,402.635,403.14,403.16,402.54,3119.0,0.0
MSFT,2026-03-11 16:15:00,403.2,402.64,403.835,402.64,2475.0,0.0
MSFT,2026-03-11 16:20:00,402.68,403.015,403.63,401.32,3330.0,0.0
MSFT,2026-03-11 16:25:00,403.015,403.265,403.745,401.62,3338.0,0.0
MSFT,2026-03-11 16:30:00,403.265,403.62,404.05,403.24,4193.0,0.0
MSFT,2026-03-11 16:35:00,403.565,403.41,403.715,402.23,3412.0,0.0
MSFT,2026-03-11 16:40:00,403.36,403.34,404.78,402.385,1811.0,0.0
MSFT,2026-03-11 16:45:00,403.315,403.36,404.74,403.03,1990.0,0.0
MSFT,2026-03-11 16:50:00,403.345,403.71,403.85,403.335,3198.0,0.0
MSFT,2026-03-11 16:55:00,403.73,403.775,404.07,403.63,1736.0,0.0
MSFT,2026-03-11 17:00:00,403.76,403.91,404.9,402.63,2109.0,0.0
MSFT,2026-03-11 17:05:00,403.9,404.105,404.935,402.615,2900.0,0.0
MSFT,2026-03-11 17:10:00,404.05,403.98,404.07,402.67,2210.0,0.0
MSFT,2026-03-11 17:15:00,404.01,403.65,404.185,402.98,2279.0,0.0
MSFT,2026-03-11 17:20:00,403.665,404.225,404.335,403.61,2281.0,0.0
MSFT,2026-03-11 17:25:00,404.225,404.235,404.61,404.155,2092.0,0.0
MSFT,2026-03-11 17:30:00,404.235,404.17,404.55,403.995,2546.0,0.0
MSFT,2026-03-11 17:35:00,404.215,402.73,404.555,402.14,6347.0,0.0
MSFT,2026-03-11 17:40:00,402.9,402.98,403.79,402.55,2319.0,0.0
MSFT,2026-03-11 17:45:00,402.86,403.37,403.37,402.215,3787.0,0.0
MSFT,2026-03-11 17:50:00,403.435,403.5,404.17,403.405,2493.0,0.0
MSFT,2026-03-11 17:55:00,403.455,403.555,403.68,402.42,2551.0,0.0
MSFT,2026-03-11 18:00:00,403.6,403.665,404.17,402.345,1773.0,0.0
MSFT,2026-03-11 18:05:00,403.665,403.01,403.8,402.26,2390.0,0.0
MSFT,2026-03-11 18:10:00,403.01,403.47,403.47,402.13,17192.0,0.0
MSFT,2026-03-11 18:15:00,403.45,403.47,403.8,403.27,3322.0,0.0
MSFT,2026-03-11 18:20:00,403.47,403.595,404.16,403.435,2039.0,0.0
MSFT,2026-03-11 18:25:00,403.63,403.645,403.985,402.43,2732.0,0.0
MSFT,2026-03-11 18:30:00,403.645,404.0,404.285,402.98,2103.0,0.0
MSFT,2026-03-11 18:35:00,404.0,403.85,404.33,403.76,3195.0,0.0
MSFT,2026-03-11 18:40:00,403.78,403.65,404.14,402.47,2233.0,0.0
MSFT,2026-03-11 18:45:00,403.62,403.375,403.7,403.28,3249.0,0.0
MSFT,2026-03-11 18:50:00,403.41,404.0,404.13,402.98,3506.0,0.0
MSFT,2026-03-11 18:55:00,404.185,404.34,404.55,404.11,9967.0,0.0
MSFT,2026-03-11 19:00:00,404.335,403.83,404.615,402.615,6358.0,0.0
MSFT,2026-03-11 19:05:00,403.875,404.04,404.215,402.665,4760.0,0.0
MSFT,2026-03-11 19:10:00,404.05,403.63,404.385,403.615,3984.0,0.0
MSFT,2026-03-11 19:15:00,403.73,403.81,404.125,403.56,4364.0,0.0
MSFT,2026-03-11 19:20:00,403.66,403.58,404.125,403.34,3933.0,0.0
MSFT,2026-03-11 19:25:00,403.59,403.8,404.26,402.495,3007.0,0.0
MSFT,2026-03-11 19:30:00,403.89,404.285,404.555,402.56,5704.0,0.0
MSFT,2026-03-11 19:35:00,404.55,404.2,404.585,404.11,3622.0,0.0
MSFT,2026-03-11 19:40:00,404.2,404.42,404.605,404.16,3831.0,0.0
MSFT,2026-03-11 19:45:00,404.42,404.325,404.635,402.635,4101.0,0.0
MSFT,2026-03-11 19:50:00,404.34,404.565,404.78,402.735,6279.0,0.0
MSFT,2026-03-11 19:55:00,404.92,404.805,405.335,404.66,15351.0,0.0
MSFT,2026-03-12 13:30:00,404.63,404.46,405.75,403.88,7593.0,0.0
MSFT,2026-03-12 13:35:00,404.405,404.47,404.88,403.07,7890.0,0.0
MSFT,2026-03-12 13:40:00,404.68,404.295,405.04,404.21,4104.0,0.0
MSFT,2026-03-12 13:45:00,404.39,404.31,404.66,403.1,3355.0,0.0
MSFT,2026-03-12 13:50:00,404.26,402.67,404.73,402.395,2840.0,0.0
MSFT,2026-03-12 13:55:00,402.695,402.72,403.08,401.85,4211.0,0.0
MSFT,2026-03-12 14:00:00,402.88,403.115,403.645,402.88,2906.0,0.0
MSFT,2026-03-12 14:05:00,403.11,403.27,403.795,401.635,11555.0,0.0
MSFT,2026-03-12 14:10:00,403.455,404.355,404.52,403.455,7207.0,0.0
MSFT,2026-03-12 14:15:00,404.425,403.525,404.625,403.395,4272.0,0.0
MSFT,2026-03-12 14:20:00,403.5,404.16,404.215,403.31,3281.0,0.0
MSFT,2026-03-12 14:25:00,404.225,403.6,404.55,403.6,2844.0,0.0
MSFT,2026-03-12 14:30:00,403.545,403.355,403.68,402.89,7303.0,0.0
MSFT,2026-03-12 14:35:00,403.32,403.39,403.99,403.0,6772.0,0.0
MSFT,2026-03-12 14:40:00,403.435,404.655,404.655,401.65,4943.0,0.0
MSFT,2026-03-12 14:45:00,404.72,404.98,405.635,404.51,2607.0,0.0
MSFT,2026-03-12 14:50:00,404.96,405.46,405.66,404.58,5018.0,0.0
MSFT,2026-03-12 14:55:00,405.505,405.13,407.235,404.82,4588.0,0.0
MSFT,2026-03-12 15:00:00,405.185,404.29,405.46,404.125,3575.0,0.0
MSFT,2026-03-12 15:05:00,404.2,404.125,404.49,403.95,7146.0,0.0
MSFT,2026-03-12 15:10:00,403.78,403.03,404.135,402.75,6372.0,0.0
MSFT,2026-03-12 15:15:00,403.065,403.15,403.35,402.42,7272.0,0.0
MSFT,2026-03-12 15:20:00,403.15,403.78,404.07,403.125,6447.0,0.0
MSFT,2026-03-12 15:25:00,403.535,403.55,403.995,401.79,8445.0,0.0
MSFT,2026-03-12 15:30:00,403.71,403.57,403.945,403.43,5706.0,0.0
MSFT,2026-03-12 15:35:00,403.795,404.23,404.24,402.985,3530.0,0.0
MSFT,2026-03-12 15:40:00,404.19,403.85,404.34,403.625,3602.0,0.0
MSFT,2026-03-12 15:45:00,403.885,403.525,403.92,402.92,2747.0,0.0
MSFT,2026-03-12 15:50:00,403.48,403.995,404.13,403.39,1679.0,0.0
MSFT,2026-03-12 15:55:00,403.99,403.785,404.065,403.565,2138.0,0.0
MSFT,2026-03-12 16:00:00,403.89,403.95,403.965,403.41,3334.0,0.0
MSFT,2026-03-12 16:05:00,403.99,402.795,404.22,402.795,2356.0,0.0
MSFT,2026-03-12 16:10:00,403.0,403.8,403.8,401.495,2772.0,0.0
MSFT,2026-03-12 16:15:00,403.965,404.29,404.845,403.905,6834.0,0.0
MSFT,2026-03-12 16:20:00,404.41,405.02,405.345,403.88,7813.0,0.0
MSFT,2026-03-12 16:25:00,404.97,404.855,405.31,404.465,14882.0,0.0
MSFT,2026-03-12 16:30:00,404.855,405.51,407.13,404.615,8371.0,0.0
MSFT,2026-03-12 16:35:00,405.405,406.0,407.175,405.18,2886.0,0.0
MSFT,2026-03-12 16:40:00,406.07,405.23,407.105,404.525,6614.0,0.0
MSFT,2026-03-12 16:45:00,405.2,405.095,405.42,404.08,3074.0,0.0
MSFT,2026-03-12 16:50:00,405.085,404.84,405.25,404.54,6676.0,0.0
MSFT,2026-03-12 16:55:00,404.82,405.0,405.14,404.625,8429.0,0.0
MSFT,2026-03-12 17:00:00,404.98,405.91,405.925,404.805,9140.0,0.0
MSFT,2026-03-12 17:05:00,405.86,405.125,407.27,405.08,4871.0,0.0
MSFT,2026-03-12 17:10:00,405.12,404.89,405.29,404.585,16270.0,0.0
MSFT,2026-03-12 17:15:00,404.885,404.185,405.08,404.115,4290.0,0.0
MSFT,2026-03-12 17:20:00,404.255,404.44,404.84,404.085,3272.0,0.0
MSFT,2026-03-12 17:25:00,404.6,404.175,404.735,404.08,4820.0,0.0
MSFT,2026-03-12 17:30:00,404.375,404.525,404.81,404.345,4840.0,0.0
MSFT,2026-03-12 17:35:00,404.6,404.49,404.81,404.155,2655.0,0.0
MSFT,2026-03-12 17:40:00,404.59,404.17,404.78,404.09,2662.0,0.0
MSFT,2026-03-12 17:45:00,404.17,404.01,404.605,403.98,3689.0,0.0
MSFT,2026-03-12 17:50:00,404.05,403.745,404.26,403.52,5208.0,0.0
MSFT,2026-03-12 17:55:00,403.675,403.715,403.78,403.02,3698.0,0.0
MSFT,2026-03-12 18:00:00,403.74,403.85,404.13,402.93,2705.0,0.0
MSFT,2026-03-12 18:05:00,403.87,403.395,403.87,402.6,5338.0,0.0
MSFT,2026-03-12 18:10:00,403.325,403.36,403.47,403.125,3870.0,0.0
MSFT,2026-03-12 18:15:00,403.405,403.145,403.73,402.725,5119.0,0.0
MSFT,2026-03-12 18:20:00,403.205,403.24,403.715,402.86,4366.0,0.0
MSFT,2026-03-12 18:25:00,403.24,403.07,403.35,402.4,3807.0,0.0
MSFT,2026-03-12 18:30:00,403.07,402.975,403.25,402.52,3285.0,0.0
MSFT,2026-03-12 18:35:00,402.97,402.855,403.03,402.46,8218.0,0.0
MSFT,2026-03-12 18:40:00,402.885,402.735,403.0,402.475,6088.0,0.0
MSFT,2026-03-12 18:45:00,402.76,402.915,402.93,402.39,4200.0,0.0
MSFT,2026-03-12 18:50:00,402.935,403.32,403.64,402.93,6451.0,0.0
MSFT,2026-03-12 18:55:00,403.275,403.22,403.405,402.915,5001.0,0.0
MSFT,2026-03-12 19:00:00,403.205,403.31,403.75,403.145,4031.0,0.0
MSFT,2026-03-12 19:05:00,402.99,403.58,403.655,402.99,2861.0,0.0
MSFT,2026-03-12 19:10:00,403.55,403.015,403.69,402.85,7316.0,0.0
MSFT,2026-03-12 19:15:00,403.015,403.52,403.59,402.895,6429.0,0.0
MSFT,2026-03-12 19:20:00,403.515,403.815,404.06,402.9,6362.0,0.0
MSFT,2026-03-12 19:25:00,403.68,403.85,403.93,403.545,7851.0,0.0
MSFT,2026-03-12 19:30:00,403.84,403.685,404.025,403.63,5791.0,0.0
MSFT,2026-03-12 19:35:00,403.71,403.51,403.79,403.16,4982.0,0.0
MSFT,2026-03-12 19:40:00,403.51,403.09,403.53,402.935,6638.0,0.0
MSFT,2026-03-12 19:45:00,403.065,402.78,403.07,402.38,5025.0,0.0
MSFT,2026-03-12 19:50:00,402.81,402.695,402.99,402.22,7629.0,0.0
MSFT,2026-03-12 19:55:00,402.73,401.84,402.73,401.065,15155.0,0.0
MSFT,2026-03-13 13:30:00,401.24,400.85,401.305,400.045,11555.0,0.0
MSFT,2026-03-13 13:35:00,401.06,401.95,402.02,400.46,9483.0,0.0
MSFT,2026-03-13 13:40:00,402.09,404.01,404.09,402.085,8744.0,0.0
MSFT,2026-03-13 13:45:00,403.745,403.145,404.79,403.145,7289.0,0.0
MSFT,2026-03-13 13:50:00,402.755,402.63,402.94,402.09,7119.0,0.0
MSFT,2026-03-13 13:55:00,402.76,401.22,402.79,401.06,8929.0,0.0
MSFT,2026-03-13 14:00:00,401.285,400.83,401.77,399.71,7601.0,0.0
MSFT,2026-03-13 14:05:00,400.935,400.33,401.32,399.815,6055.0,0.0
MSFT,2026-03-13 14:10:00,400.3,400.525,400.79,399.585,7679.0,0.0
MSFT,2026-03-13 14:15:00,400.63,400.78,401.155,400.18,3826.0,0.0
MSFT,2026-03-13 14:20:00,400.82,400.77,401.335,400.69,3903.0,0.0
MSFT,2026-03-13 14:25:00,400.675,401.075,401.62,400.335,50433.0,0.0
MSFT,2026-03-13 14:30:00,401.255,402.01,402.545,400.47,6619.0,0.0
MSFT,2026-03-13 14:35:00,401.92,401.865,402.415,400.84,2696.0,0.0
MSFT,2026-03-13 14:40:00,401.84,401.365,402.03,400.52,3025.0,0.0
MSFT,2026-03-13 14:45:00,401.175,400.56,401.365,399.92,2152.0,0.0
MSFT,2026-03-13 14:50:00,400.61,399.595,400.82,399.595,4521.0,0.0
MSFT,2026-03-13 14:55:00,399.57,398.9,399.8,398.89,3505.0,0.0
MSFT,2026-03-13 15:00:00,399.01,398.185,399.22,398.085,3129.0,0.0
MSFT,2026-03-13 15:05:00,398.11,398.435,398.515,396.635,4059.0,0.0
MSFT,2026-03-13 15:10:00,398.41,398.935,399.11,398.105,2199.0,0.0
MSFT,2026-03-13 15:15:00,398.935,398.68,399.02,398.495,4848.0,0.0
MSFT,2026-03-13 15:20:00,398.695,397.74,398.94,397.725,8026.0,0.0
MSFT,2026-03-13 15:25:00,397.74,397.86,397.92,397.535,5115.0,0.0
MSFT,2026-03-13 15:30:00,397.82,397.85,398.145,397.535,7182.0,0.0
MSFT,2026-03-13 15:35:00,397.85,397.5,398.035,396.4,3827.0,0.0
MSFT,2026-03-13 15:40:00,397.485,396.475,397.535,395.945,8284.0,0.0
MSFT,2026-03-13 15:45:00,396.435,396.54,397.06,395.84,19389.0,0.0
MSFT,2026-03-13 15:50:00,396.49,396.045,396.575,395.675,14823.0,0.0
MSFT,2026-03-13 15:55:00,396.05,395.43,396.12,395.39,9965.0,0.0
MSFT,2026-03-13 16:00:00,395.405,396.045,396.4,395.385,2840.0,0.0
MSFT,2026-03-13 16:05:00,396.03,395.9,396.205,395.635,4284.0,0.0
MSFT,2026-03-13 16:10:00,395.905,396.12,396.43,395.48,5397.0,0.0
MSFT,2026-03-13 16:15:00,396.12,395.995,396.41,395.755,4780.0,0.0
MSFT,2026-03-13 16:20:00,396.0,396.5,396.79,395.905,3057.0,0.0
MSFT,2026-03-13 16:25:00,396.56,396.475,396.93,396.11,6654.0,0.0
MSFT,2026-03-13 16:30:00,396.495,396.135,396.71,395.9,12711.0,0.0
MSFT,2026-03-13 16:35:00,396.21,396.035,396.63,395.815,5085.0,0.0
MSFT,2026-03-13 16:40:00,395.925,395.695,396.14,395.485,5526.0,0.0
MSFT,2026-03-13 16:45:00,395.69,395.85,396.04,395.125,2792.0,0.0
MSFT,2026-03-13 16:50:00,395.9,396.185,396.5,395.745,3007.0,0.0
MSFT,2026-03-13 16:55:00,396.185,395.12,396.235,394.96,5507.0,0.0
MSFT,2026-03-13 17:00:00,395.225,395.435,395.515,395.1,1777.0,0.0
MSFT,2026-03-13 17:05:00,395.425,395.815,395.845,395.2,3678.0,0.0
MSFT,2026-03-13 17:10:00,395.82,396.0,396.0,395.3,2549.0,0.0
MSFT,2026-03-13 17:15:00,396.12,396.27,396.505,395.185,3255.0,0.0
MSFT,2026-03-13 17:20:00,396.335,396.36,396.515,395.74,3557.0,0.0
MSFT,2026-03-13 17:25:00,396.29,396.605,396.835,395.365,7599.0,0.0
MSFT,2026-03-13 17:30:00,396.67,396.565,396.785,396.17,4785.0,0.0
MSFT,2026-03-13 17:35:00,396.58,396.565,396.665,396.23,2145.0,0.0
MSFT,2026-03-13 17:40:00,396.57,396.46,396.59,396.11,1750.0,0.0
MSFT,2026-03-13 17:45:00,396.39,395.435,396.465,395.41,4205.0,0.0
MSFT,2026-03-13 17:50:00,395.435,395.865,395.895,395.105,3558.0,0.0
MSFT,2026-03-13 17:55:00,395.865,396.62,396.62,395.6,4240.0,0.0
MSFT,2026-03-13 18:00:00,396.64,397.17,397.39,395.85,3776.0,0.0
MSFT,2026-03-13 18:05:00,397.17,396.855,397.29,395.805,5779.0,0.0
MSFT,2026-03-13 18:10:00,396.85,396.965,397.11,396.675,2567.0,0.0
MSFT,2026-03-13 18:15:00,396.96,396.05,396.975,395.9,2255.0,0.0
MSFT,2026-03-13 18:20:00,396.055,395.63,396.345,395.52,2984.0,0.0
MSFT,2026-03-13 18:25:00,395.655,396.07,396.155,395.545,4225.0,0.0
MSFT,2026-03-13 18:30:00,396.035,396.365,396.48,395.89,2044.0,0.0
MSFT,2026-03-13 18:35:00,396.36,396.395,396.605,396.0,1319.0,0.0
MSFT,2026-03-13 18:40:00,396.4,395.875,396.43,395.615,3434.0,0.0
MSFT,2026-03-13 18:45:00,395.84,395.87,395.905,395.575,2533.0,0.0
MSFT,2026-03-13 18:50:00,395.87,396.12,396.33,395.045,3705.0,0.0
MSFT,2026-03-13 18:55:00,396.09,395.815,396.12,395.69,2669.0,0.0
MSFT,2026-03-13 19:00:00,395.73,395.335,395.82,393.595,2496.0,0.0
MSFT,2026-03-13 19:05:00,395.4,395.3,395.44,394.98,3204.0,0.0
MSFT,2026-03-13 19:10:00,395.31,395.29,395.415,394.215,2707.0,0.0
MSFT,2026-03-13 19:15:00,395.285,395.29,395.755,395.155,4712.0,0.0
MSFT,2026-03-13 19:20:00,395.27,394.95,395.3,393.455,9891.0,0.0
MSFT,2026-03-13 19:25:00,394.965,394.63,395.0,394.42,5872.0,0.0
MSFT,2026-03-13 19:30:00,394.61,395.03,395.2,394.33,4800.0,0.0
MSFT,2026-03-13 19:35:00,395.11,394.99,395.155,394.485,4964.0,0.0
MSFT,2026-03-13 19:40:00,394.95,394.87,395.0,393.405,8344.0,0.0
MSFT,2026-03-13 19:45:00,394.885,394.895,395.25,393.39,11036.0,0.0
MSFT,2026-03-13 19:50:00,395.03,395.005,395.69,393.545,7328.0,0.0
MSFT,2026-03-13 19:55:00,395.03,395.53,395.85,394.91,18512.0,0.0
MSFT,2026-03-16 13:30:00,397.91,396.215,397.92,395.82,19057.0,0.0
MSFT,2026-03-16 13:35:00,396.215,396.015,397.05,395.44,8528.0,0.0
MSFT,2026-03-16 13:40:00,395.935,395.655,396.41,395.41,4896.0,0.0
MSFT,2026-03-16 13:45:00,395.86,396.235,396.78,395.79,6178.0,0.0
MSFT,2026-03-16 13:50:00,395.985,395.015,396.12,394.975,3505.0,0.0
MSFT,2026-03-16 13:55:00,394.97,395.27,395.705,394.015,9322.0,0.0
MSFT,2026-03-16 14:00:00,395.33,395.745,396.185,394.835,7316.0,0.0
MSFT,2026-03-16 14:05:00,395.775,396.745,396.83,395.235,6419.0,0.0
MSFT,2026-03-16 14:10:00,396.585,397.185,397.365,396.565,3978.0,0.0
MSFT,2026-03-16 14:15:00,397.015,397.57,397.81,396.41,5326.0,0.0
MSFT,2026-03-16 14:20:00,397.56,397.705,398.01,396.395,4060.0,0.0
MSFT,2026-03-16 14:25:00,397.71,397.31,397.845,396.335,5199.0,0.0
MSFT,2026-03-16 14:30:00,397.325,397.16,397.52,397.03,3271.0,0.0
MSFT,2026-03-16 14:35:00,397.17,397.04,397.8,396.51,2625.0,0.0
MSFT,2026-03-16 14:40:00,396.955,397.23,397.525,396.955,3478.0,0.0
MSFT,2026-03-16 14:45:00,397.25,396.895,397.67,396.86,1400.0,0.0
MSFT,2026-03-16 14:50:00,396.795,397.21,397.21,396.18,2894.0,0.0
MSFT,2026-03-16 14:55:00,397.115,397.89,397.89,396.065,4078.0,0.0
MSFT,2026-03-16 15:00:00,397.87,396.77,397.905,396.705,4327.0,0.0
MSFT,2026-03-16 15:05:00,396.6,397.15,397.15,395.815,4327.0,0.0
MSFT,2026-03-16 15:10:00,397.175,397.62,397.69,395.97,3941.0,0.0
MSFT,2026-03-16 15:15:00,397.62,397.425,397.62,396.14,5830.0,0.0
MSFT,2026-03-16 15:20:00,397.375,397.89,398.02,397.355,6699.0,0.0
MSFT,2026-03-16 15:25:00,397.93,397.635,397.93,397.415,3611.0,0.0
MSFT,2026-03-16 15:30:00,397.69,398.21,398.35,397.66,4493.0,0.0
MSFT,2026-03-16 15:35:00,398.215,398.27,398.53,398.19,3740.0,0.0
MSFT,2026-03-16 15:40:00,398.22,398.26,398.38,396.625,1938.0,0.0
MSFT,2026-03-16 15:45:00,398.305,398.29,398.44,398.18,2937.0,0.0
MSFT,2026-03-16 15:50:00,398.285,398.555,398.665,396.62,4521.0,0.0
MSFT,2026-03-16 15:55:00,398.555,398.245,398.67,398.11,5567.0,0.0
MSFT,2026-03-16 16:00:00,398.27,398.33,398.79,398.21,3642.0,0.0
MSFT,2026-03-16 16:05:00,398.27,398.485,398.755,398.265,4747.0,0.0
MSFT,2026-03-16 16:10:00,398.475,399.195,399.285,398.475,4776.0,0.0
MSFT,2026-03-16 16:15:00,399.195,399.075,399.61,399.06,4197.0,0.0
MSFT,2026-03-16 16:20:00,399.06,398.22,399.19,396.76,3671.0,0.0
MSFT,2026-03-16 16:25:00,398.2,397.955,398.24,397.84,4111.0,0.0
MSFT,2026-03-16 16:30:00,397.915,398.24,398.295,397.69,3018.0,0.0
MSFT,2026-03-16 16:35:00,398.295,398.74,400.265,398.295,4755.0,0.0
MSFT,2026-03-16 16:40:00,398.66,399.115,399.325,398.55,3668.0,0.0
MSFT,2026-03-16 16:45:00,399.12,399.07,399.195,398.82,5517.0,0.0
MSFT,2026-03-16 16:50:00,399.025,399.15,399.41,398.775,6186.0,0.0
MSFT,2026-03-16 16:55:00,399.16,398.94,399.255,398.84,5605.0,0.0
MSFT,2026-03-16 17:00:00,399.03,398.845,400.495,398.81,5935.0,0.0
MSFT,2026-03-16 17:05:00,398.84,398.98,399.27,398.82,2853.0,0.0
MSFT,2026-03-16 17:10:00,398.98,399.3,399.525,398.92,2917.0,0.0
MSFT,2026-03-16 17:15:00,399.24,399.06,399.33,398.93,5839.0,0.0
MSFT,2026-03-16 17:20:00,399.06,399.225,399.36,399.04,21432.0,0.0
MSFT,2026-03-16 17:25:00,399.21,398.715,399.45,398.625,9493.0,0.0
MSFT,2026-03-16 17:30:00,398.815,398.46,399.865,398.31,3893.0,0.0
MSFT,2026-03-16 17:35:00,398.47,398.58,398.825,398.455,10958.0,0.0
MSFT,2026-03-16 17:40:00,398.62,398.46,398.71,398.45,5056.0,0.0
MSFT,2026-03-16 17:45:00,398.625,398.095,398.76,397.865,10265.0,0.0
MSFT,2026-03-16 17:50:00,398.05,398.16,398.2,397.66,6280.0,0.0
MSFT,2026-03-16 17:55:00,398.16,398.21,398.49,398.005,6048.0,0.0
MSFT,2026-03-16 18:00:00,398.2,398.605,398.765,398.01,15316.0,0.0
MSFT,2026-03-16 18:05:00,398.76,399.0,399.09,398.51,11606.0,0.0
MSFT,2026-03-16 18:10:00,398.955,399.005,399.165,397.535,8493.0,0.0
MSFT,2026-03-16 18:15:00,399.13,399.325,399.475,399.07,12704.0,0.0
MSFT,2026-03-16 18:20:00,399.32,399.07,399.32,398.98,12288.0,0.0
MSFT,2026-03-16 18:25:00,399.08,398.815,400.505,398.785,7339.0,0.0
MSFT,2026-03-16 18:30:00,398.815,399.5,400.47,398.68,13757.0,0.0
MSFT,2026-03-16 18:35:00,399.495,400.445,400.6,399.29,13407.0,0.0
MSFT,2026-03-16 18:40:00,400.445,400.44,401.075,399.99,7322.0,0.0
MSFT,2026-03-16 18:45:00,400.47,400.1,400.47,400.025,5188.0,0.0
MSFT,2026-03-16 18:50:00,400.135,400.035,401.01,399.83,5304.0,0.0
MSFT,2026-03-16 18:55:00,400.02,400.12,400.535,399.87,6491.0,0.0
MSFT,2026-03-16 19:00:00,400.165,399.74,400.885,399.62,7507.0,0.0
MSFT,2026-03-16 19:05:00,399.7,400.005,400.01,399.31,10877.0,0.0
MSFT,2026-03-16 19:10:00,400.01,399.81,400.175,399.185,8199.0,0.0
MSFT,2026-03-16 19:15:00,399.83,399.255,400.24,399.19,9424.0,0.0
MSFT,2026-03-16 19:20:00,399.23,399.11,399.54,399.0,9056.0,0.0
MSFT,2026-03-16 19:25:00,399.115,399.78,400.485,398.95,10857.0,0.0
MSFT,2026-03-16 19:30:00,399.825,399.43,400.025,399.325,5937.0,0.0
MSFT,2026-03-16 19:35:00,399.52,399.06,400.56,399.055,12065.0,0.0
MSFT,2026-03-16 19:40:00,399.06,399.065,399.36,398.705,7148.0,0.0
MSFT,2026-03-16 19:45:00,399.035,399.555,399.64,399.035,11645.0,0.0
MSFT,2026-03-16 19:50:00,399.56,399.3,399.9,399.215,11798.0,0.0
MSFT,2026-03-16 19:55:00,399.285,399.82,400.885,399.09,22851.0,0.0
MSFT,2026-03-17 13:30:00,400.135,402.01,402.43,399.19,26591.0,0.0
MSFT,2026-03-17 13:35:00,402.02,402.03,402.265,401.28,29607.0,0.0
MSFT,2026-03-17 13:40:00,401.98,401.65,402.5,401.45,2965.0,0.0
MSFT,2026-03-17 13:45:00,401.605,403.79,403.9,401.59,9003.0,0.0
MSFT,2026-03-17 13:50:00,403.76,403.07,404.29,401.765,13399.0,0.0
MSFT,2026-03-17 13:55:00,403.035,401.79,403.12,400.515,8118.0,0.0
MSFT,2026-03-17 14:00:00,401.825,401.24,402.045,401.24,8276.0,0.0
MSFT,2026-03-17 14:05:00,401.25,401.13,401.555,399.455,18164.0,0.0
MSFT,2026-03-17 14:10:00,400.98,399.615,401.07,399.615,18686.0,0.0
MSFT,2026-03-17 14:15:00,399.61,399.49,399.61,398.495,12488.0,0.0
MSFT,2026-03-17 14:20:00,399.49,400.38,400.405,399.455,5201.0,0.0
MSFT,2026-03-17 14:25:00,400.385,400.35,400.695,399.885,3231.0,0.0
MSFT,2026-03-17 14:30:00,400.33,400.325,400.625,399.84,5683.0,0.0
MSFT,2026-03-17 14:35:00,400.275,399.41,400.5,399.24,6424.0,0.0
MSFT,2026-03-17 14:40:00,399.48,399.645,399.67,398.65,16433.0,0.0
MSFT,2026-03-17 14:45:00,399.625,399.43,399.69,398.84,5958.0,0.0
MSFT,2026-03-17 14:50:00,399.42,399.78,400.0,398.845,18171.0,0.0
MSFT,2026-03-17 14:55:00,399.78,399.85,400.19,399.08,13510.0,0.0
MSFT,2026-03-17 15:00:00,399.82,399.04,400.305,398.835,20110.0,0.0
MSFT,2026-03-17 15:05:00,399.06,398.715,399.185,398.49,12914.0,0.0
MSFT,2026-03-17 15:10:00,398.72,398.68,399.11,398.5,4203.0,0.0
MSFT,2026-03-17 15:15:00,398.68,399.31,399.39,398.59,7163.0,0.0
MSFT,2026-03-17 15:20:00,399.315,398.96,399.515,398.5,4986.0,0.0
MSFT,2026-03-17 15:25:00,398.945,399.09,399.665,398.485,10479.0,0.0
MSFT,2026-03-17 15:30:00,399.085,398.155,399.98,398.13,5183.0,0.0
MSFT,2026-03-17 15:35:00,398.165,398.065,398.62,397.76,13514.0,0.0
MSFT,2026-03-17 15:40:00,398.035,398.64,398.785,397.615,13136.0,0.0
MSFT,2026-03-17 15:45:00,398.59,398.41,398.785,398.245,5259.0,0.0
MSFT,2026-03-17 15:50:00,398.39,399.105,399.14,398.39,7298.0,0.0
MSFT,2026-03-17 15:55:00,399.01,398.85,399.195,398.76,2534.0,0.0
MSFT,2026-03-17 16:00:00,398.9,398.585,399.07,398.16,2924.0,0.0
MSFT,2026-03-17 16:05:00,398.56,398.505,398.815,398.11,4595.0,0.0
MSFT,2026-03-17 16:10:00,398.505,398.08,398.73,398.065,1517.0,0.0
MSFT,2026-03-17 16:15:00,398.135,398.84,398.87,398.075,3629.0,0.0
MSFT,2026-03-17 16:20:00,398.92,398.85,399.76,398.79,1576.0,0.0
MSFT,2026-03-17 16:25:00,398.805,398.55,398.89,398.43,4208.0,0.0
MSFT,2026-03-17 16:30:00,398.565,398.97,399.07,398.3,15325.0,0.0
MSFT,2026-03-17 16:35:00,398.955,398.865,399.25,398.505,3268.0,0.0
MSFT,2026-03-17 16:40:00,398.845,399.955,400.09,398.65,8588.0,0.0
MSFT,2026-03-17 16:45:00,399.89,399.895,400.03,398.85,3784.0,0.0
MSFT,2026-03-17 16:50:00,399.88,399.67,400.06,398.72,4301.0,0.0
MSFT,2026-03-17 16:55:00,399.59,399.65,399.74,398.845,8757.0,0.0
MSFT,2026-03-17 17:00:00,399.68,400.07,400.415,399.68,5885.0,0.0
MSFT,2026-03-17 17:05:00,399.96,399.87,400.265,399.015,3081.0,0.0
MSFT,2026-03-17 17:10:00,399.795,399.755,399.93,398.91,4352.0,0.0
MSFT,2026-03-17 17:15:00,399.755,399.385,399.755,399.235,9912.0,0.0
MSFT,2026-03-17 17:20:00,399.405,399.71,399.755,398.795,5280.0,0.0
MSFT,2026-03-17 17:25:00,399.74,399.82,399.9,398.885,2553.0,0.0
MSFT,2026-03-17 17:30:00,399.825,399.62,399.85,398.94,1204.0,0.0
MSFT,2026-03-17 17:35:00,399.625,399.875,399.96,398.83,1720.0,0.0
MSFT,2026-03-17 17:40:00,399.885,399.4,399.89,399.33,1562.0,0.0
MSFT,2026-03-17 17:45:00,399.345,399.13,399.425,398.6,1281.0,0.0
MSFT,2026-03-17 17:50:00,399.16,399.455,399.495,398.76,2131.0,0.0
MSFT,2026-03-17 17:55:00,399.455,399.42,399.475,398.705,615.0,0.0
MSFT,2026-03-17 18:00:00,399.43,399.33,399.43,399.01,1223.0,0.0
MSFT,2026-03-17 18:05:00,399.325,399.26,399.405,399.03,988.0,0.0
MSFT,2026-03-17 18:10:00,399.27,398.915,399.415,398.84,2998.0,0.0
MSFT,2026-03-17 18:15:00,398.92,399.065,399.09,398.44,1905.0,0.0
MSFT,2026-03-17 18:20:00,399.06,398.745,399.805,398.545,2774.0,0.0
MSFT,2026-03-17 18:25:00,398.685,398.855,399.025,398.35,880.0,0.0
MSFT,2026-03-17 18:30:00,398.74,398.86,399.69,398.4,1866.0,0.0
MSFT,2026-03-17 18:35:00,398.83,398.745,398.905,398.455,4691.0,0.0
MSFT,2026-03-17 18:40:00,398.69,398.71,399.675,398.465,4670.0,0.0
MSFT,2026-03-17 18:45:00,398.715,399.06,399.255,398.395,1965.0,0.0
MSFT,2026-03-17 18:50:00,399.025,399.065,399.255,398.505,2227.0,0.0
MSFT,2026-03-17 18:55:00,399.065,398.805,399.64,398.565,17060.0,0.0
MSFT,2026-03-17 19:00:00,398.81,398.74,399.63,398.39,6882.0,0.0
MSFT,2026-03-17 19:05:00,398.76,398.935,399.625,398.315,20170.0,0.0
MSFT,2026-03-17 19:10:00,398.94,399.075,399.115,398.82,9301.0,0.0
MSFT,2026-03-17 19:15:00,399.06,399.015,399.355,399.0,8573.0,0.0
MSFT,2026-03-17 19:20:00,399.02,398.85,399.755,398.65,6226.0,0.0
MSFT,2026-03-17 19:25:00,398.83,398.825,399.025,398.64,12707.0,0.0
MSFT,2026-03-17 19:30:00,398.82,398.99,399.09,398.425,24759.0,0.0
MSFT,2026-03-17 19:35:00,398.99,398.89,399.06,398.385,3021.0,0.0
MSFT,2026-03-17 19:40:00,398.88,398.95,399.295,398.88,8377.0,0.0
MSFT,2026-03-17 19:45:00,398.98,399.4,399.54,398.675,5197.0,0.0
MSFT,2026-03-17 19:50:00,399.34,399.55,399.55,398.485,7333.0,0.0
MSFT,2026-03-17 19:55:00,399.49,399.59,399.97,399.255,16755.0,0.0
MSFT,2026-03-18 13:30:00,397.03,396.93,397.26,395.225,8646.0,0.0
MSFT,2026-03-18 13:35:00,396.9,396.92,397.89,396.83,6222.0,0.0
MSFT,2026-03-18 13:40:00,396.885,397.18,397.52,396.72,8163.0,0.0
MSFT,2026-03-18 13:45:00,397.315,397.58,397.965,396.87,8120.0,0.0
MSFT,2026-03-18 13:50:00,397.61,397.065,397.725,396.96,5578.0,0.0
MSFT,2026-03-18 13:55:00,397.05,397.92,397.99,396.835,4299.0,0.0
MSFT,2026-03-18 14:00:00,397.88,397.365,397.99,396.775,3851.0,0.0
MSFT,2026-03-18 14:05:00,397.375,397.535,397.98,397.29,3871.0,0.0
MSFT,2026-03-18 14:10:00,397.535,396.275,397.54,396.275,3115.0,0.0
MSFT,2026-03-18 14:15:00,396.37,396.19,396.66,395.98,6158.0,0.0
MSFT,2026-03-18 14:20:00,396.25,395.99,396.485,395.715,4994.0,0.0
MSFT,2026-03-18 14:25:00,395.985,394.615,396.025,394.33,5322.0,0.0
MSFT,2026-03-18 14:30:00,394.58,395.23,395.44,394.025,5389.0,0.0
MSFT,2026-03-18 14:35:00,395.235,395.19,395.625,394.18,4509.0,0.0
MSFT,2026-03-18 14:40:00,395.2,394.835,395.365,394.75,4186.0,0.0
MSFT,2026-03-18 14:45:00,394.885,394.62,395.43,394.175,3559.0,0.0
MSFT,2026-03-18 14:50:00,394.635,394.785,395.325,393.935,4433.0,0.0
MSFT,2026-03-18 14:55:00,394.97,395.145,395.33,394.75,2915.0,0.0
MSFT,2026-03-18 15:00:00,395.21,395.5,395.805,395.085,4516.0,0.0
MSFT,2026-03-18 15:05:00,395.455,395.86,395.965,395.065,4239.0,0.0
MSFT,2026-03-18 15:10:00,395.905,395.455,395.905,395.19,2525.0,0.0
MSFT,2026-03-18 15:15:00,395.47,395.155,395.59,395.06,2749.0,0.0
MSFT,2026-03-18 15:20:00,395.175,395.615,395.715,395.06,4346.0,0.0
MSFT,2026-03-18 15:25:00,395.61,395.76,396.065,395.325,3261.0,0.0
MSFT,2026-03-18 15:30:00,395.745,395.94,396.14,395.46,7459.0,0.0
MSFT,2026-03-18 15:35:00,395.96,395.55,396.09,395.37,5930.0,0.0
MSFT,2026-03-18 15:40:00,395.58,395.35,395.66,395.03,4462.0,0.0
MSFT,2026-03-18 15:45:00,395.345,395.03,395.505,394.935,3717.0,0.0
MSFT,2026-03-18 15:50:00,395.01,395.33,395.33,394.75,4916.0,0.0
MSFT,2026-03-18 15:55:00,395.34,395.03,395.625,394.22,6684.0,0.0
MSFT,2026-03-18 16:00:00,395.01,394.905,395.105,394.61,7302.0,0.0
MSFT,2026-03-18 16:05:00,394.9,394.63,395.02,394.505,4322.0,0.0
MSFT,2026-03-18 16:10:00,394.63,394.975,395.28,394.475,4628.0,0.0
MSFT,2026-03-18 16:15:00,394.975,394.69,394.985,394.3,4623.0,0.0
MSFT,2026-03-18 16:20:00,394.695,394.37,394.86,393.765,5941.0,0.0
MSFT,2026-03-18 16:25:00,394.2,393.86,394.44,393.54,7816.0,0.0
MSFT,2026-03-18 16:30:00,393.86,393.31,394.07,393.115,2671.0,0.0
MSFT,2026-03-18 16:35:00,393.19,393.37,393.56,392.925,10385.0,0.0
MSFT,2026-03-18 16:40:00,393.37,393.26,393.56,393.11,5262.0,0.0
MSFT,2026-03-18 16:45:00,393.145,393.205,393.56,393.07,2745.0,0.0
MSFT,2026-03-18 16:50:00,393.2,393.72,393.87,393.155,3769.0,0.0
MSFT,2026-03-18 16:55:00,393.73,393.415,393.79,393.25,3646.0,0.0
MSFT,2026-03-18 17:00:00,393.41,393.05,394.415,392.685,6436.0,0.0
MSFT,2026-03-18 17:05:00,393.05,392.675,393.205,391.445,8026.0,0.0
MSFT,2026-03-18 17:10:00,392.685,392.645,392.985,392.435,8980.0,0.0
MSFT,2026-03-18 17:15:00,392.705,392.625,392.875,391.39,9929.0,0.0
MSFT,2026-03-18 17:20:00,392.615,392.795,392.85,392.3,10411.0,0.0
MSFT,2026-03-18 17:25:00,392.79,392.75,393.035,391.475,5832.0,0.0
MSFT,2026-03-18 17:30:00,392.735,392.955,393.16,392.425,4203.0,0.0
MSFT,2026-03-18 17:35:00,392.975,393.54,393.675,392.915,4049.0,0.0
MSFT,2026-03-18 17:40:00,393.53,393.66,393.89,393.305,1906.0,0.0
MSFT,2026-03-18 17:45:00,393.7,393.8,394.215,393.38,3628.0,0.0
MSFT,2026-03-18 17:50:00,393.8,394.06,394.33,393.695,5379.0,0.0
MSFT,2026-03-18 17:55:00,394.065,394.37,394.87,393.66,26974.0,0.0
MSFT,2026-03-18 18:00:00,394.385,394.39,395.01,393.31,4987.0,0.0
MSFT,2026-03-18 18:05:00,394.32,393.825,394.395,393.355,4858.0,0.0
MSFT,2026-03-18 18:10:00,393.815,393.62,394.075,393.195,4697.0,0.0
MSFT,2026-03-18 18:15:00,393.625,393.22,393.635,392.93,3962.0,0.0
MSFT,2026-03-18 18:20:00,393.155,393.46,393.53,392.995,2720.0,0.0
MSFT,2026-03-18 18:25:00,393.46,393.72,393.76,393.3,2382.0,0.0
MSFT,2026-03-18 18:30:00,393.62,393.0,394.845,392.76,5192.0,0.0
MSFT,2026-03-18 18:35:00,393.015,392.79,393.46,392.735,9226.0,0.0
MSFT,2026-03-18 18:40:00,392.885,393.06,393.295,392.655,5796.0,0.0
MSFT,2026-03-18 18:45:00,393.05,392.765,393.12,392.605,5141.0,0.0
MSFT,2026-03-18 18:50:00,392.755,392.17,392.96,391.9,6399.0,0.0
MSFT,2026-03-18 18:55:00,392.175,391.915,392.48,391.59,7187.0,0.0
MSFT,2026-03-18 19:00:00,391.915,392.79,392.9,391.835,8068.0,0.0
MSFT,2026-03-18 19:05:00,392.78,392.65,392.905,392.24,3900.0,0.0
MSFT,2026-03-18 19:10:00,392.51,392.41,392.635,392.035,7002.0,0.0
MSFT,2026-03-18 19:15:00,392.41,392.365,392.71,392.065,12740.0,0.0
MSFT,2026-03-18 19:20:00,392.345,392.41,392.66,392.06,6763.0,0.0
MSFT,2026-03-18 19:25:00,392.41,392.165,392.76,392.075,4375.0,0.0
MSFT,2026-03-18 19:30:00,392.31,392.225,392.505,391.86,6210.0,0.0
MSFT,2026-03-18 19:35:00,392.23,392.105,392.555,391.89,9240.0,0.0
MSFT,2026-03-18 19:40:00,392.105,391.185,392.125,390.995,21111.0,0.0
MSFT,2026-03-18 19:45:00,391.19,391.04,391.37,390.855,21760.0,0.0
MSFT,2026-03-18 19:50:00,391.16,391.405,391.665,390.875,27170.0,0.0
MSFT,2026-03-18 19:55:00,391.25,391.79,392.27,390.955,22149.0,0.0
MSFT,2026-03-19 13:30:00,389.99,389.545,390.135,388.08,26027.0,0.0
MSFT,2026-03-19 13:35:00,389.49,390.555,390.655,389.06,10485.0,0.0
MSFT,2026-03-19 13:40:00,390.56,391.935,392.465,389.43,9712.0,0.0
MSFT,2026-03-19 13:45:00,391.675,391.25,391.915,390.365,6606.0,0.0
MSFT,2026-03-19 13:50:00,391.205,390.92,391.745,390.22,8547.0,0.0
MSFT,2026-03-19 13:55:00,390.96,390.19,390.97,390.07,9213.0,0.0
MSFT,2026-03-19 14:00:00,390.26,389.765,391.06,389.64,10590.0,0.0
MSFT,2026-03-19 14:05:00,390.005,389.345,390.52,389.125,6047.0,0.0
MSFT,2026-03-19 14:10:00,389.35,389.185,389.925,389.075,7135.0,0.0
MSFT,2026-03-19 14:15:00,389.085,388.88,389.275,388.655,4125.0,0.0
MSFT,2026-03-19 14:20:00,388.97,388.43,389.11,388.275,5992.0,0.0
MSFT,2026-03-19 14:25:00,388.455,388.79,388.97,388.29,3927.0,0.0
MSFT,2026-03-19 14:30:00,388.765,389.55,389.735,388.64,7938.0,0.0
MSFT,2026-03-19 14:35:00,389.745,389.61,390.415,389.18,7470.0,0.0
MSFT,2026-03-19 14:40:00,389.62,389.36,390.395,389.215,5797.0,0.0
MSFT,2026-03-19 14:45:00,389.515,389.665,389.77,388.825,6790.0,0.0
MSFT,2026-03-19 14:50:00,389.595,390.15,390.235,389.42,6799.0,0.0
MSFT,2026-03-19 14:55:00,390.155,390.05,390.36,389.74,6673.0,0.0
MSFT,2026-03-19 15:00:00,390.1,390.555,390.63,389.21,6508.0,0.0
MSFT,2026-03-19 15:05:00,390.62,390.675,391.075,390.395,9289.0,0.0
MSFT,2026-03-19 15:10:00,390.67,391.08,391.235,390.605,7637.0,0.0
MSFT,2026-03-19 15:15:00,391.055,389.76,391.18,389.675,7189.0,0.0
MSFT,2026-03-19 15:20:00,389.78,389.22,389.985,388.915,7061.0,0.0
MSFT,2026-03-19 15:25:00,389.225,389.34,389.46,388.945,9976.0,0.0
MSFT,2026-03-19 15:30:00,389.34,388.87,389.63,388.85,11316.0,0.0
MSFT,2026-03-19 15:35:00,388.84,389.28,389.34,388.84,7564.0,0.0
MSFT,2026-03-19 15:40:00,389.19,388.94,389.39,388.74,6735.0,0.0
MSFT,2026-03-19 15:45:00,388.935,389.08,389.16,388.655,3807.0,0.0
MSFT,2026-03-19 15:50:00,389.08,388.93,389.32,388.66,7280.0,0.0
MSFT,2026-03-19 15:55:00,389.05,389.575,389.685,388.7,6195.0,0.0
MSFT,2026-03-19 16:00:00,389.585,389.735,390.095,389.32,5483.0,0.0
MSFT,2026-03-19 16:05:00,389.565,389.85,390.115,389.095,8171.0,0.0
MSFT,2026-03-19 16:10:00,389.86,389.34,389.89,389.045,7140.0,0.0
MSFT,2026-03-19 16:15:00,389.335,389.06,389.49,388.715,6463.0,0.0
MSFT,2026-03-19 16:20:00,389.06,389.07,389.325,388.77,7176.0,0.0
MSFT,2026-03-19 16:25:00,389.05,388.98,389.29,388.81,9189.0,0.0
MSFT,2026-03-19 16:30:00,388.995,388.79,389.15,388.42,8821.0,0.0
MSFT,2026-03-19 16:35:00,388.77,389.04,389.14,388.37,5606.0,0.0
MSFT,2026-03-19 16:40:00,389.04,389.05,389.22,388.785,5697.0,0.0
MSFT,2026-03-19 16:45:00,389.045,388.74,389.065,388.645,7888.0,0.0
MSFT,2026-03-19 16:50:00,388.74,388.44,388.86,388.23,9424.0,0.0
MSFT,2026-03-19 16:55:00,388.435,388.335,388.6,388.24,7172.0,0.0
MSFT,2026-03-19 17:00:00,388.33,387.84,388.58,387.83,6221.0,0.0
MSFT,2026-03-19 17:05:00,387.835,387.605,388.0,387.45,4695.0,0.0
MSFT,2026-03-19 17:10:00,387.595,387.855,387.93,387.43,6508.0,0.0
MSFT,2026-03-19 17:15:00,387.855,388.19,388.2,387.44,5948.0,0.0
MSFT,2026-03-19 17:20:00,388.19,387.99,388.25,387.69,5131.0,0.0
MSFT,2026-03-19 17:25:00,388.03,387.925,388.125,387.73,5312.0,0.0
MSFT,2026-03-19 17:30:00,387.93,387.945,388.39,387.71,5311.0,0.0
MSFT,2026-03-19 17:35:00,387.94,387.63,387.995,387.625,5737.0,0.0
MSFT,2026-03-19 17:40:00,387.71,387.61,387.85,387.325,8318.0,0.0
MSFT,2026-03-19 17:45:00,387.6,387.585,387.915,387.48,9840.0,0.0
MSFT,2026-03-19 17:50:00,387.6,388.03,388.205,387.58,7964.0,0.0
MSFT,2026-03-19 17:55:00,388.025,387.855,388.055,387.665,5587.0,0.0
MSFT,2026-03-19 18:00:00,387.85,387.645,387.89,387.5,8723.0,0.0
MSFT,2026-03-19 18:05:00,387.65,387.995,388.105,387.48,7973.0,0.0
MSFT,2026-03-19 18:10:00,388.0,388.175,388.47,387.445,7388.0,0.0
MSFT,2026-03-19 18:15:00,388.175,388.23,388.25,387.43,6338.0,0.0
MSFT,2026-03-19 18:20:00,388.185,388.025,388.35,387.59,5713.0,0.0
MSFT,2026-03-19 18:25:00,388.025,387.64,388.185,387.56,4634.0,0.0
MSFT,2026-03-19 18:30:00,387.635,387.66,387.79,387.185,6181.0,0.0
MSFT,2026-03-19 18:35:00,387.66,387.69,387.96,387.48,4555.0,0.0
MSFT,2026-03-19 18:40:00,387.69,387.845,387.89,387.045,8633.0,0.0
MSFT,2026-03-19 18:45:00,387.865,387.57,387.875,387.445,5710.0,0.0
MSFT,2026-03-19 18:50:00,387.575,387.545,387.69,387.17,12629.0,0.0
MSFT,2026-03-19 18:55:00,387.545,388.245,388.71,387.395,8792.0,0.0
MSFT,2026-03-19 19:00:00,388.265,389.14,389.4,388.255,18572.0,0.0
MSFT,2026-03-19 19:05:00,389.145,389.4,390.44,388.745,6519.0,0.0
MSFT,2026-03-19 19:10:00,389.405,389.38,389.77,388.83,3557.0,0.0
MSFT,2026-03-19 19:15:00,389.36,389.39,390.08,388.945,12152.0,0.0
MSFT,2026-03-19 19:20:00,389.395,388.66,389.395,388.56,6578.0,0.0
MSFT,2026-03-19 19:25:00,388.67,388.45,388.825,387.675,4801.0,0.0
MSFT,2026-03-19 19:30:00,388.45,388.49,388.87,388.25,7335.0,0.0
MSFT,2026-03-19 19:35:00,388.48,388.335,388.57,387.765,14976.0,0.0
MSFT,2026-03-19 19:40:00,388.34,388.59,388.875,387.755,11540.0,0.0
MSFT,2026-03-19 19:45:00,388.59,388.185,388.75,387.72,28582.0,0.0
MSFT,2026-03-19 19:50:00,388.17,388.71,388.8,388.045,24713.0,0.0
MSFT,2026-03-19 19:55:00,388.82,388.94,389.495,388.82,21556.0,0.0
MSFT,2026-03-20 13:30:00,386.37,384.39,386.405,383.49,14934.0,0.0
MSFT,2026-03-20 13:35:00,384.1,383.785,384.805,383.585,10876.0,0.0
MSFT,2026-03-20 13:40:00,383.69,384.0,384.85,383.47,6521.0,0.0
MSFT,2026-03-20 13:45:00,383.95,383.76,384.6,383.49,7690.0,0.0
MSFT,2026-03-20 13:50:00,383.7,383.19,384.05,382.515,8696.0,0.0
MSFT,2026-03-20 13:55:00,383.2,382.82,383.46,382.28,3778.0,0.0
MSFT,2026-03-20 14:00:00,382.82,383.225,383.525,382.155,5256.0,0.0
MSFT,2026-03-20 14:05:00,383.24,383.67,383.935,383.08,4387.0,0.0
MSFT,2026-03-20 14:10:00,383.585,384.225,384.3,383.035,5679.0,0.0
MSFT,2026-03-20 14:15:00,384.215,384.71,385.05,383.15,5125.0,0.0
MSFT,2026-03-20 14:20:00,384.835,385.575,385.575,383.555,6166.0,0.0
MSFT,2026-03-20 14:25:00,385.465,385.73,385.77,384.695,6945.0,0.0
MSFT,2026-03-20 14:30:00,385.715,385.205,385.84,384.635,6639.0,0.0
MSFT,2026-03-20 14:35:00,385.305,384.36,385.355,384.33,7932.0,0.0
MSFT,2026-03-20 14:40:00,384.59,384.205,385.49,384.08,15954.0,0.0
MSFT,2026-03-20 14:45:00,384.225,384.82,385.08,384.055,10738.0,0.0
MSFT,2026-03-20 14:50:00,384.865,384.515,384.955,384.125,7732.0,0.0
MSFT,2026-03-20 14:55:00,384.345,384.275,384.875,384.12,5502.0,0.0
MSFT,2026-03-20 15:00:00,384.235,384.245,384.88,383.83,4617.0,0.0
MSFT,2026-03-20 15:05:00,384.255,383.765,384.48,383.075,5312.0,0.0
MSFT,2026-03-20 15:10:00,383.7,383.95,384.275,382.93,6864.0,0.0
MSFT,2026-03-20 15:15:00,383.975,383.54,384.16,383.26,5040.0,0.0
MSFT,2026-03-20 15:20:00,383.54,382.91,383.655,382.56,11437.0,0.0
MSFT,2026-03-20 15:25:00,382.93,383.33,383.45,382.785,4623.0,0.0
MSFT,2026-03-20 15:30:00,383.365,384.075,384.305,383.01,10370.0,0.0
MSFT,2026-03-20 15:35:00,384.015,384.04,384.305,383.28,1545.0,0.0
MSFT,2026-03-20 15:40:00,384.105,384.38,384.47,383.855,0.0,0.0
MSFT,2026-03-20 15:45:00,384.35,384.165,384.465,383.435,0.0,0.0
MSFT,2026-03-20 15:50:00,384.16,384.1,384.23,384.065,0.0,0.0
